20191202 080100;3151.25;3151.25;3150.5;3151.25;132
20191202 080200;3151.25;3152.5;3151.25;3152.5;196
20191202 080300;3152.25;3152.5;3152.25;3152.5;22
20191202 080400;3152.5;3153;3152.5;3152.5;180
20191202 080500;3152.75;3153;3152.5;3153;134
20191202 080600;3153;3153;3152.75;3153;210
20191202 080700;3153;3153.25;3153;3153.25;90
20191202 080800;3153.5;3153.75;3153.25;3153.5;75
20191202 080900;3153.5;3153.75;3153.25;3153.25;42
20191202 081000;3153.25;3153.25;3152.75;3153;99
20191202 081100;3153.25;3153.25;3152.5;3152.5;128
20191202 081200;3152.5;3152.5;3152.25;3152.25;59
20191202 081300;3152.25;3152.25;3152.25;3152.25;40
20191202 081400;3152.25;3152.75;3152;3152.5;113
20191202 081500;3152.5;3152.75;3152.25;3152.75;25
20191202 081600;3153;3153.25;3153;3153.25;91
20191202 081700;3153.25;3153.75;3153;3153.25;100
20191202 081800;3153.25;3153.25;3153.25;3153.25;29
20191202 081900;3153;3153.25;3152.75;3153;25
20191202 082000;3153;3153.75;3153;3153.75;36
20191202 082100;3153.75;3154.25;3153.5;3153.75;264
20191202 082200;3153.75;3153.75;3153.5;3153.5;22
20191202 082300;3153.5;3153.5;3153.25;3153.25;21
20191202 082400;3153.25;3153.25;3153.25;3153.25;1
20191202 082500;3153.5;3157.5;3153.5;3156.25;1424
20191202 082600;3156.5;3156.5;3155.75;3156;112
20191202 082700;3155.75;3156.25;3155.75;3155.75;110
20191202 082800;3155.75;3155.75;3155.25;3155.5;134
20191202 082900;3155.5;3156;3155.5;3155.75;98
20191202 083000;3155.75;3156;3155.5;3155.5;39
20191202 083100;3155.5;3155.5;3155;3155.5;75
20191202 083200;3155.25;3155.25;3154.75;3155;67
20191202 083300;3155;3155;3155;3155;180
20191202 083400;3154.75;3155.25;3154.75;3155;74
20191202 083500;3154.75;3155.5;3154.75;3155.5;59
20191202 083600;3155.75;3156;3155.5;3155.75;58
20191202 083700;3155.75;3155.75;3155.25;3155.5;38
20191202 083800;3155.5;3155.75;3155.5;3155.5;43
20191202 083900;3155.5;3156.5;3155.5;3156;79
20191202 084000;3156.25;3156.5;3156;3156;72
20191202 084100;3156;3156.25;3155.75;3156.25;47
20191202 084200;3156.25;3156.25;3156;3156.25;43
20191202 084300;3156.25;3156.25;3156;3156.25;15
20191202 084400;3156.25;3156.75;3156.25;3156.25;378
20191202 084500;3156.5;3157;3156.25;3156.25;41
20191202 084600;3156.5;3157.25;3156.5;3156.75;138
20191202 084700;3156.75;3156.75;3156.5;3156.75;65
20191202 084800;3156.75;3156.75;3156.75;3156.75;33
20191202 084900;3157;3157;3156.75;3156.75;14
20191202 085000;3156.75;3157;3156.75;3156.75;62
20191202 085100;3157;3157;3156.25;3156.25;64
20191202 085200;3156.25;3156.25;3156;3156.25;50
20191202 085300;3156.5;3156.75;3156.5;3156.5;78
20191202 085400;3156.75;3157.75;3156.5;3157.5;457
20191202 085500;3157.25;3157.25;3156.75;3157;41
20191202 085600;3156.75;3157.25;3156.75;3156.75;61
20191202 085700;3156.75;3156.75;3156.5;3156.5;28
20191202 085800;3156.5;3156.5;3156;3156.5;97
20191202 085900;3156.5;3156.75;3156.25;3156.25;52
20191202 090000;3156.5;3156.5;3156.25;3156.25;18
20191202 090100;3156.5;3156.75;3156.5;3156.75;89
20191202 090200;3156.75;3156.75;3156.75;3156.75;52
20191202 090300;3156.75;3157;3156.75;3156.75;17
20191202 090400;3156.75;3156.75;3156.5;3156.75;75
20191202 090500;3156.75;3156.75;3156;3156.25;255
20191202 090600;3156.25;3156.5;3155.5;3155.75;111
20191202 090700;3156;3156.25;3155.75;3156.25;40
20191202 090800;3156.25;3156.25;3155.75;3155.75;48
20191202 090900;3156;3156;3155.75;3155.75;16
20191202 091000;3155.75;3155.75;3155.75;3155.75;33
20191202 091100;3156;3156.25;3155.75;3156.25;102
20191202 091200;3156;3156.25;3156;3156;149
20191202 091300;3156.25;3156.25;3156.25;3156.25;24
20191202 091400;3156.25;3156.5;3156;3156.25;63
20191202 091500;3156.25;3156.25;3156;3156;26
20191202 091600;3156.25;3156.25;3156;3156;87
20191202 091700;3156.25;3156.25;3156.25;3156.25;50
20191202 091800;3156.25;3156.25;3156.25;3156.25;44
20191202 091900;3156;3156.25;3155.5;3155.75;58
20191202 092000;3155.5;3156;3155.5;3155.75;77
20191202 092100;3155.75;3156;3155.75;3156;23
20191202 092200;3156;3156;3155.25;3155.25;40
20191202 092300;3155.25;3155.5;3155.25;3155.25;63
20191202 092400;3155.25;3155.5;3155.25;3155.5;35
20191202 092500;3155.5;3155.5;3155.25;3155.25;4
20191202 092600;3155.25;3155.5;3155.25;3155.5;13
20191202 092700;3155.25;3155.5;3155.25;3155.25;43
20191202 092800;3155;3155;3154.75;3154.75;108
20191202 092900;3155;3155.25;3154.75;3155;40
20191202 093000;3155;3155;3155;3155;23
20191202 093100;3155.25;3155.25;3155;3155;20
20191202 093200;3155;3155.5;3155;3155.25;70
20191202 093300;3155.5;3155.5;3155.5;3155.5;6
20191202 093400;3155.5;3155.5;3155.25;3155.25;6
20191202 093500;3155.25;3155.25;3154.75;3155.25;69
20191202 093600;3155.5;3155.5;3155.25;3155.25;20
20191202 093700;3155.25;3155.25;3155;3155.25;57
20191202 093800;3155.5;3155.5;3155.25;3155.5;60
20191202 093900;3155.5;3155.5;3155;3155;19
20191202 094000;3155.25;3155.5;3155.25;3155.25;55
20191202 094100;3155.25;3155.5;3155.25;3155.5;3
20191202 094200;3155.5;3155.5;3155.25;3155.25;17
20191202 094300;3155.25;3155.25;3154.25;3154.5;189
20191202 094400;3154.25;3154.5;3154.25;3154.5;44
20191202 094500;3154.25;3154.5;3154.25;3154.5;49
20191202 094600;3154.25;3154.25;3154.25;3154.25;25
20191202 094700;3154.25;3154.25;3154;3154.25;66
20191202 094800;3154.25;3154.5;3154.25;3154.5;12
20191202 094900;3154.25;3154.5;3154.25;3154.5;14
20191202 095000;3154.75;3154.75;3154.5;3154.5;4
20191202 095100;3154.5;3154.75;3154.5;3154.5;15
20191202 095200;3154.25;3154.25;3154.25;3154.25;1
20191202 095300;3154.5;3154.5;3154.5;3154.5;8
20191202 095400;3154.25;3154.25;3153.75;3154;46
20191202 095500;3154;3154.5;3154;3154.5;90
20191202 095600;3154.5;3154.5;3154;3154;31
20191202 095700;3154.25;3154.25;3154;3154;41
20191202 095800;3154;3154.25;3154;3154.25;39
20191202 095900;3154.25;3154.5;3154.25;3154.5;64
20191202 100000;3154.5;3155;3154.25;3154.75;96
20191202 100100;3154.75;3154.75;3154.75;3154.75;11
20191202 100200;3154.5;3154.5;3154.5;3154.5;50
20191202 100300;3154.5;3154.5;3154.5;3154.5;14
20191202 100400;3154.5;3154.5;3154.5;3154.5;43
20191202 100500;3154.5;3154.75;3154.5;3154.75;15
20191202 100600;3154.5;3154.75;3154.5;3154.75;45
20191202 100700;3154.5;3154.75;3154.5;3154.75;11
20191202 100800;3154.5;3154.5;3154.5;3154.5;1
20191202 100900;3154.5;3154.5;3154.5;3154.5;41
20191202 101000;3154.75;3154.75;3154.75;3154.75;30
20191202 101200;3155;3155.25;3155;3155.25;71
20191202 101300;3155.5;3155.75;3155.5;3155.75;72
20191202 101400;3155.5;3156;3155.5;3155.5;147
20191202 101500;3155.5;3155.75;3155.5;3155.75;14
20191202 101600;3155.75;3155.75;3155.25;3155.25;18
20191202 101700;3155.25;3155.25;3155.25;3155.25;3
20191202 101800;3155.5;3155.5;3155.25;3155.25;13
20191202 101900;3155.5;3155.5;3155.5;3155.5;1
20191202 102000;3155.5;3155.5;3155.5;3155.5;1
20191202 102100;3155.5;3155.75;3155.5;3155.75;35
20191202 102200;3155.75;3155.75;3155.75;3155.75;38
20191202 102300;3156;3156.5;3156;3156;102
20191202 102400;3156.25;3156.5;3156.25;3156.5;96
20191202 102500;3156.5;3156.5;3156.25;3156.25;53
20191202 102600;3156.25;3156.75;3156.25;3156.25;66
20191202 102700;3156.25;3156.5;3156.25;3156.25;26
20191202 102800;3156.25;3156.5;3156.25;3156.5;49
20191202 102900;3156.25;3156.5;3156.25;3156.25;14
20191202 103000;3156.25;3156.5;3156.25;3156.5;36
20191202 103100;3156.25;3156.5;3156;3156;104
20191202 103200;3156;3156.25;3156;3156;48
20191202 103300;3156;3156;3156;3156;45
20191202 103400;3156.25;3156.25;3156.25;3156.25;17
20191202 103500;3156.25;3156.25;3156;3156;18
20191202 103600;3156.25;3156.25;3156.25;3156.25;14
20191202 103700;3156.25;3156.25;3156.25;3156.25;15
20191202 103800;3156.25;3156.25;3155.75;3155.75;38
20191202 103900;3155.75;3155.75;3155.75;3155.75;2
20191202 104000;3155.75;3155.75;3155.75;3155.75;2
20191202 104100;3155.75;3156;3155.75;3155.75;34
20191202 104200;3155.75;3155.75;3155.75;3155.75;29
20191202 104300;3155.5;3155.5;3155.5;3155.5;31
20191202 104400;3155.25;3155.5;3155.25;3155.5;62
20191202 104500;3155.5;3155.5;3155.5;3155.5;4
20191202 104600;3155.75;3155.75;3155.5;3155.5;48
20191202 104800;3155.25;3155.25;3154.75;3155;97
20191202 104900;3155;3155;3155;3155;28
20191202 105000;3155;3155;3155;3155;25
20191202 105100;3155;3155.25;3155;3155;37
20191202 105200;3155.25;3155.25;3155;3155;19
20191202 105300;3155.25;3155.25;3155;3155;56
20191202 105400;3155;3155.25;3155;3155;39
20191202 105500;3155;3155.25;3154.75;3155.25;20
20191202 105600;3155.25;3155.25;3155.25;3155.25;29
20191202 105700;3155.25;3155.25;3155;3155;17
20191202 105800;3155.25;3155.25;3155;3155;26
20191202 110000;3155;3155;3154.25;3154.25;74
20191202 110100;3154.25;3154.5;3151.25;3153;768
20191202 110200;3153;3153.5;3152.75;3153.25;76
20191202 110300;3153.5;3153.75;3153.25;3153.75;50
20191202 110400;3153.75;3153.75;3153.5;3153.5;44
20191202 110500;3153.5;3153.75;3153;3153;73
20191202 110600;3153.25;3153.25;3153.25;3153.25;27
20191202 110700;3153;3153;3152.5;3152.5;102
20191202 110800;3152.5;3152.75;3152.25;3152.75;98
20191202 110900;3152.25;3152.5;3152;3152;54
20191202 111000;3152.25;3152.5;3152.25;3152.5;47
20191202 111100;3152.5;3152.75;3152.25;3152.5;80
20191202 111200;3152.75;3152.75;3152.5;3152.5;12
20191202 111300;3152.25;3152.25;3151.5;3152;139
20191202 111400;3151.75;3152;3151.5;3151.75;153
20191202 111500;3151.5;3151.5;3150.75;3150.75;146
20191202 111600;3150.75;3151;3149.5;3150;375
20191202 111700;3149.75;3150.25;3149.25;3150.25;248
20191202 111800;3150;3150.5;3150;3150.25;137
20191202 111900;3150.25;3150.25;3149.75;3150;106
20191202 112000;3150.25;3150.25;3150.25;3150.25;14
20191202 112100;3150.5;3150.5;3149.75;3150.5;61
20191202 112200;3150.25;3150.5;3150;3150.5;89
20191202 112300;3150.5;3150.5;3150.5;3150.5;159
20191202 112400;3150.5;3150.5;3150.5;3150.5;37
20191202 112500;3150.5;3150.5;3150.25;3150.25;28
20191202 112600;3150.5;3150.75;3150.5;3150.75;42
20191202 112700;3150.75;3150.75;3150.5;3150.75;28
20191202 112800;3150.5;3150.5;3150.25;3150.25;46
20191202 112900;3150.25;3150.75;3150.25;3150.75;29
20191202 113000;3150.5;3151;3150.5;3151;28
20191202 113100;3150.75;3151;3150.75;3150.75;64
20191202 113200;3150.5;3150.5;3150;3150;80
20191202 113300;3150;3150.25;3149.25;3149.25;102
20191202 113400;3149.25;3149.25;3148.25;3148.75;298
20191202 113500;3148.5;3148.5;3147.75;3147.75;334
20191202 113600;3147.75;3148.25;3147.5;3148;295
20191202 113700;3147.75;3147.75;3146.75;3146.75;309
20191202 113800;3147;3147.75;3147;3147;223
20191202 113900;3147;3147.25;3146.25;3147.25;292
20191202 114000;3147;3147.25;3146.75;3147.25;216
20191202 114100;3147.25;3147.5;3147.25;3147.25;205
20191202 114200;3147.5;3148.25;3147.25;3148.25;142
20191202 114300;3148.25;3148.25;3148;3148;83
20191202 114400;3148.25;3148.25;3148;3148.25;71
20191202 114500;3148;3148.25;3147.5;3147.5;140
20191202 114600;3147.5;3147.75;3147.5;3147.5;53
20191202 114700;3147.75;3148;3147.5;3147.75;71
20191202 114800;3147.75;3148.25;3147.5;3148.25;110
20191202 114900;3148;3149.25;3148;3148.75;298
20191202 115000;3148.75;3149;3148.5;3149;64
20191202 115100;3148.75;3149;3148.25;3148.25;115
20191202 115200;3148.25;3148.25;3148;3148.25;50
20191202 115300;3148.25;3148.25;3148;3148;9
20191202 115400;3148;3148.25;3147.75;3148;76
20191202 115500;3148;3148;3148;3148;15
20191202 115600;3147.75;3148;3147.75;3148;16
20191202 115700;3148;3149;3148;3149;108
20191202 115800;3148.75;3148.75;3148.5;3148.75;61
20191202 115900;3148.75;3149;3148.75;3148.75;59
20191202 120000;3148.75;3148.75;3148.5;3148.5;3
20191202 120100;3148.5;3148.75;3148;3148.5;147
20191202 120200;3148.25;3148.25;3148.25;3148.25;65
20191202 120300;3148.25;3148.25;3148.25;3148.25;69
20191202 120400;3148;3148.25;3148;3148;15
20191202 120500;3148.25;3148.75;3148;3148.25;82
20191202 120600;3148;3148.25;3148;3148.25;28
20191202 120700;3148.5;3148.5;3148.25;3148.25;15
20191202 120800;3148.25;3148.5;3148;3148.5;71
20191202 120900;3148.25;3148.75;3148.25;3148.5;36
20191202 121000;3148.5;3148.75;3148.5;3148.75;14
20191202 121100;3148.5;3148.75;3148.5;3148.75;39
20191202 121200;3148.75;3148.75;3148.5;3148.75;36
20191202 121300;3148.75;3149;3148.5;3148.5;55
20191202 121400;3148.5;3148.5;3148.25;3148.25;41
20191202 121500;3148.25;3148.5;3148.25;3148.5;14
20191202 121600;3148.5;3148.75;3148.5;3148.75;31
20191202 121700;3148.75;3148.75;3148.5;3148.5;20
20191202 121800;3148.5;3148.5;3148.5;3148.5;41
20191202 121900;3148.5;3148.5;3148.25;3148.5;7
20191202 122000;3148.5;3148.75;3148.5;3148.75;141
20191202 122100;3148.75;3148.75;3148.5;3148.5;25
20191202 122200;3148.75;3148.75;3148.75;3148.75;3
20191202 122300;3148.5;3148.5;3147.25;3147.5;257
20191202 122400;3147.5;3147.5;3146.5;3147.25;328
20191202 122500;3147.25;3148.5;3147.25;3148.25;146
20191202 122600;3148;3148;3147.5;3148;139
20191202 122700;3148;3148;3147.75;3147.75;43
20191202 122800;3147.75;3148.25;3147.75;3148;115
20191202 122900;3148.25;3148.5;3148;3148;40
20191202 123000;3148.25;3148.25;3148;3148;19
20191202 123100;3148;3148.25;3148;3148;5
20191202 123200;3148.25;3148.5;3148.25;3148.5;16
20191202 123300;3148.5;3148.75;3148.5;3148.5;110
20191202 123400;3148.75;3148.75;3148.5;3148.5;29
20191202 123500;3148.5;3148.5;3148.25;3148.5;127
20191202 123600;3148.5;3148.75;3148.5;3148.5;25
20191202 123700;3148.5;3148.5;3148.25;3148.25;44
20191202 123800;3148.25;3148.5;3148.25;3148.25;28
20191202 123900;3148.25;3148.5;3148.25;3148.5;20
20191202 124000;3148.5;3148.5;3147.75;3147.75;53
20191202 124100;3147.75;3148;3147;3147.75;233
20191202 124200;3148;3148.5;3148;3148.25;90
20191202 124300;3148.5;3148.5;3148.25;3148.25;63
20191202 124400;3148.25;3148.5;3148.25;3148.5;67
20191202 124500;3148.25;3148.5;3148;3148.5;115
20191202 124600;3148.25;3148.25;3148;3148;30
20191202 124700;3148.25;3148.25;3148.25;3148.25;61
20191202 124800;3148.5;3148.5;3148.25;3148.5;18
20191202 124900;3148.25;3148.5;3148;3148.25;28
20191202 125000;3148.25;3148.25;3148;3148;8
20191202 125100;3148.25;3148.5;3148.25;3148.5;89
20191202 125200;3148.5;3148.5;3148.5;3148.5;64
20191202 125300;3148.5;3148.75;3148.5;3148.75;33
20191202 125400;3148.5;3148.5;3148;3148;65
20191202 125500;3148.25;3148.5;3148.25;3148.5;57
20191202 125600;3148.5;3148.75;3148.5;3148.5;55
20191202 125700;3148.5;3149.25;3148.5;3149;126
20191202 125800;3149;3149.25;3149;3149;90
20191202 125900;3149;3149.25;3148.75;3148.75;111
20191202 130000;3148.5;3148.75;3148.5;3148.75;75
20191202 130100;3148.75;3148.75;3148.25;3148.25;183
20191202 130200;3148;3148.25;3148;3148.25;47
20191202 130300;3148.25;3148.5;3148;3148.5;108
20191202 130400;3148.5;3148.5;3148.25;3148.25;3
20191202 130500;3148;3148;3148;3148;19
20191202 130600;3148.25;3148.25;3148.25;3148.25;22
20191202 130700;3148.25;3148.25;3148;3148;55
20191202 130800;3148;3148.25;3148;3148;12
20191202 130900;3148;3148;3147.5;3147.75;85
20191202 131000;3147.75;3148;3147.75;3148;56
20191202 131100;3148;3148.25;3147.75;3148.25;66
20191202 131200;3148.25;3148.25;3147.5;3147.75;96
20191202 131300;3147.75;3148;3147.75;3148;67
20191202 131400;3147.75;3147.75;3147.5;3147.75;38
20191202 131500;3147.75;3148;3147.75;3148;9
20191202 131600;3148;3148;3146;3146.25;398
20191202 131700;3146;3146.5;3145.5;3145.5;240
20191202 131800;3145.5;3145.75;3145;3145.5;287
20191202 131900;3145.75;3146;3145.5;3145.5;109
20191202 132000;3145.5;3146.75;3145.5;3146.5;208
20191202 132100;3146.5;3146.75;3146.5;3146.75;112
20191202 132200;3146.5;3146.5;3146.25;3146.25;69
20191202 132300;3146;3146.25;3145.75;3145.75;90
20191202 132400;3145.75;3146;3145.5;3146;98
20191202 132500;3145.75;3146.25;3145.5;3145.75;125
20191202 132600;3145.75;3146;3145.5;3145.5;85
20191202 132700;3145.5;3145.75;3145.5;3145.75;50
20191202 132800;3145.75;3146;3145.5;3145.5;77
20191202 132900;3145.75;3146.25;3145.75;3146.25;117
20191202 133000;3146.25;3146.5;3146;3146.25;119
20191202 133100;3146.25;3146.25;3145.5;3145.5;87
20191202 133200;3145.25;3145.25;3144.5;3144.75;267
20191202 133300;3145;3145;3144;3144.25;209
20191202 133400;3144;3144.5;3143.5;3143.75;248
20191202 133500;3144;3144.5;3143.75;3144;100
20191202 133600;3144;3144.5;3144;3144.5;102
20191202 133700;3144.25;3144.5;3144.25;3144.5;62
20191202 133800;3144.5;3145;3144.5;3145;50
20191202 133900;3145;3145.25;3144.75;3144.75;146
20191202 134000;3144.5;3144.75;3144.25;3144.75;25
20191202 134100;3145;3145;3144.75;3144.75;83
20191202 134200;3145;3145;3144;3144.75;81
20191202 134300;3144.5;3144.75;3144.5;3144.5;27
20191202 134400;3144.5;3144.75;3144.25;3144.25;56
20191202 134500;3144;3144.5;3143.75;3144.25;119
20191202 134600;3144.25;3144.5;3143.5;3143.75;149
20191202 134700;3143.75;3144.25;3143.5;3143.75;201
20191202 134800;3143.75;3144;3143.5;3144;30
20191202 134900;3144;3145;3144;3145;176
20191202 135000;3145;3145;3144.75;3145;148
20191202 135100;3145;3145.5;3145;3145.25;210
20191202 135200;3145.25;3145.25;3145;3145.25;50
20191202 135300;3145.25;3145.25;3145.25;3145.25;47
20191202 135400;3145;3145.5;3145;3145.5;73
20191202 135500;3145.5;3145.75;3145.25;3145.75;164
20191202 135600;3145.75;3146.25;3145.75;3146.25;147
20191202 135700;3146.25;3146.75;3146.25;3146.5;181
20191202 135800;3146.5;3146.5;3146.25;3146.5;68
20191202 135900;3146.25;3146.5;3146.25;3146.5;92
20191202 140000;3146.25;3146.5;3146.25;3146.5;39
20191202 140100;3146.25;3146.5;3146;3146.5;149
20191202 140200;3146.25;3146.5;3145.5;3145.75;172
20191202 140300;3145.5;3146;3145.5;3146;128
20191202 140400;3146;3146;3145.5;3145.75;48
20191202 140500;3145.75;3145.75;3145.25;3145.5;82
20191202 140600;3145.75;3146;3145.5;3146;94
20191202 140700;3145.75;3146;3145.75;3146;39
20191202 140800;3145.75;3146.5;3145.75;3146.5;119
20191202 140900;3146.25;3146.5;3146.25;3146.25;54
20191202 141000;3146.25;3146.75;3146.25;3146.75;79
20191202 141100;3146.5;3147;3146.5;3147;160
20191202 141200;3147;3147;3146.75;3147;10
20191202 141300;3146.75;3147.25;3146.75;3147.25;159
20191202 141400;3147;3147.25;3147;3147;19
20191202 141500;3147;3147.25;3146.75;3146.75;145
20191202 141600;3146.75;3146.75;3146.5;3146.5;79
20191202 141700;3146.25;3146.5;3146.25;3146.5;60
20191202 141800;3146.5;3146.5;3146.25;3146.5;50
20191202 141900;3146.25;3146.5;3146.25;3146.25;53
20191202 142000;3146.25;3146.25;3146.25;3146.25;28
20191202 142100;3146.5;3146.5;3146.25;3146.25;64
20191202 142200;3146.25;3146.5;3146.25;3146.5;79
20191202 142300;3146.5;3146.75;3146.5;3146.5;62
20191202 142400;3146.25;3146.25;3146.25;3146.25;34
20191202 142500;3146.25;3146.5;3146;3146.5;108
20191202 142600;3146.25;3146.5;3145.75;3145.75;106
20191202 142700;3146;3146.25;3145.75;3146.25;231
20191202 142800;3146.25;3146.25;3146;3146;88
20191202 142900;3146;3146;3144.5;3144.75;373
20191202 143000;3145;3145.5;3144.5;3144.75;372
20191202 143100;3144.75;3145.25;3142.5;3143;2016
20191202 143200;3143;3143;3142;3142;992
20191202 143300;3142;3142.5;3141;3141.75;1528
20191202 143400;3141.5;3141.75;3140.5;3140.75;1766
20191202 143500;3141;3141.75;3140.25;3140.75;1689
20191202 143600;3140.75;3141;3140;3140.5;749
20191202 143700;3140.25;3140.75;3137.75;3139.5;2651
20191202 143800;3139.75;3140.25;3139;3139.5;999
20191202 143900;3139.25;3139.25;3137;3137.25;1466
20191202 144000;3137.25;3137.5;3134;3134.75;4408
20191202 144100;3134.75;3134.75;3131.25;3132.75;3741
20191202 144200;3133;3134.5;3132.75;3133.5;1337
20191202 144300;3133.75;3135;3133;3134.75;1199
20191202 144400;3134.75;3135.75;3134.5;3134.75;898
20191202 144500;3134.5;3134.75;3134;3134.25;516
20191202 144600;3134.25;3136;3133.25;3135.5;1068
20191202 144700;3135.5;3135.75;3134.5;3134.75;736
20191202 144800;3134.5;3134.75;3133;3133.5;1145
20191202 144900;3133.75;3134.75;3133.5;3134.5;497
20191202 145000;3134.25;3134.5;3132.75;3133.25;796
20191202 145100;3133.75;3133.75;3132.25;3132.5;861
20191202 145200;3132.5;3133.75;3131.5;3133.75;1365
20191202 145300;3133.5;3134.5;3133.25;3134.25;694
20191202 145400;3134.25;3134.25;3132.75;3132.75;890
20191202 145500;3132.75;3133.25;3132.25;3132.5;701
20191202 145600;3132.75;3133.5;3132;3132.5;738
20191202 145700;3132.25;3132.5;3131.5;3131.75;820
20191202 145800;3131.5;3131.75;3130.5;3131;1023
20191202 145900;3130.75;3131.25;3130.25;3130.5;517
20191202 150000;3130.5;3130.75;3129.5;3129.5;755
20191202 150100;3129.5;3129.5;3122.5;3125.25;6161
20191202 150200;3125;3126.25;3124;3124.25;2902
20191202 150300;3124.25;3124.75;3121;3121;2912
20191202 150400;3121;3123.75;3121;3122.75;2572
20191202 150500;3122.75;3122.75;3119.75;3120.25;2263
20191202 150600;3120.25;3120.25;3116.5;3117;3070
20191202 150700;3117;3119.75;3117;3119.5;2201
20191202 150800;3119.75;3120.5;3119.25;3120;1857
20191202 150900;3120;3121.25;3119.5;3121.25;2141
20191202 151000;3121.25;3121.5;3119.75;3121.25;1254
20191202 151100;3121;3125.25;3120.5;3124.75;2324
20191202 151200;3124.75;3126.5;3124;3125.25;1875
20191202 151300;3125.25;3125.75;3123.75;3125.5;1723
20191202 151400;3125.5;3126.5;3125.25;3126;999
20191202 151500;3126.25;3126.75;3124.75;3126;1003
20191202 151600;3126;3126.5;3124.5;3126;1063
20191202 151700;3126.25;3126.25;3125;3125.75;949
20191202 151800;3125.75;3125.75;3124.25;3125;927
20191202 151900;3125.25;3125.25;3122.5;3123;1564
20191202 152000;3122.75;3123;3121.25;3121.5;1575
20191202 152100;3121.5;3122.75;3121;3121.5;1071
20191202 152200;3121;3122;3120.5;3121;713
20191202 152300;3121;3121.5;3120.25;3121;748
20191202 152400;3121;3122;3119.5;3121;1298
20191202 152500;3121;3121.25;3118.5;3119;1283
20191202 152600;3118.75;3120.75;3118;3120.75;1480
20191202 152700;3120.5;3120.5;3119;3119.25;997
20191202 152800;3119.25;3119.25;3118;3118.75;1232
20191202 152900;3118.5;3119.5;3118.25;3119.25;624
20191202 153000;3119.5;3121.25;3119.5;3121.25;1534
20191202 153100;3121;3121.25;3118;3118;1382
20191202 153200;3118;3118.5;3115.75;3117.25;2808
20191202 153300;3117;3118.25;3116;3117;1418
20191202 153400;3116.75;3118.25;3116.75;3116.75;1063
20191202 153500;3116.75;3119.25;3116.25;3119;1031
20191202 153600;3118.75;3119;3111;3115.25;9682
20191202 153700;3115;3115.5;3112.75;3115;3505
20191202 153800;3115;3117.75;3114.75;3117.75;2159
20191202 153900;3117.5;3119;3116.5;3116.5;1852
20191202 154000;3116.75;3117.5;3116.5;3116.75;920
20191202 154100;3116.75;3117.5;3116.25;3116.5;1152
20191202 154200;3116.5;3118.75;3115.75;3118.5;1176
20191202 154300;3118.75;3121.5;3118.5;3121.25;1582
20191202 154400;3121.25;3122;3120;3120;1356
20191202 154500;3120;3121.25;3119.75;3121;879
20191202 154600;3121;3121.25;3119.25;3119.75;521
20191202 154700;3119.75;3119.75;3119;3119;454
20191202 154800;3119;3119;3116.25;3116.25;1658
20191202 154900;3116.25;3117;3115.5;3116.25;1350
20191202 155000;3116.25;3117.75;3115.75;3116.25;1022
20191202 155100;3116;3117.5;3115.25;3116.25;786
20191202 155200;3116.25;3116.75;3114.25;3114.75;1118
20191202 155300;3114.5;3115.5;3112.75;3113.25;1385
20191202 155400;3113.5;3115.75;3113;3115.5;1140
20191202 155500;3115.5;3116;3114.25;3114.5;677
20191202 155600;3114.5;3115;3113.75;3115;778
20191202 155700;3115.25;3116;3113;3113.5;1081
20191202 155800;3113.75;3115.75;3113;3115;1792
20191202 155900;3114.75;3114.75;3112.5;3114.25;1780
20191202 160000;3114.25;3114.5;3113.5;3113.5;643
20191202 160100;3113.5;3115.5;3113.5;3114.75;1391
20191202 160200;3114.75;3114.75;3112.5;3114;1286
20191202 160300;3114;3114;3112.75;3114;1138
20191202 160400;3114;3114.5;3112.5;3112.5;918
20191202 160500;3112.5;3113.75;3112;3112.75;1032
20191202 160600;3112.75;3112.75;3111.25;3112.75;1045
20191202 160700;3112.75;3114;3112.75;3113;886
20191202 160800;3113;3113.5;3112;3112.25;592
20191202 160900;3112;3113.75;3112;3112.25;927
20191202 161000;3112;3112.75;3111.25;3112.25;769
20191202 161100;3112.25;3112.5;3110.25;3111.5;1414
20191202 161200;3111.5;3112;3110.25;3111.25;1054
20191202 161300;3111.25;3111.75;3110.5;3111;744
20191202 161400;3110.75;3111;3110.25;3110.75;745
20191202 161500;3111;3112.25;3110.25;3112.25;788
20191202 161600;3112.5;3113.25;3110.75;3113;1598
20191202 161700;3113;3113.25;3112.25;3112.75;589
20191202 161800;3112.5;3112.5;3111.25;3111.75;807
20191202 161900;3111.75;3113;3111.5;3112.5;571
20191202 162000;3112.75;3115.25;3112.5;3114.75;1157
20191202 162100;3114.75;3116.25;3114.5;3115.25;1622
20191202 162200;3115.25;3116;3114.75;3116;705
20191202 162300;3116.25;3117.25;3115.5;3116.25;991
20191202 162400;3116.25;3117;3116;3117;580
20191202 162500;3116.75;3117.25;3115;3115.75;886
20191202 162600;3116;3116.75;3115.75;3116.25;583
20191202 162700;3116;3116.25;3115.75;3115.75;317
20191202 162800;3116;3116.5;3115.75;3116.5;868
20191202 162900;3116.75;3117;3115.75;3116.25;562
20191202 163000;3116.5;3116.75;3115.5;3115.5;529
20191202 163100;3115.5;3116.25;3114.75;3115;1096
20191202 163200;3115;3115;3113.5;3114;1219
20191202 163300;3114.25;3114.25;3112.25;3112.5;863
20191202 163400;3112.5;3112.75;3111.5;3112.25;683
20191202 163500;3112.25;3113.25;3112.25;3112.75;384
20191202 163600;3112.75;3113.5;3112;3112.25;735
20191202 163700;3112.25;3112.75;3111;3111.5;533
20191202 163800;3111.75;3112.75;3111.25;3111.75;423
20191202 163900;3111.5;3113.5;3111.5;3113.25;590
20191202 164000;3113.25;3115;3113.25;3115;738
20191202 164100;3115;3115.75;3113.75;3115.25;817
20191202 164200;3115.25;3115.75;3114.5;3114.75;693
20191202 164300;3115;3115.5;3114.75;3115;215
20191202 164400;3115;3115.5;3114;3114.5;858
20191202 164500;3114.5;3115;3114.25;3114.75;266
20191202 164600;3114.75;3115.5;3114.75;3115.5;262
20191202 164700;3115.75;3116;3115.25;3115.75;310
20191202 164800;3115.75;3116.5;3115.25;3116.5;477
20191202 164900;3116.25;3117;3116;3117;562
20191202 165000;3117;3117.25;3116.5;3117;444
20191202 165100;3117;3118;3117;3117.75;599
20191202 165200;3118;3118.5;3117.75;3118.25;694
20191202 165300;3118.25;3118.75;3116;3117.75;1148
20191202 165400;3118;3118.75;3117.75;3117.75;722
20191202 165500;3117.75;3119;3117.75;3118.25;435
20191202 165600;3118;3118.75;3118;3118.25;117
20191202 165700;3118;3118.75;3117.75;3118.5;285
20191202 165800;3118.75;3119;3118.25;3118.5;162
20191202 165900;3118.5;3118.75;3117.5;3118.25;397
20191202 170000;3118;3118.5;3118;3118.25;302
20191202 170100;3118;3119.25;3118;3118.75;365
20191202 170200;3118.75;3119;3118.5;3118.75;365
20191202 170300;3119;3119.25;3118.75;3119.25;281
20191202 170400;3119.25;3119.5;3119;3119;437
20191202 170500;3118.75;3120.5;3118.75;3119.75;798
20191202 170600;3119.75;3120.5;3119.75;3120.25;473
20191202 170700;3120.25;3120.75;3118.75;3119.25;952
20191202 170800;3119;3119.75;3119;3119.75;899
20191202 170900;3119.75;3120.5;3119.5;3119.75;695
20191202 171000;3119.75;3120.5;3119.25;3120;385
20191202 171100;3120.25;3122.25;3119.75;3120.75;1254
20191202 171200;3121;3121;3120.25;3120.5;375
20191202 171300;3120.5;3121;3120.25;3120.5;258
20191202 171400;3120.5;3120.75;3120.25;3120.25;368
20191202 171500;3120;3120.25;3119.25;3120;770
20191202 171600;3119.75;3120.75;3119.5;3119.75;325
20191202 171700;3119.75;3119.75;3119;3119;410
20191202 171800;3119.25;3119.25;3118.75;3118.75;260
20191202 171900;3118.75;3118.75;3117.75;3118.25;603
20191202 172000;3118;3119.25;3118;3119;394
20191202 172100;3119;3119.25;3118.75;3118.75;203
20191202 172200;3118.75;3119;3117.75;3117.75;355
20191202 172300;3118;3118;3117.5;3118;311
20191202 172400;3118;3118.75;3118;3118;342
20191202 172500;3118;3118.75;3118;3118.25;142
20191202 172600;3118.25;3119.25;3118.25;3119.25;297
20191202 172700;3119.25;3120.75;3119;3120;919
20191202 172800;3120;3120;3117.5;3118;610
20191202 172900;3118;3118;3111.75;3114.75;5634
20191202 173000;3114.75;3116.25;3114.25;3116;1174
20191202 173100;3116;3116.75;3115.5;3115.75;681
20191202 173200;3115.75;3115.75;3114;3114.5;1121
20191202 173300;3114.5;3115.5;3114.25;3115;884
20191202 173400;3115;3115.5;3114.25;3115;416
20191202 173500;3115;3115.25;3114;3114;376
20191202 173600;3114.25;3114.75;3114;3114.5;336
20191202 173700;3114.5;3115;3113.5;3114;575
20191202 173800;3114;3114.5;3113.75;3113.75;214
20191202 173900;3113.75;3114;3113;3113.25;343
20191202 174000;3113.25;3114.25;3113.25;3114.25;307
20191202 174100;3114;3114.25;3113.5;3114.25;360
20191202 174200;3114.25;3114.25;3113.5;3113.75;287
20191202 174300;3113.5;3114.5;3113.25;3114.5;402
20191202 174400;3114.75;3115.75;3114.5;3115.75;551
20191202 174500;3115.75;3116.75;3115.5;3116.25;482
20191202 174600;3116.25;3116.75;3115.75;3116.25;391
20191202 174700;3116.25;3116.25;3115;3115.5;359
20191202 174800;3115.5;3115.5;3114.5;3114.5;317
20191202 174900;3114.25;3114.5;3113.5;3114.25;669
20191202 175000;3114;3114.25;3113.25;3113.5;258
20191202 175100;3113.5;3114;3113.25;3113.5;232
20191202 175200;3113.5;3114.25;3113.5;3114.25;170
20191202 175300;3114;3115;3113.75;3115;415
20191202 175400;3114.75;3115;3114;3114.75;291
20191202 175500;3115;3115.25;3114;3114.5;620
20191202 175600;3114.25;3115;3113.5;3115;240
20191202 175700;3115;3115;3114;3114.25;165
20191202 175800;3114.25;3114.75;3114;3114.5;425
20191202 175900;3114.5;3115.25;3114;3114;724
20191202 180000;3113.75;3114;3113;3113;483
20191202 180100;3112.75;3114;3112.5;3113.75;600
20191202 180200;3113.75;3114;3113.25;3113.75;138
20191202 180300;3113.75;3115.5;3113.5;3115.25;454
20191202 180400;3115.5;3115.75;3115;3115.5;284
20191202 180500;3115.5;3115.75;3115.25;3115.25;320
20191202 180600;3115.5;3115.5;3115;3115.25;390
20191202 180700;3115.25;3116.5;3115.25;3116;434
20191202 180800;3116.25;3117.25;3116.25;3117.25;692
20191202 180900;3117.25;3117.75;3117;3117.25;318
20191202 181000;3117.25;3118;3117.25;3118;193
20191202 181100;3118;3118;3117;3117.5;286
20191202 181200;3117.25;3117.5;3117;3117;94
20191202 181300;3117;3118;3117;3117.75;254
20191202 181400;3117.5;3118;3117.25;3117.5;113
20191202 181500;3117.5;3118.5;3117.5;3118;441
20191202 181600;3117.75;3118.25;3117.75;3118;150
20191202 181700;3118;3118.25;3117.75;3118;162
20191202 181800;3117.75;3118.25;3117.5;3118;340
20191202 181900;3118;3118.25;3117.75;3117.75;84
20191202 182000;3117.75;3118.75;3117.75;3118.25;223
20191202 182100;3118;3118.5;3118;3118.25;73
20191202 182200;3118.5;3118.5;3117.75;3117.75;110
20191202 182300;3117.75;3118;3117.25;3117.25;227
20191202 182400;3117.25;3118.5;3117.25;3118;276
20191202 182500;3118;3118.25;3117.5;3117.5;101
20191202 182600;3117.75;3118.5;3117.5;3118.25;245
20191202 182700;3118.25;3119.5;3118.25;3119.25;647
20191202 182800;3119.25;3119.75;3119.25;3119.5;357
20191202 182900;3119.5;3119.5;3118.75;3119.25;180
20191202 183000;3119.25;3119.25;3118.75;3119.25;156
20191202 183100;3119;3119.25;3117.5;3117.75;232
20191202 183200;3117.75;3118.25;3117.5;3118;317
20191202 183300;3118;3118.25;3117.75;3118.25;185
20191202 183400;3118.25;3118.5;3117.5;3117.75;307
20191202 183500;3117.5;3117.5;3117;3117.25;406
20191202 183600;3117.5;3118.5;3117.25;3118.5;404
20191202 183700;3118.5;3118.5;3117;3117.5;298
20191202 183800;3117.5;3117.5;3116.5;3117;345
20191202 183900;3117;3117.25;3116.5;3116.75;137
20191202 184000;3116.75;3117.25;3116.75;3117;149
20191202 184100;3117;3117.25;3116.5;3116.75;148
20191202 184200;3117;3117.5;3117;3117.5;68
20191202 184300;3117.5;3118;3117.5;3118;93
20191202 184400;3118;3118.25;3117.5;3118.25;112
20191202 184500;3118.25;3118.25;3118;3118.25;32
20191202 184600;3118;3118.5;3117.25;3118.25;412
20191202 184700;3118.25;3119.25;3118;3119;256
20191202 184800;3118.75;3119.5;3118.75;3119.25;282
20191202 184900;3119.5;3119.75;3119;3119.25;326
20191202 185000;3119.25;3119.5;3119.25;3119.5;264
20191202 185100;3119.5;3120.25;3119.25;3119.5;316
20191202 185200;3119.25;3119.75;3119.25;3119.5;118
20191202 185300;3119.75;3120;3119.5;3119.75;103
20191202 185400;3120;3120;3119.25;3119.5;178
20191202 185500;3119.25;3120.25;3119.25;3119.75;127
20191202 185600;3119.75;3120.5;3119.5;3119.5;285
20191202 185700;3119.5;3119.75;3119.5;3119.75;24
20191202 185800;3119.75;3119.75;3118.5;3119;294
20191202 185900;3118.75;3119;3118.75;3118.75;81
20191202 190000;3119;3119.25;3118.75;3119;131
20191202 190100;3119;3119;3118;3118.5;352
20191202 190200;3118.5;3119;3118;3118.75;385
20191202 190300;3118.5;3119;3118.5;3119;247
20191202 190400;3119;3119.25;3119;3119.25;135
20191202 190500;3119.25;3119.25;3118.75;3118.75;128
20191202 190600;3118.75;3119;3118.75;3119;119
20191202 190700;3119;3119.5;3118.75;3119;28
20191202 190800;3119;3119.75;3119;3119.75;180
20191202 190900;3120;3120;3119.5;3119.5;71
20191202 191000;3119.5;3119.75;3119.5;3119.75;61
20191202 191100;3120;3120.5;3120;3120.5;234
20191202 191200;3120.25;3120.5;3120;3120.5;165
20191202 191300;3120.75;3121.5;3120.75;3120.75;595
20191202 191400;3121;3121;3120.5;3120.75;144
20191202 191500;3120.75;3121.25;3120.5;3120.5;173
20191202 191600;3120.75;3121.25;3120.5;3121;305
20191202 191700;3121;3121.5;3121;3121.25;118
20191202 191800;3121.25;3121.25;3120.75;3121;88
20191202 191900;3120.75;3120.75;3120.25;3120.75;100
20191202 192000;3120.75;3121;3120.75;3120.75;123
20191202 192100;3120.75;3121.25;3120.75;3121;165
20191202 192200;3121;3121;3120.25;3120.75;179
20191202 192300;3120.75;3122.5;3120.75;3122.5;742
20191202 192400;3122.5;3122.75;3122;3122.75;385
20191202 192500;3122.75;3123.25;3122;3123;344
20191202 192600;3122.75;3123.25;3122.75;3123;194
20191202 192700;3123.25;3123.25;3122.75;3122.75;93
20191202 192800;3122.75;3123;3122;3122.5;306
20191202 192900;3122.75;3122.75;3122.25;3122.25;104
20191202 193000;3122.25;3123;3122;3122.75;233
20191202 193100;3122.75;3123.5;3122.5;3123;458
20191202 193200;3122.75;3123.75;3122.75;3123.25;209
20191202 193300;3123.25;3123.5;3123;3123.25;164
20191202 193400;3123;3123.5;3123;3123.25;224
20191202 193500;3123.25;3123.25;3122.75;3122.75;208
20191202 193600;3123;3123.25;3122.5;3122.5;274
20191202 193700;3122.5;3122.75;3122;3122.25;243
20191202 193800;3122;3122.5;3122;3122.25;195
20191202 193900;3122.25;3122.25;3122;3122;88
20191202 194000;3122;3122.5;3122;3122.25;153
20191202 194100;3122.5;3123.25;3122.25;3123;247
20191202 194200;3122.75;3123;3122;3122.25;242
20191202 194300;3122.25;3123;3122.25;3122.75;132
20191202 194400;3122.75;3123.75;3122.75;3123.25;293
20191202 194500;3123.25;3123.5;3123;3123.25;226
20191202 194600;3123.5;3124.5;3123.5;3124.5;375
20191202 194700;3124.5;3124.5;3122.75;3123.25;453
20191202 194800;3123.5;3124;3123.25;3124;224
20191202 194900;3124;3124;3123.5;3123.5;84
20191202 195000;3123.75;3124;3123.5;3123.5;115
20191202 195100;3123.75;3124;3123.5;3123.5;193
20191202 195200;3123.5;3123.5;3122.5;3122.75;541
20191202 195300;3123;3123;3122.5;3122.5;78
20191202 195400;3122.5;3122.5;3122;3122.5;165
20191202 195500;3122.25;3122.5;3121.25;3121.5;470
20191202 195600;3121.75;3122.25;3121.5;3122.25;287
20191202 195700;3122.25;3122.75;3122;3122.75;119
20191202 195800;3122.75;3123;3122.25;3122.75;176
20191202 195900;3122.75;3123;3122.25;3122.5;204
20191202 200000;3122.5;3122.75;3122.25;3122.25;108
20191202 200100;3122.25;3122.75;3121.75;3121.75;246
20191202 200200;3121.75;3121.75;3120.5;3120.75;395
20191202 200300;3121;3121.25;3120.25;3120.5;557
20191202 200400;3120.25;3121.25;3120.25;3120.75;255
20191202 200500;3121;3121.25;3120.5;3120.75;143
20191202 200600;3120.5;3121;3119.25;3119.5;776
20191202 200700;3119.5;3120;3118.25;3118.5;964
20191202 200800;3118.5;3118.75;3118;3118.75;386
20191202 200900;3118.75;3118.75;3118;3118.5;107
20191202 201000;3118.5;3118.75;3118.25;3118.75;280
20191202 201100;3118.75;3118.75;3118;3118;187
20191202 201200;3118;3118.5;3118;3118.25;241
20191202 201300;3118.25;3118.25;3117.5;3118;298
20191202 201400;3117.75;3118;3117;3117.75;322
20191202 201500;3117.75;3118;3117.5;3117.75;256
20191202 201600;3117.5;3118;3117.25;3118;195
20191202 201700;3118;3119;3118;3118.75;439
20191202 201800;3118.75;3119.5;3118.5;3119.25;542
20191202 201900;3119.25;3119.25;3119;3119;127
20191202 202000;3119.25;3119.75;3119;3119.5;286
20191202 202100;3119.5;3119.5;3118.75;3118.75;87
20191202 202200;3118.75;3118.75;3118;3118.5;451
20191202 202300;3118.5;3118.5;3117;3117.25;507
20191202 202400;3117.25;3117.25;3116;3116.25;713
20191202 202500;3116.25;3117;3116;3117;306
20191202 202600;3116.75;3117;3116;3116;295
20191202 202700;3115.75;3116.5;3115.75;3116.5;290
20191202 202800;3116.5;3117.25;3116.5;3117.25;293
20191202 202900;3117.5;3118;3116.5;3116.75;437
20191202 203000;3116.75;3116.75;3115.5;3116.25;615
20191202 203100;3116;3116.5;3115.75;3116.5;260
20191202 203200;3116.5;3116.5;3115.5;3115.75;315
20191202 203300;3115.25;3116;3115;3115.25;353
20191202 203400;3115.25;3116.25;3115;3116.25;381
20191202 203500;3116.25;3117.25;3116;3117.25;397
20191202 203600;3117.25;3117.25;3116.5;3116.75;207
20191202 203700;3117;3118.25;3116.75;3118;436
20191202 203800;3118;3119;3117.5;3118.5;503
20191202 203900;3118.25;3120.25;3118;3119.75;784
20191202 204000;3119.5;3119.75;3118.25;3118.5;398
20191202 204100;3118.5;3119;3117.75;3119;548
20191202 204200;3119;3119.25;3118.25;3118.25;271
20191202 204300;3118.25;3119;3118.25;3119;279
20191202 204400;3119;3119.5;3118.75;3119.25;261
20191202 204500;3119.25;3120.5;3119.25;3119.75;486
20191202 204600;3120;3120.75;3119.75;3120;478
20191202 204700;3120;3120.75;3119.5;3120.5;389
20191202 204800;3120.5;3120.75;3119.5;3119.75;331
20191202 204900;3119.5;3119.75;3118.25;3118.5;617
20191202 205000;3118.75;3119;3118.25;3118.5;365
20191202 205100;3118.5;3118.5;3116;3116.25;1594
20191202 205200;3116.25;3117.5;3115.75;3117.25;821
20191202 205300;3117.25;3117.75;3116.5;3116.5;369
20191202 205400;3116.75;3117;3115.5;3116;518
20191202 205500;3116;3117.25;3114.5;3115.25;1756
20191202 205600;3115;3116.5;3114.5;3115.25;1152
20191202 205700;3115;3115.75;3114.25;3114.75;819
20191202 205800;3114.75;3114.75;3113.75;3114.25;1401
20191202 205900;3114;3114.75;3113.75;3113.75;744
20191202 210000;3113.5;3116;3113.25;3114.5;4426
20191202 210100;3114.5;3116.5;3114.5;3115.75;1097
20191202 210200;3115.75;3116.5;3115.5;3116;406
20191202 210300;3116.25;3116.75;3116;3116.75;394
20191202 210400;3116.5;3116.5;3115.25;3115.25;294
20191202 210500;3115.25;3115.5;3114.5;3114.75;273
20191202 210600;3114.5;3114.5;3113.5;3113.75;322
20191202 210700;3114;3115;3114;3114.75;129
20191202 210800;3114.75;3115.25;3114.75;3115;107
20191202 210900;3115;3115.25;3114.75;3115;121
20191202 211000;3114.75;3115;3114.5;3114.5;73
20191202 211100;3114.75;3115;3114.25;3114.5;180
20191202 211200;3114.5;3114.5;3113.75;3113.75;205
20191202 211300;3113.75;3114.25;3113.5;3114;50
20191202 211400;3114.25;3114.75;3114.25;3114.5;92
20191202 211500;3114.5;3114.75;3113.75;3113.75;338
20191202 213100;3114;3115;3114;3114.25;116
20191202 213200;3114.5;3114.5;3114.5;3114.5;13
20191202 213300;3114.5;3114.5;3114;3114;5
20191202 213400;3114.25;3114.25;3114;3114.25;33
20191202 213500;3114;3114;3113.75;3114;25
20191202 213600;3113.75;3114;3113.5;3113.75;30
20191202 213700;3113.5;3113.75;3113.5;3113.5;21
20191202 213800;3113.5;3113.5;3113.25;3113.5;27
20191202 213900;3113.5;3113.5;3113.5;3113.5;8
20191202 214000;3113.75;3113.75;3113;3113.25;51
20191202 214100;3113.25;3113.5;3113.25;3113.5;44
20191202 214200;3113.25;3113.75;3113.25;3113.75;17
20191202 214300;3113.75;3113.75;3113.5;3113.5;18
20191202 214400;3113.5;3113.5;3113.25;3113.5;9
20191202 214500;3113.5;3113.75;3113;3113;41
20191202 214600;3113.5;3113.5;3113;3113.25;27
20191202 214700;3113.25;3113.25;3113;3113.25;15
20191202 214800;3113.25;3113.25;3112.75;3112.75;38
20191202 214900;3112.75;3113;3112.75;3112.75;15
20191202 215000;3113;3113;3112.75;3112.75;25
20191202 215100;3112.75;3113;3112.75;3113;26
20191202 215200;3113;3113;3112.75;3112.75;43
20191202 215300;3113;3113;3112.5;3112.5;46
20191202 215400;3112.75;3112.75;3112.5;3112.75;9
20191202 215500;3112.75;3113;3112.75;3112.75;8
20191202 215600;3112.5;3112.75;3112.5;3112.75;107
20191202 215700;3112.75;3113;3112.75;3113;5
20191202 215800;3112.75;3113;3112.5;3112.75;40
20191202 215900;3112.75;3112.75;3112.5;3112.5;40
20191202 220000;3112.75;3113;3112.5;3112.75;37
20191202 230100;3114;3115.25;3113;3114.5;356
20191202 230200;3114.5;3114.75;3114;3114.25;88
20191202 230300;3114.25;3114.5;3114;3114;78
20191202 230400;3114.5;3114.5;3114;3114.25;50
20191202 230500;3114.5;3114.75;3114.5;3114.5;28
20191202 230600;3114.75;3114.75;3114.5;3114.5;64
20191202 230700;3114.5;3114.75;3114.5;3114.75;6
20191202 230800;3114.75;3114.75;3114.75;3114.75;26
20191202 230900;3114.75;3114.75;3114.5;3114.5;23
20191202 231000;3114.5;3114.5;3114.25;3114.5;23
20191202 231100;3114.5;3114.75;3114.5;3114.75;23
20191202 231200;3114.5;3114.75;3114.5;3114.75;27
20191202 231300;3114.75;3115;3114.5;3114.5;22
20191202 231400;3114.5;3114.5;3114.25;3114.25;41
20191202 231500;3114.25;3114.5;3114.25;3114.5;41
20191202 231600;3114.25;3114.25;3114.25;3114.25;13
20191202 231700;3114.5;3114.5;3114.25;3114.5;24
20191202 231800;3114.5;3114.5;3113.5;3113.75;132
20191202 231900;3114;3114;3113.5;3113.75;22
20191202 232000;3113.5;3113.75;3113.25;3113.25;89
20191202 232100;3113.5;3113.75;3113.5;3113.75;2
20191202 232200;3113.5;3113.5;3113.25;3113.5;35
20191202 232300;3113.5;3113.75;3113.25;3113.5;41
20191202 232400;3113.5;3113.5;3113;3113;30
20191202 232500;3113;3113;3112;3112;179
20191202 232600;3112.25;3112.25;3110.75;3111.25;233
20191202 232700;3111.25;3111.25;3110.25;3110.5;158
20191202 232800;3110.5;3110.75;3110.5;3110.5;51
20191202 232900;3110.5;3110.5;3108.25;3109.75;1029
20191202 233000;3109.75;3110;3109.25;3109.5;139
20191202 233100;3109.25;3110.5;3109.25;3110.5;181
20191202 233200;3110.5;3110.5;3109.75;3110.5;273
20191202 233300;3110.75;3110.75;3109.5;3110;514
20191202 233400;3110;3110.25;3109.25;3109.25;206
20191202 233500;3109.5;3110.5;3109.25;3110;234
20191202 233600;3110;3110.5;3109.75;3110.5;127
20191202 233700;3110.25;3111;3110;3110.75;73
20191202 233800;3110.75;3111;3110.5;3111;39
20191202 233900;3111;3111.25;3110.75;3111;34
20191202 234000;3111;3111;3110.5;3110.75;46
20191202 234100;3110.5;3111.5;3110.25;3111.5;70
20191202 234200;3111.5;3111.75;3111.25;3111.5;32
20191202 234300;3111.25;3111.5;3111.25;3111.5;49
20191202 234400;3111.5;3111.75;3111.5;3111.75;76
20191202 234500;3111.5;3111.5;3111.25;3111.25;27
20191202 234600;3111.25;3111.25;3111;3111;83
20191202 234700;3111.25;3111.75;3111.25;3111.75;27
20191202 234800;3111.75;3111.75;3111.5;3111.5;51
20191202 234900;3111.5;3111.5;3111.25;3111.25;77
20191202 235000;3111.25;3111.5;3111.25;3111.25;12
20191202 235100;3111.5;3112;3111.5;3112;45
20191202 235200;3111.75;3111.75;3111.25;3111.75;52
20191202 235300;3111.75;3112.75;3111.5;3112.5;158
20191202 235400;3112.5;3113;3112.5;3112.75;75
20191202 235500;3112.75;3113;3112.5;3112.75;112
20191202 235600;3112.75;3113;3112.75;3112.75;164
20191202 235700;3112.75;3113;3112.25;3112.75;165
20191202 235800;3112.75;3112.75;3112.5;3112.5;162
20191202 235900;3112.5;3113;3112.5;3112.75;154
20191203 000000;3112.5;3112.5;3112.25;3112.25;44
20191203 000100;3112.25;3113;3111.5;3111.5;111
20191203 000200;3111.5;3111.75;3111.25;3111.25;76
20191203 000300;3111;3111.25;3109.75;3110.5;171
20191203 000400;3110.5;3112;3110.5;3112;115
20191203 000500;3112;3112;3111;3112;101
20191203 000600;3112.25;3112.25;3110.75;3111.75;113
20191203 000700;3111.75;3112.5;3111.5;3112.5;121
20191203 000800;3112.75;3113.25;3112.5;3113.25;148
20191203 000900;3113;3113;3112.25;3112.25;66
20191203 001000;3112;3112.5;3112;3112.5;22
20191203 001100;3112.5;3112.5;3112;3112;105
20191203 001200;3112;3112.5;3112;3112.5;145
20191203 001300;3112.75;3113.5;3112.75;3113;199
20191203 001400;3113;3113.25;3113;3113;32
20191203 001500;3113;3113;3112;3112.75;169
20191203 001600;3112.75;3113.5;3112.5;3113.25;118
20191203 001700;3113.25;3113.25;3112.75;3112.75;108
20191203 001800;3112.75;3113.25;3112.75;3113.25;78
20191203 001900;3113.25;3113.5;3113.25;3113.25;45
20191203 002000;3113.25;3113.25;3113;3113;19
20191203 002100;3112.75;3112.75;3112.5;3112.5;97
20191203 002200;3112.75;3113.5;3112.5;3113.5;80
20191203 002300;3113.5;3113.5;3113.25;3113.25;30
20191203 002400;3113.25;3113.75;3113.25;3113.75;72
20191203 002500;3113.75;3113.75;3113.25;3113.25;63
20191203 002600;3113.5;3113.75;3113.5;3113.5;43
20191203 002700;3113.75;3113.75;3113.75;3113.75;8
20191203 002800;3114;3114;3113.75;3113.75;26
20191203 002900;3113.75;3114;3113.75;3114;8
20191203 003000;3114;3114.25;3113.75;3114;67
20191203 003100;3114;3114.5;3114;3114.25;108
20191203 003200;3114.25;3115;3114;3115;119
20191203 003300;3115;3116.25;3115;3115.75;285
20191203 003400;3116;3116;3115.5;3115.75;108
20191203 003500;3115.75;3116;3115.75;3116;40
20191203 003600;3115.75;3116.25;3115.75;3116.25;39
20191203 003700;3116.25;3116.5;3116;3116.5;37
20191203 003800;3116.25;3116.5;3116.25;3116.25;100
20191203 003900;3116.5;3116.5;3116;3116.25;52
20191203 004000;3116.5;3116.5;3116;3116.5;60
20191203 004100;3116.5;3116.75;3116;3116;66
20191203 004200;3116.25;3116.5;3116.25;3116.5;18
20191203 004300;3116;3116.25;3115.75;3115.75;35
20191203 004400;3116;3116.25;3115.75;3116;46
20191203 004500;3116;3116.25;3116;3116;33
20191203 004600;3116.25;3116.25;3116;3116;20
20191203 004700;3116;3116;3115.25;3115.75;49
20191203 004800;3115.75;3116;3115.25;3115.75;66
20191203 004900;3116;3116;3115.75;3116;76
20191203 005000;3116.25;3116.25;3116;3116;33
20191203 005100;3115.75;3116.25;3115.75;3116.25;79
20191203 005200;3116.25;3116.75;3116.25;3116.5;76
20191203 005300;3116.5;3117;3116.5;3116.5;92
20191203 005400;3116.75;3117.25;3116.75;3117;71
20191203 005500;3117;3117.25;3116.75;3117;61
20191203 005600;3117;3117;3116.25;3116.25;115
20191203 005700;3116.25;3116.25;3115.75;3116;68
20191203 005800;3116.25;3116.5;3115.75;3115.75;264
20191203 005900;3115.75;3116.25;3115.75;3116.25;86
20191203 010000;3116.25;3116.5;3116.25;3116.5;19
20191203 010100;3116.5;3117.5;3116.5;3117;96
20191203 010200;3117.25;3117.25;3116.5;3117;76
20191203 010300;3116.75;3118;3116.75;3117.75;196
20191203 010400;3117.75;3118;3117.5;3117.5;129
20191203 010500;3117.5;3118;3117.25;3118;78
20191203 010600;3118.25;3118.25;3117.25;3117.75;94
20191203 010700;3117.5;3118.25;3117.5;3118.25;118
20191203 010800;3118;3118.25;3117.75;3118.25;100
20191203 010900;3118;3118.25;3117.75;3118;138
20191203 011000;3118.25;3118.5;3117.75;3117.75;58
20191203 011100;3117.75;3117.75;3117.5;3117.75;99
20191203 011200;3117.75;3117.75;3117.5;3117.75;40
20191203 011300;3117.5;3117.75;3117.25;3117.75;81
20191203 011400;3117.5;3117.5;3116.75;3116.75;69
20191203 011500;3117;3117;3116.5;3116.5;62
20191203 011600;3116.5;3117.5;3116.25;3117.25;135
20191203 011700;3117;3117.5;3117;3117.5;47
20191203 011800;3117.5;3117.5;3117;3117;74
20191203 011900;3117.25;3117.25;3117;3117;37
20191203 012000;3116.75;3117.25;3116.75;3116.75;20
20191203 012100;3116.75;3117.5;3116.75;3117.25;99
20191203 012200;3117.25;3117.5;3117;3117.5;84
20191203 012300;3117.5;3117.75;3117.25;3117.25;30
20191203 012400;3117;3117;3116.75;3116.75;44
20191203 012500;3116.5;3116.75;3116.25;3116.5;46
20191203 012600;3116.25;3116.25;3115.25;3115.5;154
20191203 012700;3115.75;3116;3115.25;3115.5;231
20191203 012800;3115.75;3116.25;3115.75;3116;48
20191203 012900;3116.25;3116.5;3116.25;3116.25;35
20191203 013000;3116.5;3116.75;3116.25;3116.5;76
20191203 013100;3116.25;3116.25;3115;3115;156
20191203 013200;3115;3115.5;3114.75;3114.75;146
20191203 013300;3114.75;3115;3114.5;3114.75;70
20191203 013400;3114.75;3115;3113.75;3114;236
20191203 013500;3114.25;3114.25;3113.75;3113.75;94
20191203 013600;3114;3114.25;3113.75;3114;95
20191203 013700;3114;3114.5;3113.5;3114.5;173
20191203 013800;3114.5;3114.5;3114.25;3114.5;46
20191203 013900;3114.25;3114.25;3114.25;3114.25;4
20191203 014000;3114.5;3114.5;3113.5;3113.5;95
20191203 014100;3113.5;3113.75;3113;3113.5;171
20191203 014200;3113.5;3113.75;3113.5;3113.75;127
20191203 014300;3113.75;3114.25;3113.75;3114.25;138
20191203 014400;3114;3114;3113.75;3114;115
20191203 014500;3113.75;3114.25;3113.75;3114;106
20191203 014600;3114;3114;3113.75;3114;73
20191203 014700;3114;3114.25;3114;3114;48
20191203 014800;3114;3114.5;3114;3114.5;85
20191203 014900;3114.5;3114.75;3114.25;3114.75;83
20191203 015000;3114.75;3115.5;3114.75;3115.5;141
20191203 015100;3115.5;3115.75;3115;3115.25;210
20191203 015200;3115.25;3115.25;3115.25;3115.25;105
20191203 015300;3115.5;3115.75;3115.25;3115.25;81
20191203 015400;3115.5;3115.75;3115.5;3115.75;46
20191203 015500;3115.5;3116.25;3115.5;3116;94
20191203 015600;3116;3116.25;3115.75;3116.25;95
20191203 015700;3116;3116.75;3116;3116.5;70
20191203 015800;3116.25;3116.25;3116.25;3116.25;37
20191203 015900;3116.25;3116.5;3116.25;3116.25;22
20191203 020000;3116.5;3116.75;3116.5;3116.5;31
20191203 020100;3116.5;3116.75;3116.25;3116.25;49
20191203 020200;3116.25;3116.25;3116;3116.25;29
20191203 020300;3116;3116.25;3116;3116;25
20191203 020400;3116.25;3116.75;3116.25;3116.5;117
20191203 020500;3116.75;3116.75;3116.5;3116.5;38
20191203 020600;3116.75;3117;3116.75;3116.75;45
20191203 020700;3116.75;3117;3116.75;3117;11
20191203 020800;3116.75;3116.75;3116.25;3116.25;61
20191203 020900;3116.25;3116.25;3116;3116.25;13
20191203 021000;3116.25;3116.75;3116.25;3116.75;32
20191203 021100;3116.5;3116.5;3116.25;3116.5;31
20191203 021200;3116.5;3116.5;3116.25;3116.25;63
20191203 021300;3116.25;3116.75;3116.25;3116.75;44
20191203 021400;3117;3117.25;3116.75;3117;77
20191203 021500;3117.25;3117.25;3117;3117.25;7
20191203 021600;3117.25;3117.5;3117;3117;46
20191203 021700;3117.25;3117.5;3117;3117.25;34
20191203 021800;3117.25;3118;3117.25;3118;83
20191203 021900;3117.75;3118.5;3117.75;3118.25;263
20191203 022000;3118.25;3118.25;3117.75;3118;56
20191203 022100;3118;3118.5;3118;3118.25;67
20191203 022200;3118.5;3118.75;3118.25;3118.5;61
20191203 022300;3118.5;3119.5;3118.5;3119.25;280
20191203 022400;3119.5;3119.5;3118.75;3119;155
20191203 022500;3119.25;3119.25;3118.75;3118.75;53
20191203 022600;3118.75;3118.75;3118.25;3118.5;91
20191203 022700;3118.75;3119;3118.75;3119;53
20191203 022800;3119;3119;3119;3119;23
20191203 022900;3119;3119;3118.75;3118.75;30
20191203 023000;3118.75;3119.25;3118.75;3119.25;54
20191203 023100;3119;3119;3118.5;3118.5;84
20191203 023200;3118.5;3118.5;3118.25;3118.25;52
20191203 023300;3118.25;3118.25;3118.25;3118.25;10
20191203 023400;3118;3118.25;3117.75;3117.75;220
20191203 023500;3118;3118.25;3117.5;3118;134
20191203 023600;3118;3118;3118;3118;36
20191203 023700;3118;3118;3118;3118;12
20191203 023800;3118;3118;3117.5;3117.5;43
20191203 023900;3117.5;3117.5;3117.25;3117.5;49
20191203 024000;3117.5;3117.5;3117.5;3117.5;8
20191203 024100;3117.5;3117.5;3117.5;3117.5;56
20191203 024200;3117.75;3117.75;3117.75;3117.75;16
20191203 024300;3117.5;3117.75;3117.5;3117.75;8
20191203 024400;3117.5;3117.5;3117.25;3117.5;31
20191203 024500;3117.5;3117.75;3117.5;3117.5;10
20191203 024600;3117.5;3118;3117.5;3117.75;79
20191203 024700;3117.75;3118;3117.75;3118;11
20191203 024800;3117.75;3118;3117.75;3118;27
20191203 024900;3118;3118.5;3118;3118.5;30
20191203 025000;3118.25;3118.5;3118.25;3118.25;61
20191203 025100;3118.25;3118.25;3118;3118;33
20191203 025200;3117.75;3117.75;3117.5;3117.5;32
20191203 025300;3117.5;3117.75;3117.5;3117.75;5
20191203 025400;3117.75;3118;3117.75;3118;11
20191203 025500;3118;3118;3118;3118;5
20191203 025600;3118.5;3118.5;3118.5;3118.5;30
20191203 025700;3118.5;3118.5;3118;3118;24
20191203 025800;3118.25;3118.25;3117.75;3117.75;17
20191203 025900;3117.75;3118;3117.75;3118;7
20191203 030000;3117.75;3118;3117.75;3117.75;21
20191203 030100;3117.75;3118;3117.75;3117.75;33
20191203 030200;3117.75;3117.75;3117.75;3117.75;9
20191203 030300;3117.75;3117.75;3117.75;3117.75;13
20191203 030400;3117.75;3118;3117.75;3117.75;9
20191203 030500;3117.75;3118;3117.75;3117.75;18
20191203 030600;3118;3118.5;3118;3118.25;24
20191203 030700;3118.25;3118.5;3118.25;3118.5;47
20191203 030800;3118.5;3118.5;3118.5;3118.5;58
20191203 030900;3118.5;3119;3118.5;3118.5;70
20191203 031000;3118.75;3119;3118.75;3119;47
20191203 031100;3118.75;3119;3118.75;3119;95
20191203 031200;3119;3119;3118.75;3119;20
20191203 031300;3119.25;3119.75;3119.25;3119.5;115
20191203 031400;3119.5;3119.5;3118.75;3118.75;65
20191203 031500;3118.5;3118.5;3118.5;3118.5;30
20191203 031600;3118.5;3118.5;3118.5;3118.5;43
20191203 031700;3118.5;3118.5;3118.25;3118.5;32
20191203 031800;3118.5;3119;3118.5;3118.75;43
20191203 031900;3118.75;3118.75;3118.5;3118.5;9
20191203 032000;3118.5;3118.75;3118.5;3118.75;17
20191203 032100;3119;3119;3119;3119;9
20191203 032200;3119.25;3119.5;3119.25;3119.25;46
20191203 032300;3119;3119.25;3119;3119;82
20191203 032400;3119.25;3119.25;3119.25;3119.25;24
20191203 032500;3119.25;3119.25;3119;3119;44
20191203 032600;3119;3119;3119;3119;27
20191203 032700;3119;3119;3118.75;3119;13
20191203 032800;3119;3119.25;3119;3119;21
20191203 032900;3119.25;3119.25;3119;3119;18
20191203 033000;3119.25;3119.25;3119;3119;17
20191203 033100;3119;3120.25;3119;3120.25;227
20191203 033200;3120.25;3120.5;3119.75;3119.75;128
20191203 033300;3120;3120;3120;3120;5
20191203 033400;3120;3120;3119.5;3119.75;50
20191203 033500;3120;3120.75;3119.75;3120.5;60
20191203 033600;3120.5;3121.25;3120.5;3121.25;202
20191203 033700;3121.25;3121.25;3120.5;3121;69
20191203 033800;3120.75;3121;3120.5;3120.75;34
20191203 033900;3120.75;3120.75;3120.5;3120.5;31
20191203 034000;3120.75;3121.25;3120.5;3121;44
20191203 034100;3121;3121;3120.25;3120.5;53
20191203 034200;3120.5;3120.5;3120.5;3120.5;6
20191203 034300;3120.5;3121;3120.5;3121;59
20191203 034400;3121;3121.25;3120.75;3121;40
20191203 034500;3121;3121.25;3120.75;3120.75;102
20191203 034600;3120.75;3120.75;3120.75;3120.75;40
20191203 034700;3120.75;3121;3120.75;3121;18
20191203 034800;3121;3121;3120.75;3121;17
20191203 034900;3121;3121;3121;3121;19
20191203 035000;3120.75;3120.75;3120.5;3120.5;36
20191203 035100;3120.75;3120.75;3120.5;3120.75;26
20191203 035200;3120.75;3121.5;3120.5;3121.5;118
20191203 035300;3121.25;3122;3121.25;3121.5;122
20191203 035400;3121.5;3121.75;3121.25;3121.25;45
20191203 035500;3121;3121;3121;3121;53
20191203 035600;3120.75;3120.75;3120.5;3120.5;73
20191203 035700;3120.5;3120.5;3120.25;3120.5;48
20191203 035800;3120.5;3120.75;3120.5;3120.75;31
20191203 035900;3120.5;3120.5;3120;3120;45
20191203 040000;3120;3120.25;3120;3120;24
20191203 040100;3120.25;3120.5;3120;3120.25;24
20191203 040200;3120.5;3120.5;3120.5;3120.5;7
20191203 040400;3120.25;3120.25;3120.25;3120.25;11
20191203 040500;3120;3120;3119.75;3120;64
20191203 040600;3120;3120;3120;3120;30
20191203 040700;3119.75;3120;3119.75;3119.75;11
20191203 040800;3119.75;3120;3119.75;3120;17
20191203 040900;3120;3120;3120;3120;18
20191203 041000;3120.25;3120.25;3120.25;3120.25;4
20191203 041100;3120;3120.25;3120;3120.25;9
20191203 041200;3120;3120;3120;3120;1
20191203 041300;3120.25;3120.25;3120.25;3120.25;18
20191203 041400;3120.25;3120.5;3120.25;3120.5;69
20191203 041500;3120.25;3120.25;3120.25;3120.25;9
20191203 041600;3120.25;3120.5;3120.25;3120.5;5
20191203 041700;3120.25;3120.5;3120.25;3120.5;10
20191203 041800;3120.25;3120.25;3120.25;3120.25;1
20191203 041900;3120.5;3120.5;3120.5;3120.5;14
20191203 042000;3120.75;3121;3120.5;3121;12
20191203 042100;3121;3121;3120.75;3120.75;8
20191203 042200;3120.75;3120.75;3120.75;3120.75;11
20191203 042300;3121;3121;3120.75;3120.75;10
20191203 042400;3120.75;3120.75;3120.75;3120.75;10
20191203 042500;3121;3121;3120.75;3120.75;2
20191203 042600;3121;3121;3120.75;3121;46
20191203 042700;3121;3121;3121;3121;40
20191203 042800;3121;3121;3120.75;3121;20
20191203 042900;3120.75;3121;3120.75;3121;8
20191203 043000;3121;3121;3121;3121;40
20191203 043100;3121;3121.25;3121;3121.25;44
20191203 043200;3121.25;3121.25;3121;3121;12
20191203 043300;3121;3121;3121;3121;20
20191203 043400;3120.75;3120.75;3120.75;3120.75;26
20191203 043500;3120.5;3120.75;3120.5;3120.75;15
20191203 043600;3120.5;3120.75;3120.5;3120.75;23
20191203 043700;3120.75;3121;3120.5;3120.75;21
20191203 043800;3120.75;3120.75;3120.75;3120.75;7
20191203 044000;3120.5;3120.5;3120.5;3120.5;3
20191203 044100;3120.5;3120.5;3120.5;3120.5;9
20191203 044200;3120.25;3120.5;3120.25;3120.25;19
20191203 044300;3120.25;3120.25;3120;3120;25
20191203 044400;3120;3120.25;3120;3120;29
20191203 044500;3119.75;3120;3119.75;3120;15
20191203 044600;3120;3120.25;3120;3120.25;5
20191203 044700;3120.25;3120.25;3120.25;3120.25;17
20191203 044800;3120.25;3120.25;3120;3120;16
20191203 044900;3120;3120.5;3120;3120.25;74
20191203 045000;3120.25;3120.25;3120.25;3120.25;7
20191203 045100;3120.25;3120.5;3120.25;3120.5;9
20191203 045200;3120.25;3120.5;3120.25;3120.25;10
20191203 045300;3120.25;3120.25;3120.25;3120.25;19
20191203 045400;3120.25;3120.25;3120;3120;46
20191203 045500;3120;3120;3120;3120;3
20191203 045600;3120;3120;3120;3120;1
20191203 045700;3120;3120;3120;3120;2
20191203 045800;3120.25;3120.25;3120.25;3120.25;2
20191203 045900;3120.25;3120.5;3120.25;3120.25;30
20191203 050000;3120.5;3120.5;3120.5;3120.5;2
20191203 050100;3120.25;3120.25;3120.25;3120.25;32
20191203 050200;3120;3120;3119.75;3119.75;8
20191203 050300;3120;3120;3119.75;3119.75;77
20191203 050400;3120.25;3120.25;3120.25;3120.25;2
20191203 050500;3120.25;3120.5;3120;3120.25;48
20191203 050600;3120.25;3120.25;3120.25;3120.25;16
20191203 050700;3120;3120;3119.75;3119.75;25
20191203 050800;3119.75;3119.75;3119.5;3119.75;31
20191203 050900;3119.75;3120;3119.75;3119.75;33
20191203 051000;3120;3120.25;3120;3120;33
20191203 051100;3120;3120.25;3120;3120;24
20191203 051200;3120;3120;3119.75;3119.75;3
20191203 051300;3119.75;3119.75;3119.5;3119.5;45
20191203 051400;3119.75;3119.75;3119.5;3119.5;5
20191203 051500;3119.25;3119.5;3119.25;3119.25;21
20191203 051600;3119.5;3119.5;3119.5;3119.5;5
20191203 051700;3119.5;3119.5;3119.5;3119.5;1
20191203 051800;3119.5;3119.75;3119.5;3119.75;14
20191203 051900;3119.75;3119.75;3119.75;3119.75;1
20191203 052000;3119.75;3119.75;3119.5;3119.5;72
20191203 052100;3119.5;3120;3119.5;3119.75;58
20191203 052200;3119.75;3119.75;3119.5;3119.75;45
20191203 052300;3119.75;3119.75;3119.5;3119.75;132
20191203 052400;3119.75;3119.75;3119.5;3119.75;57
20191203 052500;3119.75;3119.75;3119.5;3119.75;18
20191203 052600;3120;3120.25;3120;3120;47
20191203 052700;3120;3120;3120;3120;1
20191203 052800;3120;3120;3120;3120;14
20191203 052900;3120;3120.25;3120;3120.25;36
20191203 053000;3120;3120.25;3120;3120.25;35
20191203 053100;3120.5;3120.5;3120.5;3120.5;71
20191203 053200;3120.5;3120.75;3120.5;3120.75;25
20191203 053300;3120.75;3121;3120.75;3120.75;68
20191203 053400;3120.75;3120.75;3120.75;3120.75;18
20191203 053500;3120.75;3121.75;3120.75;3121.75;240
20191203 053600;3121.75;3121.75;3121;3121;67
20191203 053700;3121;3121;3121;3121;39
20191203 053800;3121;3121.25;3121;3121.25;2
20191203 053900;3121.25;3121.25;3120.75;3120.75;17
20191203 054000;3120.75;3121;3120;3120;55
20191203 054100;3120;3120.25;3120;3120.25;30
20191203 054200;3120.25;3120.5;3120.25;3120.5;23
20191203 054300;3120.5;3120.5;3120;3120.25;40
20191203 054400;3120;3120.25;3119.75;3119.75;71
20191203 054500;3120;3120;3119.25;3119.25;59
20191203 054600;3119.25;3119.5;3119.25;3119.5;42
20191203 054700;3119.5;3119.5;3119.25;3119.25;29
20191203 054800;3119.25;3119.5;3119.25;3119.5;37
20191203 054900;3119.5;3119.5;3119.5;3119.5;32
20191203 055000;3119.5;3119.75;3119.5;3119.75;21
20191203 055100;3119.75;3120;3119.75;3120;28
20191203 055200;3120;3120.5;3120;3120.5;47
20191203 055300;3120.5;3120.5;3120.25;3120.25;13
20191203 055400;3120.5;3120.75;3120.5;3120.75;32
20191203 055500;3120.5;3120.5;3120.25;3120.5;12
20191203 055600;3120.75;3120.75;3120.75;3120.75;24
20191203 055700;3121;3121;3120.75;3121;63
20191203 055800;3121;3121;3121;3121;15
20191203 055900;3120.75;3121.25;3120.75;3121.25;24
20191203 060000;3121;3121;3121;3121;37
20191203 060100;3121;3121.25;3121;3121.25;62
20191203 060200;3121;3121.25;3120.75;3120.75;41
20191203 060300;3121;3121;3120.75;3120.75;44
20191203 060400;3121;3121;3120.75;3120.75;30
20191203 060500;3120.5;3120.5;3120.5;3120.5;22
20191203 060600;3120.5;3120.5;3120.5;3120.5;28
20191203 060700;3120.5;3120.5;3120.25;3120.25;20
20191203 060800;3120.25;3120.25;3120.25;3120.25;34
20191203 060900;3120;3120;3119.75;3119.75;30
20191203 061000;3120;3120;3119.75;3120;45
20191203 061100;3120.25;3120.25;3120.25;3120.25;7
20191203 061200;3120.25;3120.25;3120;3120;19
20191203 061300;3120;3120;3120;3120;12
20191203 061400;3120;3120;3119.75;3119.75;30
20191203 061500;3119.75;3119.75;3119.5;3119.5;24
20191203 061600;3119.5;3119.75;3119.5;3119.75;12
20191203 061700;3120;3120;3119.5;3119.75;15
20191203 061800;3119.75;3119.75;3119.5;3119.5;25
20191203 061900;3119.25;3119.25;3119;3119;85
20191203 062000;3119;3119;3118.75;3119;34
20191203 062100;3119;3119;3118.75;3118.75;4
20191203 062200;3118.75;3118.75;3118.5;3118.5;71
20191203 062300;3118.5;3118.75;3118.5;3118.75;48
20191203 062400;3118.5;3118.5;3118.5;3118.5;34
20191203 062500;3118.25;3118.75;3118.25;3118.5;11
20191203 062600;3118.5;3118.75;3118.5;3118.75;125
20191203 062700;3119;3119;3118.75;3118.75;29
20191203 062900;3119;3119;3119;3119;1
20191203 063000;3118.75;3119;3118.75;3119;3
20191203 063100;3118.75;3119.25;3118.75;3119.25;28
20191203 063200;3119.25;3119.5;3119.25;3119.25;22
20191203 063300;3119.25;3119.25;3119.25;3119.25;1
20191203 063400;3119.25;3119.25;3118.75;3119.25;35
20191203 063500;3119;3119.25;3119;3119.25;13
20191203 063600;3119.25;3119.25;3119.25;3119.25;16
20191203 063700;3119;3119.25;3119;3119.25;39
20191203 063800;3119.25;3119.25;3119.25;3119.25;9
20191203 063900;3119;3119;3119;3119;5
20191203 064100;3119;3119.25;3119;3119;43
20191203 064200;3118.75;3119;3118.75;3118.75;19
20191203 064300;3119;3119;3118.75;3118.75;68
20191203 064400;3118.75;3118.75;3118.25;3118.25;11
20191203 064500;3118.25;3118.25;3118.25;3118.25;4
20191203 064700;3118.5;3118.5;3118.25;3118.5;41
20191203 064800;3118.5;3118.5;3118.5;3118.5;7
20191203 064900;3118.5;3118.75;3118.5;3118.75;4
20191203 065100;3119;3119;3119;3119;19
20191203 065200;3119;3119.25;3119;3119.25;4
20191203 065400;3119;3119;3118.75;3118.75;32
20191203 065500;3119;3119;3119;3119;2
20191203 065600;3119;3119;3119;3119;6
20191203 065700;3119;3119;3119;3119;1
20191203 065800;3119.25;3119.25;3119.25;3119.25;21
20191203 070000;3119.5;3119.5;3119.5;3119.5;19
20191203 070100;3119.5;3119.75;3118.75;3119.5;172
20191203 070200;3119.25;3119.5;3119.25;3119.5;61
20191203 070300;3119.5;3120.5;3119.5;3120.25;146
20191203 070400;3120.25;3120.25;3119.75;3120.25;106
20191203 070500;3120;3120.25;3120;3120.25;47
20191203 070600;3120.5;3120.75;3120.5;3120.5;60
20191203 070700;3120.5;3120.5;3120.25;3120.25;26
20191203 070800;3120.25;3120.25;3120;3120.25;40
20191203 070900;3120.25;3120.25;3120;3120.25;32
20191203 071000;3120.25;3120.25;3120;3120;14
20191203 071100;3120;3120;3119.5;3119.75;107
20191203 071200;3119.75;3119.75;3119.25;3119.5;31
20191203 071300;3119.25;3119.25;3119;3119.25;41
20191203 071400;3119;3119.5;3119;3119.5;36
20191203 071500;3119.5;3120;3119.5;3120;25
20191203 071600;3119.75;3119.75;3119.75;3119.75;15
20191203 071700;3119.5;3119.5;3119.5;3119.5;21
20191203 071800;3119.75;3119.75;3119.25;3119.25;25
20191203 071900;3119.25;3119.5;3119;3119;75
20191203 072000;3119.25;3119.25;3118.75;3119.25;72
20191203 072100;3119.25;3119.75;3119.25;3119.25;77
20191203 072200;3119.25;3119.5;3119.25;3119.5;18
20191203 072300;3119.75;3120;3119.5;3119.75;62
20191203 072400;3119.5;3119.75;3119.5;3119.5;51
20191203 072500;3119.25;3119.25;3119;3119.25;60
20191203 072600;3119.25;3119.5;3119.25;3119.25;50
20191203 072700;3119.25;3119.5;3119.25;3119.5;107
20191203 072800;3119.75;3119.75;3119.25;3119.25;34
20191203 072900;3119.25;3119.25;3119;3119;36
20191203 073000;3119;3119;3118.75;3119;49
20191203 073100;3118.75;3119;3118.5;3118.5;86
20191203 073200;3118.5;3118.5;3118.25;3118.5;194
20191203 073300;3118.75;3119.25;3118.5;3119;75
20191203 073400;3119;3119;3118.5;3118.75;130
20191203 073500;3118.5;3118.75;3118.5;3118.5;25
20191203 073600;3118.5;3119;3118.5;3118.75;104
20191203 073800;3118.5;3118.5;3118.25;3118.5;9
20191203 073900;3118.5;3118.5;3118.5;3118.5;1
20191203 074000;3118.5;3118.5;3118.25;3118.25;23
20191203 074100;3118.25;3118.25;3118.25;3118.25;60
20191203 074200;3118;3118.25;3117.75;3117.75;104
20191203 074300;3117.75;3117.75;3117.75;3117.75;46
20191203 074400;3117.75;3118;3117.5;3118;51
20191203 074500;3118;3118;3117.5;3117.5;16
20191203 074600;3117.75;3117.75;3117.5;3117.75;83
20191203 074700;3117.5;3117.5;3117.25;3117.5;116
20191203 074800;3117.5;3117.5;3117.25;3117.25;72
20191203 074900;3117.25;3117.75;3117.25;3117.75;27
20191203 075000;3118;3118.25;3118;3118.25;54
20191203 075100;3118.25;3118.25;3117.75;3117.75;43
20191203 075200;3117.5;3117.75;3117.5;3117.75;47
20191203 075300;3118;3118;3117.5;3117.5;72
20191203 075400;3117.5;3117.5;3117.5;3117.5;11
20191203 075500;3117.25;3117.5;3117.25;3117.25;3
20191203 075600;3117.25;3117.25;3117;3117;84
20191203 075700;3117;3117.25;3117;3117;36
20191203 075800;3117.25;3117.25;3117;3117;58
20191203 075900;3117;3117.25;3117;3117.25;29
20191203 080000;3117.5;3117.5;3117.25;3117.25;21
20191203 080100;3117.25;3119;3117;3119;384
20191203 080200;3118.75;3118.75;3117.75;3118;217
20191203 080300;3118;3118.75;3118;3118.75;179
20191203 080400;3118.75;3119;3118.25;3118.25;159
20191203 080500;3118.5;3118.5;3118;3118.25;165
20191203 080600;3118.5;3118.5;3117.75;3117.75;219
20191203 080700;3118;3118;3117.25;3117.5;149
20191203 080800;3117.75;3117.75;3117;3117;44
20191203 080900;3117;3117.5;3117;3117;93
20191203 081000;3117.25;3117.75;3117;3117.25;95
20191203 081100;3117.5;3119.25;3117.25;3118.75;191
20191203 081200;3119;3120.25;3119;3119.75;231
20191203 081300;3119.75;3120;3119.25;3119.25;85
20191203 081400;3119.25;3119.75;3119;3119.75;71
20191203 081500;3119.75;3120;3119.75;3119.75;87
20191203 081600;3119.75;3120;3119;3119;103
20191203 081700;3119;3119.75;3119;3119;173
20191203 081800;3119.25;3119.5;3119.25;3119.25;145
20191203 081900;3119.25;3119.25;3119;3119.25;91
20191203 082000;3119.25;3120;3119.25;3120;108
20191203 082100;3120;3120;3119.5;3119.75;70
20191203 082200;3119.75;3120.25;3119.75;3120;188
20191203 082300;3120;3120;3119.75;3119.75;55
20191203 082400;3119.75;3119.75;3118.75;3119;73
20191203 082500;3118.75;3119;3118.5;3119;84
20191203 082600;3118.75;3119.25;3118.25;3118.25;151
20191203 082700;3118.25;3118.75;3118.25;3118.75;35
20191203 082800;3118.75;3118.75;3118.5;3118.5;19
20191203 082900;3118.5;3118.75;3118.5;3118.5;55
20191203 083000;3118.5;3118.5;3118;3118.5;36
20191203 083100;3118.25;3119;3118;3119;46
20191203 083200;3119;3119;3118.5;3118.75;27
20191203 083300;3118.5;3119;3118.5;3119;99
20191203 083400;3119.25;3119.25;3118.75;3119;60
20191203 083500;3119;3119.5;3119;3119.5;92
20191203 083600;3119.5;3119.5;3119;3119.25;59
20191203 083700;3119.5;3120;3119.5;3119.75;69
20191203 083800;3119.5;3120.5;3119.5;3120.25;132
20191203 083900;3120.25;3120.5;3120;3120;94
20191203 084000;3120;3120.25;3120;3120.25;9
20191203 084100;3120;3120;3119.75;3120;89
20191203 084200;3120;3120;3119.5;3119.5;19
20191203 084300;3119.25;3119.5;3119.25;3119.25;24
20191203 084400;3119.25;3119.5;3119.25;3119.5;64
20191203 084500;3119.5;3119.75;3119.5;3119.5;36
20191203 084600;3119.5;3119.5;3119.25;3119.25;68
20191203 084700;3119.25;3119.25;3119.25;3119.25;13
20191203 084800;3119.75;3119.75;3119.25;3119.25;19
20191203 084900;3119;3119.5;3118.75;3119.25;107
20191203 085000;3119.25;3119.25;3119;3119.25;132
20191203 085100;3119.25;3119.5;3119;3119.25;85
20191203 085200;3119.25;3119.75;3119.25;3119.5;19
20191203 085300;3119.5;3119.5;3119.5;3119.5;55
20191203 085400;3119.25;3119.25;3119.25;3119.25;21
20191203 085500;3119.25;3119.5;3119.25;3119.25;9
20191203 085600;3119.5;3119.75;3119.5;3119.75;48
20191203 085700;3119.75;3119.75;3119.5;3119.5;18
20191203 085800;3119.75;3119.75;3119.75;3119.75;24
20191203 085900;3119.75;3119.75;3119.5;3119.5;22
20191203 090000;3119.5;3119.5;3119.25;3119.5;71
20191203 090100;3119.5;3120.25;3119.25;3120.25;77
20191203 090200;3120.25;3120.75;3120;3120.25;114
20191203 090300;3120.75;3120.75;3120.5;3120.75;46
20191203 090400;3121;3121;3120.75;3120.75;61
20191203 090500;3121;3121.25;3120.5;3121.25;57
20191203 090600;3121;3121;3120.75;3120.75;94
20191203 090700;3120.75;3120.75;3120.5;3120.5;38
20191203 090800;3120.5;3120.5;3120.5;3120.5;45
20191203 090900;3120.5;3120.5;3120.5;3120.5;4
20191203 091000;3120.5;3120.5;3120.5;3120.5;1
20191203 091100;3120.5;3120.75;3120.5;3120.75;11
20191203 091200;3120.5;3120.5;3120.5;3120.5;30
20191203 091300;3120.25;3120.5;3119.75;3119.75;71
20191203 091400;3119.75;3120;3119.75;3120;86
20191203 091500;3120;3120;3120;3120;1
20191203 091600;3120.25;3120.5;3119;3119;129
20191203 091700;3119;3119.25;3118.75;3118.75;120
20191203 091800;3119;3119;3118.75;3119;53
20191203 091900;3119.25;3120;3119.25;3119.75;84
20191203 092000;3119.75;3120.5;3119.75;3120.25;95
20191203 092100;3120.5;3120.5;3120;3120;46
20191203 092200;3120;3120.25;3120;3120.25;40
20191203 092300;3120.25;3120.25;3120;3120.25;34
20191203 092400;3120.25;3120.25;3120;3120;44
20191203 092500;3120;3120;3119.75;3120;49
20191203 092600;3120;3120.25;3120;3120.25;23
20191203 092700;3120.25;3120.5;3120.25;3120.25;16
20191203 092800;3120;3120;3119.75;3119.75;60
20191203 092900;3119.75;3120;3119.75;3119.75;21
20191203 093000;3119.75;3119.75;3119.75;3119.75;26
20191203 093100;3119.5;3120;3119.5;3120;36
20191203 093200;3120;3120;3119.25;3119.25;87
20191203 093300;3119.25;3119.5;3118.75;3119;139
20191203 093400;3119;3119.25;3118.75;3118.75;71
20191203 093500;3118.75;3119;3118.5;3118.75;118
20191203 093600;3118.5;3118.5;3118;3118.25;105
20191203 093700;3118.5;3118.5;3118.5;3118.5;4
20191203 093800;3118.5;3118.5;3118;3118;55
20191203 093900;3118;3118.25;3117.75;3117.75;54
20191203 094000;3117.75;3118;3117.5;3117.5;85
20191203 094100;3117.5;3117.5;3117;3117;97
20191203 094200;3117;3117.25;3117;3117;12
20191203 094300;3117;3117;3116.5;3116.5;162
20191203 094400;3116.5;3116.5;3115.75;3116.25;136
20191203 094500;3116;3116.25;3116;3116;76
20191203 094600;3116;3116.25;3116;3116.25;55
20191203 094700;3116.5;3116.5;3115.5;3115.75;86
20191203 094800;3115.75;3116.25;3115.75;3115.75;48
20191203 094900;3115.5;3115.75;3115.25;3115.5;88
20191203 095000;3115.5;3115.5;3115.5;3115.5;16
20191203 095100;3115.75;3116;3115.75;3116;56
20191203 095200;3116;3116.25;3116;3116.25;59
20191203 095300;3116;3116.25;3116;3116.25;31
20191203 095400;3116.25;3117;3116.25;3116.75;92
20191203 095500;3116.75;3116.75;3116.75;3116.75;35
20191203 095600;3117;3117.5;3117;3117;91
20191203 095700;3117;3117.25;3115.75;3116.25;219
20191203 095800;3116.5;3117.5;3116.5;3117.25;195
20191203 095900;3117.5;3118;3117.25;3117.75;135
20191203 100000;3118;3118.75;3118;3118.5;134
20191203 100100;3118.5;3120;3118.5;3119.75;204
20191203 100200;3119.75;3120;3119.5;3119.75;167
20191203 100300;3119.75;3119.75;3119.25;3119.25;101
20191203 100400;3119.5;3119.5;3119.5;3119.5;26
20191203 100500;3119.75;3120;3119.25;3119.25;139
20191203 100600;3119.25;3119.5;3119.25;3119.5;30
20191203 100700;3119.5;3119.75;3119.5;3119.5;28
20191203 100800;3119.75;3120;3119.5;3120;39
20191203 100900;3120;3120;3119.5;3119.5;162
20191203 101000;3119.5;3119.5;3117.25;3118.75;823
20191203 101100;3118.75;3118.75;3114.75;3114.75;950
20191203 101200;3114.5;3114.75;3112.75;3114.5;879
20191203 101300;3114.25;3114.75;3111;3111;687
20191203 101400;3111.25;3112;3109;3109.75;1491
20191203 101500;3109.75;3110.25;3108.5;3110.25;501
20191203 101600;3110.25;3110.25;3106.75;3107.75;1065
20191203 101700;3107.75;3108;3105.75;3107.5;1078
20191203 101800;3107.5;3107.75;3105.5;3105.75;525
20191203 101900;3105.75;3106;3104.25;3105.5;892
20191203 102000;3105.5;3106;3104.5;3105.75;351
20191203 102100;3105.75;3106.25;3104.25;3104.5;389
20191203 102200;3104.5;3105;3102.5;3103.5;809
20191203 102300;3103.5;3103.75;3102.5;3103.25;310
20191203 102400;3103.5;3105;3103.5;3105;244
20191203 102500;3104.75;3105.5;3104.5;3105.25;224
20191203 102600;3105;3105.5;3104.5;3104.75;220
20191203 102700;3104.5;3105.25;3104.5;3105.25;107
20191203 102800;3105;3105;3104.25;3104.75;205
20191203 102900;3104.75;3104.75;3103;3103.5;237
20191203 103000;3103.5;3104;3101.5;3101.75;467
20191203 103100;3101.75;3103;3101.5;3102.75;291
20191203 103200;3102.75;3103;3102;3102.25;355
20191203 103300;3102.25;3103.25;3102;3102.5;318
20191203 103400;3102.5;3104;3102.5;3103.5;427
20191203 103500;3103.5;3104.75;3103.5;3103.5;163
20191203 103600;3103.75;3103.75;3102.5;3102.5;187
20191203 103700;3102.5;3102.75;3101.75;3101.75;329
20191203 103800;3101.5;3103;3101.5;3102.75;175
20191203 103900;3103;3103.75;3102.75;3103.5;82
20191203 104000;3103.5;3103.5;3102.25;3102.5;158
20191203 104100;3102.5;3102.75;3102.25;3102.25;181
20191203 104200;3102;3102.5;3101.75;3102.25;178
20191203 104300;3102.5;3102.75;3102.5;3102.5;129
20191203 104400;3102.25;3102.5;3102;3102.25;186
20191203 104500;3102;3102.75;3102;3102.5;120
20191203 104600;3102.5;3102.75;3102.25;3102.75;53
20191203 104700;3102.75;3103;3102.25;3102.25;147
20191203 104800;3102.25;3102.25;3101.75;3102;101
20191203 104900;3102.25;3102.5;3101.75;3102.25;142
20191203 105000;3102;3102.75;3101.75;3102.75;151
20191203 105100;3102.75;3103;3102.75;3102.75;115
20191203 105200;3102.75;3104;3102.75;3103.75;182
20191203 105300;3103.75;3103.75;3103;3103;123
20191203 105400;3103;3103.5;3103;3103.25;83
20191203 105500;3103;3103.25;3103;3103.25;53
20191203 105600;3103.25;3103.5;3103;3103;76
20191203 105700;3103;3103.25;3102.75;3103;229
20191203 105800;3103;3103.25;3103;3103;36
20191203 105900;3103;3103.5;3103;3103.5;22
20191203 110000;3103.25;3103.25;3103;3103;44
20191203 110100;3103.25;3103.75;3103;3103.75;117
20191203 110200;3104;3104;3103.5;3103.5;135
20191203 110300;3103.25;3104;3103.25;3103.75;84
20191203 110400;3103.5;3103.75;3103.5;3103.5;78
20191203 110500;3103.5;3103.75;3103.25;3103.25;32
20191203 110600;3103.25;3104;3103;3104;79
20191203 110700;3104;3104;3103.75;3104;56
20191203 110800;3103.75;3103.75;3103;3103;135
20191203 110900;3103;3103;3102.5;3103;143
20191203 111000;3103;3103.25;3102.75;3103.25;87
20191203 111100;3103.25;3103.25;3103;3103.25;70
20191203 111200;3103.25;3103.5;3103;3103;70
20191203 111300;3103.25;3103.25;3103;3103.25;56
20191203 111400;3103.5;3103.5;3103.25;3103.25;10
20191203 111500;3103.25;3103.25;3102.5;3103.25;83
20191203 111600;3103.25;3103.5;3103;3103.5;87
20191203 111700;3103.5;3103.5;3102.75;3103;149
20191203 111800;3102.75;3102.75;3102;3102.25;157
20191203 111900;3102.5;3102.5;3102;3102.25;94
20191203 112000;3102.5;3103;3102.5;3103;69
20191203 112100;3102.75;3103.25;3102.75;3103;56
20191203 112200;3103;3104;3103;3103.75;103
20191203 112300;3103.75;3104;3103.5;3103.5;140
20191203 112400;3103.75;3104.75;3103.5;3104.75;293
20191203 112500;3105;3106;3105;3105.25;545
20191203 112600;3105;3105.25;3104.75;3104.75;198
20191203 112700;3104.75;3105;3104.5;3104.75;80
20191203 112800;3104.75;3105.25;3104.75;3105;82
20191203 112900;3105;3105;3104.75;3104.75;63
20191203 113000;3105;3105.5;3105;3105.25;97
20191203 113100;3105.5;3105.5;3105.25;3105.25;144
20191203 113200;3105.25;3105.75;3105.25;3105.75;194
20191203 113300;3105.75;3105.75;3105.25;3105.5;50
20191203 113400;3105.75;3105.75;3105.5;3105.5;57
20191203 113500;3105.75;3105.75;3105.5;3105.5;88
20191203 113600;3105.75;3106.25;3105.5;3105.75;133
20191203 113700;3106;3106;3105.75;3106;60
20191203 113800;3105.75;3106.25;3105.75;3106;19
20191203 113900;3106.25;3106.25;3105.5;3105.75;192
20191203 114000;3105.5;3105.5;3105.25;3105.25;76
20191203 114100;3105.5;3105.75;3105.5;3105.5;66
20191203 114200;3105.5;3105.5;3105;3105;187
20191203 114300;3105;3105.75;3105;3105.75;64
20191203 114400;3105.5;3105.5;3105.5;3105.5;75
20191203 114500;3105.5;3106.25;3105.5;3106.25;91
20191203 114600;3106.25;3106.5;3106;3106.25;155
20191203 114700;3106.25;3106.25;3105.75;3106;63
20191203 114800;3106;3106.25;3106;3106.25;132
20191203 114900;3106.25;3106.25;3106;3106;49
20191203 115000;3106;3106;3105.75;3106;45
20191203 115100;3106;3106;3105.75;3106;33
20191203 115200;3106;3106.25;3106;3106.25;32
20191203 115300;3106.5;3106.5;3105.75;3106;150
20191203 115400;3106;3106;3105.5;3105.75;82
20191203 115500;3105.75;3106.5;3105.75;3106.5;46
20191203 115600;3106.5;3107.25;3106.5;3106.75;233
20191203 115700;3106.75;3107;3106.75;3107;38
20191203 115800;3107;3107.25;3106.75;3107;133
20191203 115900;3106.75;3106.75;3106.25;3106.5;76
20191203 120000;3106.75;3106.75;3106.5;3106.75;45
20191203 120100;3107;3107;3106.75;3106.75;101
20191203 120200;3107;3107;3106;3106;78
20191203 120300;3106;3106.25;3106;3106.25;66
20191203 120400;3106;3106.25;3106;3106;80
20191203 120500;3106;3106.25;3106;3106;50
20191203 120600;3106.25;3106.25;3105.75;3105.75;41
20191203 120700;3105.75;3105.75;3105.25;3105.5;159
20191203 120800;3105.25;3105.75;3105.25;3105.25;58
20191203 120900;3105.25;3105.25;3105;3105;79
20191203 121000;3105;3105.25;3105;3105.25;94
20191203 121100;3105.25;3105.25;3105;3105;123
20191203 121200;3105;3105;3104.5;3105;148
20191203 121300;3105;3105.5;3105;3105.25;62
20191203 121400;3105;3105;3104.5;3104.5;98
20191203 121500;3104.5;3104.5;3104;3104.25;58
20191203 121600;3104.25;3104.25;3104;3104;95
20191203 121700;3104.25;3104.75;3104.25;3104.25;82
20191203 121800;3104.5;3104.75;3104.25;3104.25;81
20191203 121900;3104.25;3104.25;3104;3104.25;28
20191203 122000;3104;3104.5;3104;3104.25;69
20191203 122100;3104.25;3104.5;3103.5;3104.25;158
20191203 122200;3104;3104.25;3104;3104;178
20191203 122300;3104.25;3104.25;3104;3104;112
20191203 122400;3104.25;3104.25;3104;3104;30
20191203 122500;3103.75;3104;3103.75;3103.75;13
20191203 122600;3104;3104.25;3104;3104.25;60
20191203 122700;3104;3104;3104;3104;1
20191203 122800;3104.25;3104.25;3104;3104;8
20191203 122900;3104.25;3104.5;3104;3104.25;56
20191203 123000;3104.25;3104.5;3104.25;3104.25;43
20191203 123100;3104.25;3104.5;3104.25;3104.25;14
20191203 123200;3104.5;3104.75;3104.25;3104.25;52
20191203 123300;3104.25;3104.5;3104;3104.25;83
20191203 123400;3104;3104.25;3103.75;3104;94
20191203 123500;3104.25;3104.25;3104.25;3104.25;22
20191203 123600;3104.5;3104.75;3104.5;3104.75;53
20191203 123700;3104.75;3104.75;3104.25;3104.25;25
20191203 123800;3104.25;3104.25;3104;3104;56
20191203 123900;3104;3104.5;3104;3104.25;53
20191203 124000;3104.5;3104.5;3104;3104;15
20191203 124100;3104.25;3104.25;3103.75;3104.25;69
20191203 124200;3104.5;3104.75;3104.5;3104.5;24
20191203 124300;3104.5;3104.5;3103.75;3104.25;75
20191203 124400;3104.5;3105;3104;3104.25;136
20191203 124500;3104;3104;3098.5;3098.75;1897
20191203 124600;3098.75;3100;3098.5;3099.75;432
20191203 124700;3100;3101;3099.75;3100.75;255
20191203 124800;3100.75;3100.75;3099.75;3099.75;115
20191203 124900;3099.75;3100;3099.25;3099.75;237
20191203 125000;3099.75;3100.25;3099.25;3099.5;147
20191203 125100;3099.75;3099.75;3099.25;3099.5;58
20191203 125200;3099.25;3099.25;3098.25;3098.25;363
20191203 125300;3098;3098.5;3096.75;3096.75;679
20191203 125400;3096.75;3097;3096.25;3096.5;424
20191203 125500;3096.5;3097;3096.5;3096.5;222
20191203 125600;3096.5;3098.25;3096.5;3098;239
20191203 125700;3098.25;3098.5;3097.25;3097.5;234
20191203 125800;3097.5;3097.75;3097.25;3097.75;143
20191203 125900;3097.5;3098;3097.25;3097.5;122
20191203 130000;3097.5;3097.5;3097.25;3097.25;59
20191203 130100;3097.25;3097.5;3096.75;3097.25;172
20191203 130200;3097.25;3097.75;3097.25;3097.5;81
20191203 130300;3097.5;3098;3097.25;3097.75;128
20191203 130400;3098;3099;3097.75;3098.5;240
20191203 130500;3098.5;3098.75;3098.5;3098.5;70
20191203 130600;3098.5;3098.5;3098;3098;107
20191203 130700;3098;3098.75;3098;3098.5;148
20191203 130800;3098.5;3098.5;3097.5;3097.75;82
20191203 130900;3097.5;3097.75;3096.5;3096.5;189
20191203 131000;3096.5;3097.5;3096.5;3097.25;221
20191203 131100;3097.25;3097.25;3096.5;3096.5;162
20191203 131200;3096.5;3096.75;3093.75;3094;955
20191203 131300;3093.75;3094.25;3093.5;3094;393
20191203 131400;3094;3094.5;3093;3093.75;239
20191203 131500;3093.75;3094;3093.25;3094;188
20191203 131600;3093.5;3094.25;3093.5;3093.75;130
20191203 131700;3093.75;3093.75;3092.25;3092.75;364
20191203 131800;3093;3093;3092.25;3092.75;400
20191203 131900;3092.75;3092.75;3091.75;3092.25;344
20191203 132000;3092.25;3093.5;3091.5;3093.25;460
20191203 132100;3093;3094;3093;3093.25;325
20191203 132200;3093.25;3093.25;3092.5;3092.5;248
20191203 132300;3092.5;3092.75;3091.75;3091.75;215
20191203 132400;3092;3092.75;3091.5;3092.75;254
20191203 132500;3092.75;3093.75;3092.5;3092.75;461
20191203 132600;3093;3093;3092.75;3092.75;165
20191203 132700;3093;3093;3092;3092;255
20191203 132800;3092;3092;3090.5;3091.5;628
20191203 132900;3091.25;3092.25;3090.75;3092.25;369
20191203 133000;3092.25;3093.5;3092.25;3093.25;381
20191203 133100;3093.25;3093.25;3092.5;3093;230
20191203 133200;3092.75;3093;3091.75;3091.75;303
20191203 133300;3091.75;3092.25;3090;3090.75;1068
20191203 133400;3090.5;3091.75;3088.5;3091.5;1109
20191203 133500;3091.25;3091.75;3089.25;3089.5;376
20191203 133600;3089.5;3090.5;3089;3090.5;315
20191203 133700;3090.5;3091;3090.25;3091;342
20191203 133800;3091;3091.25;3090.5;3090.75;97
20191203 133900;3090.75;3091;3089.75;3090;157
20191203 134000;3090;3090;3088.75;3089.5;278
20191203 134100;3089.25;3090.5;3089.25;3090.25;284
20191203 134200;3090.5;3090.75;3089;3090.5;363
20191203 134300;3090.5;3091.5;3090.25;3091.25;231
20191203 134400;3091.25;3091.75;3090.5;3091.75;334
20191203 134500;3091.75;3091.75;3091.25;3091.5;235
20191203 134600;3091;3091.5;3090;3091.25;161
20191203 134700;3091.25;3091.5;3090.5;3091;121
20191203 134800;3090.75;3091.25;3090.25;3090.75;237
20191203 134900;3090.5;3091.5;3090.5;3091;186
20191203 135000;3091.25;3091.75;3091;3091.5;198
20191203 135100;3091.5;3092;3090.75;3090.75;323
20191203 135200;3090.75;3090.75;3089.5;3089.75;363
20191203 135300;3089.5;3090.75;3089.5;3089.75;236
20191203 135400;3090;3090.25;3089.5;3089.75;153
20191203 135500;3089.75;3090.5;3089.75;3090.5;146
20191203 135600;3090.25;3090.75;3090;3090.75;84
20191203 135700;3090.5;3090.75;3090;3090;110
20191203 135800;3090;3090;3087.25;3088;911
20191203 135900;3088.25;3088.5;3087.75;3087.75;245
20191203 140000;3088;3088.75;3087.75;3088;324
20191203 140100;3088.25;3088.25;3086.75;3087.5;510
20191203 140200;3087.25;3087.5;3086;3086.5;656
20191203 140300;3086.5;3087.5;3086.25;3087;361
20191203 140400;3087;3087.75;3086;3086.25;327
20191203 140500;3086.25;3086.5;3085.5;3086;692
20191203 140600;3085.75;3086.5;3085.75;3086.25;246
20191203 140700;3086;3086;3085.25;3085.25;205
20191203 140800;3085.25;3086.25;3085.25;3085.75;613
20191203 140900;3085.75;3086.5;3085.75;3086.5;217
20191203 141000;3086.5;3087.25;3086.25;3087;390
20191203 141100;3087.25;3087.25;3086.25;3086.5;134
20191203 141200;3086.5;3086.5;3086;3086.25;92
20191203 141300;3086.25;3086.5;3085.75;3085.75;203
20191203 141400;3086;3086.25;3085.5;3086.25;274
20191203 141500;3086.25;3086.25;3085.5;3085.75;124
20191203 141600;3085.75;3085.75;3084;3085;867
20191203 141700;3085;3085.25;3084.5;3084.75;390
20191203 141800;3084.75;3085.5;3084;3084.5;452
20191203 141900;3084.5;3084.75;3082.75;3083;730
20191203 142000;3082.75;3083.5;3082.5;3083.5;411
20191203 142100;3083.25;3083.75;3083;3083;418
20191203 142200;3083;3083.5;3082.5;3082.75;287
20191203 142300;3082.75;3082.75;3081.5;3082.25;613
20191203 142400;3082.5;3082.5;3081.5;3081.5;352
20191203 142500;3081.75;3082;3081.5;3081.75;308
20191203 142600;3081.5;3085.25;3081.25;3085;1148
20191203 142700;3085.25;3085.25;3083.75;3084.25;942
20191203 142800;3084.25;3085;3083.5;3085;720
20191203 142900;3085;3085.5;3084;3085;632
20191203 143000;3084.75;3085.5;3084.25;3084.75;811
20191203 143100;3084.75;3085;3080.5;3080.5;4596
20191203 143200;3080.5;3080.75;3077.5;3079;4452
20191203 143300;3079.25;3079.75;3077.5;3078.25;1760
20191203 143400;3078.25;3081.5;3077.25;3081.5;2129
20191203 143500;3081.5;3084.25;3080.5;3084.25;3313
20191203 143600;3084.25;3084.5;3081.75;3083;2308
20191203 143700;3083.25;3086;3083;3084;2445
20191203 143800;3084.25;3084.25;3081.25;3081.5;2507
20191203 143900;3081.5;3081.75;3080.25;3081.5;1804
20191203 144000;3081.5;3082.5;3079;3079.25;2630
20191203 144100;3079.25;3079.25;3077.25;3077.25;2239
20191203 144200;3077.25;3079.5;3077.25;3079.25;1309
20191203 144300;3079;3080.5;3077.75;3080.25;1494
20191203 144400;3080.25;3082.25;3080.25;3081.75;2171
20191203 144500;3082;3083;3080;3080.25;1718
20191203 144600;3080.25;3080.25;3077.75;3078.5;2575
20191203 144700;3078.5;3080.75;3078.5;3080.5;1576
20191203 144800;3080.5;3080.5;3075.5;3077.5;2859
20191203 144900;3077.25;3078;3071;3071.75;8989
20191203 145000;3071.5;3073;3071.25;3071.5;3796
20191203 145100;3071.25;3073.25;3069.5;3072.75;3342
20191203 145200;3072.75;3074.5;3072.5;3074.25;2987
20191203 145300;3074;3075.25;3073;3074.5;2290
20191203 145400;3074.5;3075.5;3073.25;3075;1628
20191203 145500;3074.75;3076.75;3074.5;3076.25;1722
20191203 145600;3076;3076;3074.5;3075;1397
20191203 145700;3075;3078;3074;3078;2556
20191203 145800;3077.75;3078.5;3076.5;3077.25;2437
20191203 145900;3077.5;3079.25;3076.5;3078.25;1794
20191203 150000;3078.5;3080;3078.25;3079.75;1964
20191203 150100;3079.75;3080.5;3078;3080.25;1706
20191203 150200;3080;3080.25;3077.75;3078.25;1407
20191203 150300;3078.25;3079.25;3077.5;3078.75;1067
20191203 150400;3079;3080;3077.5;3079;2181
20191203 150500;3079;3079;3076.25;3077;1860
20191203 150600;3077;3077.5;3075.75;3077;1324
20191203 150700;3077;3079;3076.25;3076.5;2367
20191203 150800;3076.25;3077.5;3075.5;3076.75;1743
20191203 150900;3076.75;3077.25;3074.25;3074.75;1704
20191203 151000;3074.5;3075;3073.25;3073.5;1130
20191203 151100;3073.5;3074.5;3072;3072.75;1858
20191203 151200;3073;3075;3073;3074.75;1130
20191203 151300;3074.75;3076.25;3074;3074.75;1171
20191203 151400;3075;3075;3073.25;3073.75;1137
20191203 151500;3073.75;3076.25;3073.75;3075.75;1365
20191203 151600;3075.75;3076.5;3074.75;3076.5;962
20191203 151700;3076.5;3078.5;3076.5;3078.25;1715
20191203 151800;3078.5;3082;3078.25;3081.25;3511
20191203 151900;3081.25;3081.5;3080;3081.25;1799
20191203 152000;3081.25;3083.5;3081.25;3083;2379
20191203 152100;3083;3083.25;3081;3082.25;1849
20191203 152200;3082.5;3082.5;3080.75;3082.5;1365
20191203 152300;3082.5;3082.5;3080.5;3081;1358
20191203 152400;3080.75;3081.75;3080.25;3080.5;1181
20191203 152500;3080.5;3081;3080;3080.5;938
20191203 152600;3080.5;3080.5;3079;3079;1047
20191203 152700;3079.25;3079.5;3077;3078;1563
20191203 152800;3077.75;3078.75;3077.25;3078.25;910
20191203 152900;3078.25;3079;3077.25;3078.5;1151
20191203 153000;3078.25;3079.25;3077.75;3078;972
20191203 153100;3077.75;3079.75;3076.5;3079.5;1749
20191203 153200;3079.25;3081.25;3078.75;3080.25;1761
20191203 153300;3080;3080;3078;3079.75;1124
20191203 153400;3079.75;3082.5;3079.75;3082.5;2001
20191203 153500;3082.5;3083.25;3081.5;3082.5;1427
20191203 153600;3082.75;3082.75;3080;3080.25;961
20191203 153700;3080.25;3080.75;3079.25;3079.25;825
20191203 153800;3079.25;3080.25;3078.75;3078.75;577
20191203 153900;3078.75;3079.5;3078;3079.5;645
20191203 154000;3079.25;3082.5;3079.25;3081.75;1115
20191203 154100;3081.5;3081.5;3079.75;3080;1091
20191203 154200;3080;3080.5;3079.25;3080.5;813
20191203 154300;3080.75;3082.25;3080.5;3081.75;853
20191203 154400;3082;3083;3081.75;3082.25;816
20191203 154500;3082.5;3083.75;3082;3083;723
20191203 154600;3083;3084;3081.75;3081.75;914
20191203 154700;3081.75;3082;3080.25;3080.5;1316
20191203 154800;3080.5;3080.5;3078.25;3079.25;1377
20191203 154900;3079.5;3079.5;3076.75;3077.5;1416
20191203 155000;3077.5;3077.5;3076.25;3076.25;938
20191203 155100;3076;3076.5;3074.75;3076.25;1588
20191203 155200;3076.5;3077;3075.25;3076.75;654
20191203 155300;3076.5;3077.75;3076;3077.25;1237
20191203 155400;3077.25;3077.75;3075.75;3076.25;954
20191203 155500;3076.25;3079;3076;3077.5;1128
20191203 155600;3077.5;3078.5;3075.5;3078.25;1900
20191203 155700;3078.25;3078.25;3075.5;3077.75;1547
20191203 155800;3078;3078.25;3076.75;3077.5;1067
20191203 155900;3077.5;3078.75;3077;3078;677
20191203 160000;3078;3079.5;3077.5;3077.75;1124
20191203 160100;3078;3079;3075;3075.5;2063
20191203 160200;3075.5;3077.25;3075.25;3075.75;1020
20191203 160300;3075.75;3076.25;3074.25;3074.5;1923
20191203 160400;3074.5;3075.75;3074;3075.75;985
20191203 160500;3075.75;3075.75;3074.25;3075.5;744
20191203 160600;3075.75;3076.5;3074.75;3075;787
20191203 160700;3075;3075.5;3074.5;3074.75;510
20191203 160800;3075;3077;3075;3076.75;1012
20191203 160900;3076.75;3077.25;3075.75;3077;725
20191203 161000;3077;3078;3076.25;3077.75;950
20191203 161100;3077.75;3078;3077;3077.5;579
20191203 161200;3077.75;3077.75;3076.25;3077.25;668
20191203 161300;3077.25;3080;3077;3079.75;991
20191203 161400;3079.75;3081;3079.75;3081;953
20191203 161500;3080.75;3081.25;3080;3080;776
20191203 161600;3080;3081;3079.5;3080.5;790
20191203 161700;3080.75;3082.25;3080.25;3081.5;1128
20191203 161800;3081.75;3082.25;3081.25;3082.25;603
20191203 161900;3082.25;3082.5;3081.75;3082;541
20191203 162000;3081.75;3081.75;3080;3080.75;1733
20191203 162100;3080.75;3081;3079;3080;933
20191203 162200;3080;3081.25;3080;3081.25;502
20191203 162300;3081.25;3081.75;3080;3080;778
20191203 162400;3080;3080.75;3079.75;3080.5;527
20191203 162500;3080.5;3080.5;3079.75;3080;477
20191203 162600;3080;3080.5;3079.25;3080.5;561
20191203 162700;3080.5;3080.5;3078.75;3079.5;703
20191203 162800;3079.25;3079.25;3078.25;3079.25;843
20191203 162900;3079.5;3079.75;3079.25;3079.25;393
20191203 163000;3079;3079;3077.75;3078;646
20191203 163100;3078;3078.25;3077.25;3077.25;542
20191203 163200;3077.5;3077.5;3076.5;3077.25;712
20191203 163300;3077.5;3077.5;3076.5;3076.5;414
20191203 163400;3076.5;3077;3076.5;3076.5;402
20191203 163500;3076.25;3077.25;3076.25;3076.5;778
20191203 163600;3076.5;3077.25;3076;3077.25;528
20191203 163700;3077.5;3078.5;3077.25;3078.25;647
20191203 163800;3078.25;3079.25;3078.25;3079.25;383
20191203 163900;3079;3080.5;3079;3080.5;451
20191203 164000;3080.5;3081.5;3080.5;3081;1006
20191203 164100;3081;3082;3080.75;3081.75;520
20191203 164200;3081.75;3082;3080.75;3081.25;324
20191203 164300;3081.25;3081.5;3080.75;3081;311
20191203 164400;3081.25;3082.5;3081;3081.75;809
20191203 164500;3082;3082;3080.75;3080.75;362
20191203 164600;3080.75;3082;3080.5;3081.25;308
20191203 164700;3081.25;3082;3081;3081;531
20191203 164800;3081;3081.75;3081;3081.25;263
20191203 164900;3081;3082;3080.75;3080.75;356
20191203 165000;3080.75;3080.75;3079.75;3080.75;510
20191203 165100;3081;3081.25;3079.75;3080;406
20191203 165200;3080;3080.25;3079.5;3079.75;417
20191203 165300;3079.75;3079.75;3078.75;3078.75;1024
20191203 165400;3078.75;3079.5;3078.75;3079.25;265
20191203 165500;3079.25;3079.75;3078;3078.5;444
20191203 165600;3078.75;3079.5;3078.5;3079.25;501
20191203 165700;3079.25;3080.25;3079.25;3080.25;330
20191203 165800;3080.25;3080.5;3079.25;3079.5;598
20191203 165900;3079.25;3080;3079.25;3079.5;408
20191203 170000;3079.5;3080.5;3079.5;3080.5;348
20191203 170100;3080.5;3080.5;3079.75;3080.25;434
20191203 170200;3080.25;3080.75;3079.5;3079.75;409
20191203 170300;3079.5;3080;3078;3078.5;537
20191203 170400;3078.75;3079.5;3078.75;3079.25;311
20191203 170500;3079;3079.25;3078;3078;549
20191203 170600;3078;3079.25;3077.5;3079;458
20191203 170700;3079;3080.5;3079;3080.25;326
20191203 170800;3080.25;3080.5;3079.75;3080.25;231
20191203 170900;3080;3080.75;3080;3080.75;225
20191203 171000;3080.5;3081;3080.25;3080.75;317
20191203 171100;3081;3081.5;3080.5;3080.75;382
20191203 171200;3080.75;3080.75;3079.5;3080.25;415
20191203 171300;3080;3080;3078.75;3079;340
20191203 171400;3079.25;3079.75;3078.75;3079;267
20191203 171500;3078.75;3079.75;3078.25;3079.75;418
20191203 171600;3079.75;3080.5;3079.75;3080;294
20191203 171700;3080;3081;3079.25;3079.25;690
20191203 171800;3079.25;3079.5;3079;3079.5;259
20191203 171900;3079.25;3080;3079.25;3080;235
20191203 172000;3080.25;3081.75;3080.25;3081.25;569
20191203 172100;3081.25;3082;3081;3082;242
20191203 172200;3081.75;3082.25;3081.5;3081.75;660
20191203 172300;3081.75;3082.5;3081.5;3082.5;434
20191203 172400;3082.25;3083;3082.25;3082.75;492
20191203 172500;3082.75;3083.5;3082.25;3083.5;457
20191203 172600;3083.25;3083.5;3082.25;3082.75;372
20191203 172700;3082.5;3082.75;3082;3082.25;303
20191203 172800;3082;3082;3081.75;3082;157
20191203 172900;3081.75;3082.25;3081.5;3082;420
20191203 173000;3082.25;3082.5;3081.75;3082;329
20191203 173100;3082;3082.5;3081.75;3082;449
20191203 173200;3081.75;3082.25;3081;3081.5;364
20191203 173300;3081.75;3081.75;3081;3081;186
20191203 173400;3081;3081.5;3080.5;3081.5;385
20191203 173500;3081.5;3081.5;3081;3081.5;170
20191203 173600;3081.5;3082;3081.5;3081.75;270
20191203 173700;3081.5;3081.75;3080.75;3081.75;311
20191203 173800;3081.75;3082.5;3081.75;3082.25;295
20191203 173900;3082;3082.5;3081.75;3082.25;272
20191203 174000;3082.25;3082.25;3081.75;3082;379
20191203 174100;3082;3082.5;3081.75;3081.75;305
20191203 174200;3081.5;3081.75;3081;3081.25;222
20191203 174300;3081.5;3081.75;3080.75;3081.25;256
20191203 174400;3081.25;3081.25;3080.5;3080.5;391
20191203 174500;3080.5;3081;3080.5;3080.75;281
20191203 174600;3080.5;3080.75;3080;3080.5;400
20191203 174700;3080.5;3081;3080.5;3080.75;195
20191203 174800;3080.75;3080.75;3080.25;3080.75;228
20191203 174900;3080.75;3081.75;3080.5;3081.75;148
20191203 175000;3081.75;3082.25;3081.5;3081.75;283
20191203 175100;3081.5;3082.5;3081.5;3082;176
20191203 175200;3082.25;3082.5;3082;3082.5;57
20191203 175300;3082.5;3083;3082;3082;214
20191203 175400;3082;3082.75;3082;3082;161
20191203 175500;3082;3082.25;3081.5;3081.75;111
20191203 175600;3081.5;3082;3081.25;3081.5;235
20191203 175700;3081.5;3081.75;3081.25;3081.75;329
20191203 175800;3081.75;3081.75;3081;3081.5;163
20191203 175900;3081.25;3082;3081.25;3081.5;263
20191203 180000;3081.5;3082.75;3081.5;3082.75;342
20191203 180100;3082.75;3084;3082.5;3083.25;558
20191203 180200;3083.5;3084.25;3083.5;3084;357
20191203 180300;3083.75;3084.5;3083.75;3084.25;252
20191203 180400;3084.5;3084.5;3083.5;3084;348
20191203 180500;3084;3084;3083.25;3083.25;183
20191203 180600;3083.5;3083.5;3082.5;3083;195
20191203 180700;3083;3083;3082.25;3082.75;138
20191203 180800;3082.5;3084;3082.5;3083.75;220
20191203 180900;3084;3084.5;3084;3084.25;261
20191203 181000;3084.25;3084.25;3083;3083;167
20191203 181100;3083;3084;3083;3083.75;136
20191203 181200;3083.75;3085;3083.75;3084.75;313
20191203 181300;3084.75;3085;3084.25;3085;164
20191203 181400;3085;3085;3084.5;3085;206
20191203 181500;3085;3085.25;3084.75;3085;322
20191203 181600;3085.25;3085.5;3085;3085.5;269
20191203 181700;3085.5;3085.5;3084.5;3084.5;247
20191203 181800;3084.5;3084.5;3084;3084.25;253
20191203 181900;3084.25;3084.5;3084;3084.25;177
20191203 182000;3084.25;3085;3084.25;3085;149
20191203 182100;3084.75;3085.5;3084.5;3085.25;353
20191203 182200;3085.25;3085.75;3085.25;3085.75;356
20191203 182300;3085.75;3085.75;3085;3085.75;361
20191203 182400;3085.75;3085.75;3084.75;3085;244
20191203 182500;3085;3085.25;3085;3085;191
20191203 182600;3084.75;3085.5;3084.75;3085.25;170
20191203 182700;3085;3085.75;3085;3085.5;146
20191203 182800;3085.5;3086;3085.25;3085.75;222
20191203 182900;3085.75;3086.25;3085.75;3086.25;293
20191203 183000;3086.25;3087.25;3086.25;3087;812
20191203 183100;3086.75;3087.5;3086.75;3087;351
20191203 183200;3087;3087.25;3086.25;3087;396
20191203 183300;3087;3087.75;3087;3087.5;253
20191203 183400;3087.5;3087.75;3087;3087.75;257
20191203 183500;3087.75;3088;3087.5;3088;160
20191203 183600;3087.75;3088.25;3087.25;3088;434
20191203 183700;3088;3088.75;3087.5;3088.25;356
20191203 183800;3088.25;3088.75;3088;3088.25;319
20191203 183900;3088;3089;3088;3088.75;376
20191203 184000;3088.75;3089.25;3088.5;3089;460
20191203 184100;3089.25;3089.75;3088.5;3089.25;322
20191203 184200;3089;3089.25;3088.5;3088.5;277
20191203 184300;3088.5;3089;3088.25;3088.75;426
20191203 184400;3089;3089.5;3088.25;3088.25;365
20191203 184500;3088.25;3088.75;3088;3088.5;465
20191203 184600;3088.75;3089;3088.25;3088.75;342
20191203 184700;3089;3089.25;3088;3088.25;393
20191203 184800;3088.25;3088.5;3088;3088.25;434
20191203 184900;3088.25;3088.25;3087.5;3087.75;318
20191203 185000;3087.75;3088;3087.25;3087.5;271
20191203 185100;3087.5;3087.75;3086.5;3086.75;420
20191203 185200;3087;3087;3085.75;3086.5;540
20191203 185300;3086.5;3086.5;3086;3086.25;343
20191203 185400;3086.5;3087;3086.25;3087;275
20191203 185500;3087;3087.25;3086.5;3087.25;254
20191203 185600;3087.25;3087.5;3086.75;3087.5;176
20191203 185700;3087.5;3087.5;3087;3087.5;245
20191203 185800;3087.5;3087.5;3087;3087.5;119
20191203 185900;3087.25;3087.25;3086.75;3087;157
20191203 190000;3087.25;3087.25;3086.25;3086.25;255
20191203 190100;3086;3087;3086;3086.5;326
20191203 190200;3086.5;3087.25;3086.5;3087;276
20191203 190300;3087.25;3087.5;3087.25;3087.5;194
20191203 190400;3087.5;3088;3087.5;3087.75;185
20191203 190500;3088;3088;3087.25;3087.25;191
20191203 190600;3087.25;3087.75;3087;3087.5;288
20191203 190700;3087.75;3088;3087;3087;380
20191203 190800;3087;3087;3086;3086;428
20191203 190900;3086;3087.25;3085.75;3085.75;838
20191203 191000;3086;3086;3085.25;3085.75;427
20191203 191100;3086;3086.25;3085.5;3086;223
20191203 191200;3086;3086;3085.25;3085.5;270
20191203 191300;3085.75;3086.25;3085.5;3085.75;194
20191203 191400;3085.5;3085.5;3085;3085.5;301
20191203 191500;3085.25;3085.25;3084.75;3085;496
20191203 191600;3085;3085.5;3085;3085;262
20191203 191700;3084.75;3085.25;3084;3084;422
20191203 191800;3084;3084.25;3083;3083.25;870
20191203 191900;3083;3084.25;3083;3083.5;581
20191203 192000;3083.75;3084;3083;3083.25;244
20191203 192100;3083;3083.5;3082;3082.75;686
20191203 192200;3082.75;3083;3082.5;3083;241
20191203 192300;3083;3083.25;3082.75;3083;323
20191203 192400;3083.25;3083.25;3082.5;3083;282
20191203 192500;3083.25;3083.25;3082.5;3082.75;210
20191203 192600;3082.75;3083.25;3082;3082.25;389
20191203 192700;3082;3082.5;3082;3082.5;251
20191203 192800;3082.5;3083.5;3082;3083.5;381
20191203 192900;3083.25;3083.75;3083;3083.25;148
20191203 193000;3083.25;3083.5;3083;3083.25;169
20191203 193100;3083;3083.25;3082;3082.25;296
20191203 193200;3082;3082.75;3082;3082.25;294
20191203 193300;3082;3082.25;3081.5;3082;463
20191203 193400;3082.25;3083.75;3082;3083.5;441
20191203 193500;3083.5;3083.75;3083.25;3083.5;172
20191203 193600;3083.75;3083.75;3082.75;3083;289
20191203 193700;3083;3083.5;3082.75;3083.25;210
20191203 193800;3083.5;3084.25;3083.5;3084.25;264
20191203 193900;3084.25;3084.25;3083.5;3083.75;215
20191203 194000;3083.5;3083.75;3083.25;3083.5;119
20191203 194100;3083.75;3084.25;3083.75;3084.25;136
20191203 194200;3084.25;3085;3084.25;3084.75;410
20191203 194300;3084.75;3085.5;3084.75;3085.5;352
20191203 194400;3085.25;3085.75;3084.75;3085;395
20191203 194500;3085;3085;3084.25;3084.5;267
20191203 194600;3084.5;3085;3084;3084.5;262
20191203 194700;3084.5;3084.75;3084;3084.5;215
20191203 194800;3084.5;3085.25;3084.5;3085;83
20191203 194900;3085;3085.25;3084.75;3085;90
20191203 195000;3085;3085;3084.75;3084.75;112
20191203 195100;3085;3085.25;3084.25;3084.5;222
20191203 195200;3084.75;3084.75;3084.25;3084.75;232
20191203 195300;3084.5;3084.75;3084.25;3084.75;101
20191203 195400;3085;3085;3084.25;3084.25;384
20191203 195500;3084.25;3084.5;3084;3084.25;278
20191203 195600;3084.25;3085.5;3084;3085.5;349
20191203 195700;3085.5;3085.75;3085;3085;344
20191203 195800;3084.75;3086.25;3084.75;3086.25;211
20191203 195900;3086;3086.25;3085.5;3085.75;219
20191203 200000;3085.5;3085.5;3084.75;3085;343
20191203 200100;3085.25;3086;3085.25;3085.5;300
20191203 200200;3085.5;3086.25;3085.25;3085.25;370
20191203 200300;3085.25;3085.25;3084.25;3085;290
20191203 200400;3085;3085;3083.75;3083.75;352
20191203 200500;3083.75;3084.25;3083.5;3084;273
20191203 200600;3083.75;3085;3083.75;3084.5;241
20191203 200700;3084.5;3084.5;3083.75;3083.75;434
20191203 200800;3083.75;3084.25;3083.5;3084.25;323
20191203 200900;3084.25;3086;3084;3085.75;571
20191203 201000;3085.75;3085.75;3084.5;3084.5;273
20191203 201100;3084.5;3086.25;3083.75;3085.75;814
20191203 201200;3085.75;3086.5;3085.5;3086.25;543
20191203 201300;3086.25;3087.25;3086;3086.75;828
20191203 201400;3087;3088.25;3086.75;3088;646
20191203 201500;3088;3088.25;3087;3087.75;366
20191203 201600;3087.5;3088.25;3087.5;3087.75;284
20191203 201700;3087.75;3087.75;3087.25;3087.5;228
20191203 201800;3087.25;3088.25;3087;3088;140
20191203 201900;3088;3088;3087.5;3087.75;78
20191203 202000;3088;3088.25;3087.75;3088;330
20191203 202100;3088;3089.5;3087.75;3089.5;677
20191203 202200;3089.5;3092.25;3089.25;3091.75;2147
20191203 202300;3091.5;3092.5;3091.5;3092.5;616
20191203 202400;3092.5;3092.75;3091.5;3091.75;426
20191203 202500;3092;3093;3091.5;3092.25;704
20191203 202600;3092.25;3092.75;3092.25;3092.5;381
20191203 202700;3092.75;3093;3092;3093;495
20191203 202800;3092.75;3093.25;3092.5;3093;262
20191203 202900;3093;3094.25;3093;3094.25;793
20191203 203000;3094.25;3094.25;3093;3093.75;633
20191203 203100;3094;3094.25;3092;3092.5;1091
20191203 203200;3092.5;3092.75;3091.75;3092.25;497
20191203 203300;3092.5;3093.25;3092.5;3092.75;420
20191203 203400;3092.75;3093;3092.5;3093;293
20191203 203500;3092.75;3093;3091.25;3091.25;622
20191203 203600;3091.5;3091.75;3090.25;3090.5;511
20191203 203700;3090.5;3090.75;3089.75;3090;355
20191203 203800;3090.25;3090.25;3089.5;3089.75;379
20191203 203900;3089.5;3090.75;3089.5;3090.75;309
20191203 204000;3090.75;3090.75;3089.75;3090.25;318
20191203 204100;3090.25;3090.75;3090;3090;316
20191203 204200;3090;3090;3089.25;3089.5;386
20191203 204300;3089.5;3089.5;3088.75;3089;271
20191203 204400;3089;3089.5;3088.5;3088.5;299
20191203 204500;3088.75;3088.75;3088.25;3088.75;179
20191203 204600;3088.75;3089.5;3088.25;3089;340
20191203 204700;3089.25;3091.75;3089.25;3091.5;807
20191203 204800;3091.5;3091.75;3091;3091.25;683
20191203 204900;3091.25;3092;3090.25;3090.25;431
20191203 205000;3090.5;3092;3090;3092;661
20191203 205100;3091.75;3093.75;3091.75;3093.5;1323
20191203 205200;3093.75;3093.75;3091;3091.25;718
20191203 205300;3091.5;3091.75;3091.25;3091.75;322
20191203 205400;3091.75;3092;3090.5;3090.75;675
20191203 205500;3091;3093.75;3091;3093.75;1008
20191203 205600;3093.5;3093.5;3092.25;3093;677
20191203 205700;3093;3094;3092.5;3092.75;713
20191203 205800;3092.75;3093.75;3092.75;3093.75;577
20191203 205900;3093.5;3094.25;3093.5;3094.25;333
20191203 210000;3094;3094.75;3092.25;3093;2655
20191203 210100;3093.25;3093.75;3092.5;3093;592
20191203 210200;3093;3093.25;3092.25;3093;453
20191203 210300;3093;3093;3092;3092.5;277
20191203 210400;3092.5;3093;3092.5;3092.75;137
20191203 210500;3092.75;3092.75;3092;3092.25;118
20191203 210600;3092.25;3092.25;3091.25;3091.75;169
20191203 210700;3092;3092.5;3091.75;3092;62
20191203 210800;3092.25;3092.25;3092;3092.25;52
20191203 210900;3092;3092.5;3091.75;3092.5;123
20191203 211000;3092.25;3092.5;3092;3092;24
20191203 211100;3092.25;3092.5;3092;3092.5;43
20191203 211200;3092.5;3092.75;3092.5;3092.75;52
20191203 211300;3092.5;3092.75;3092.25;3092.25;41
20191203 211400;3092.25;3093.25;3092.25;3093;95
20191203 211500;3093;3093;3090.5;3091.25;490
20191203 213100;3091.75;3092;3090.25;3090.5;216
20191203 213200;3090.5;3090.75;3090.25;3090.5;32
20191203 213300;3090.5;3090.5;3089.75;3090.25;85
20191203 213400;3090;3090;3089.75;3090;70
20191203 213500;3090;3090;3089.5;3089.5;82
20191203 213600;3089.75;3090;3089.75;3089.75;14
20191203 213700;3089.75;3089.75;3089.5;3089.75;12
20191203 213800;3089.5;3089.75;3089.5;3089.5;41
20191203 213900;3089.5;3090.25;3089.5;3090;43
20191203 214000;3090;3090.25;3089.75;3090;64
20191203 214100;3089.75;3090.5;3089.75;3090.5;39
20191203 214200;3090.5;3090.75;3090.5;3090.5;47
20191203 214300;3090.75;3090.75;3090.5;3090.5;52
20191203 214400;3090.5;3090.75;3090.5;3090.75;47
20191203 214500;3090.75;3090.75;3090.75;3090.75;7
20191203 214600;3090.75;3091;3090.75;3090.75;20
20191203 214700;3090.75;3091;3090.75;3091;36
20191203 214800;3091;3091;3091;3091;3
20191203 214900;3091;3091.25;3091;3091;28
20191203 215000;3091.25;3091.25;3090.5;3090.5;73
20191203 215100;3090.75;3091;3090.75;3091;51
20191203 215200;3091.25;3091.25;3090.75;3091;42
20191203 215300;3091;3091;3090.75;3090.75;20
20191203 215400;3091;3091;3090.75;3090.75;11
20191203 215600;3091;3091.25;3090.75;3091;61
20191203 215700;3090.75;3091;3090.75;3091;6
20191203 215800;3091.25;3091.5;3091;3091.5;93
20191203 215900;3091.25;3091.75;3091.25;3091.5;80
20191203 220000;3091.5;3091.75;3091.5;3091.75;59
20191203 230100;3091.75;3092.5;3090.5;3092.25;279
20191203 230200;3092.25;3092.5;3091.75;3092.5;205
20191203 230300;3092.5;3093;3092.25;3093;53
20191203 230400;3092.5;3093.25;3092.5;3093.25;55
20191203 230500;3093.25;3093.5;3093;3093.5;81
20191203 230600;3093.5;3093.5;3093.25;3093.25;92
20191203 230700;3093.25;3093.75;3093.25;3093.25;48
20191203 230800;3093.5;3093.5;3092.5;3092.5;109
20191203 230900;3092.75;3092.75;3092.5;3092.5;60
20191203 231000;3092.75;3092.75;3092.5;3092.75;7
20191203 231100;3092.5;3092.75;3092.5;3092.5;24
20191203 231200;3092.5;3093.25;3092.25;3093.25;99
20191203 231300;3093;3093.25;3092.75;3093;34
20191203 231400;3093;3093.25;3092.75;3093;39
20191203 231500;3093;3093.5;3092.75;3093.5;68
20191203 231600;3093.5;3093.5;3093;3093.5;31
20191203 231700;3093.5;3093.75;3093.25;3093.5;40
20191203 231800;3093.5;3093.75;3093.5;3093.75;48
20191203 231900;3094;3094;3093.75;3093.75;61
20191203 232000;3094;3094.25;3093.75;3094.25;252
20191203 232100;3094.25;3094.25;3094;3094;22
20191203 232200;3094;3094.25;3094;3094.25;87
20191203 232300;3094.25;3094.5;3094.25;3094.5;49
20191203 232400;3094.5;3094.5;3093.75;3094;57
20191203 232500;3094;3094;3093.75;3094;21
20191203 232600;3094;3094.5;3094;3094.25;79
20191203 232700;3094.5;3094.75;3094.5;3094.5;91
20191203 232800;3094.75;3094.75;3094.5;3094.75;32
20191203 232900;3094.75;3094.75;3094.25;3094.25;31
20191203 233000;3094.5;3094.5;3094.25;3094.5;19
20191203 233100;3094.5;3094.5;3093.25;3093.5;81
20191203 233200;3093.75;3094.25;3093.75;3094.25;22
20191203 233300;3094.25;3094.25;3093.75;3094;39
20191203 233400;3094;3094;3093.5;3093.5;18
20191203 233500;3093.75;3094;3093.75;3094;11
20191203 233600;3094;3094;3093.5;3093.5;56
20191203 233700;3093.75;3093.75;3093.5;3093.5;14
20191203 233800;3093.5;3093.5;3092.75;3093;61
20191203 233900;3093;3093;3092.75;3093;58
20191203 234000;3093.25;3093.25;3093;3093;19
20191203 234100;3093;3093;3092.75;3093;24
20191203 234200;3093;3093.5;3093;3093.25;26
20191203 234300;3093;3093;3093;3093;6
20191203 234400;3093;3093.25;3093;3093;18
20191203 234500;3092.75;3093;3092.75;3093;34
20191203 234600;3092.75;3092.75;3092.5;3092.5;58
20191203 234700;3092.75;3093;3092.5;3092.75;12
20191203 234800;3092.5;3094;3092.5;3093.25;323
20191203 234900;3093.5;3093.5;3093.25;3093.25;46
20191203 235000;3093.5;3093.5;3093;3093.5;55
20191203 235100;3093.5;3093.5;3093.5;3093.5;28
20191203 235200;3093.25;3093.5;3093.25;3093.5;5
20191203 235300;3093.25;3093.25;3092.75;3093.25;173
20191203 235400;3093.25;3093.25;3093.25;3093.25;3
20191203 235500;3093.5;3093.5;3093.25;3093.25;22
20191203 235600;3093.5;3093.5;3093.25;3093.5;13
20191203 235700;3093.5;3093.75;3093.5;3093.75;56
20191203 235800;3093.75;3094;3093.75;3094;33
20191203 235900;3093.75;3093.75;3093.75;3093.75;12
20191204 000000;3093.75;3094.5;3093.75;3094.5;117
20191204 000100;3094.75;3096.5;3094.5;3095.75;488
20191204 000200;3096;3096;3095.5;3095.75;79
20191204 000300;3095.75;3095.75;3093.75;3094.5;170
20191204 000400;3094.5;3094.5;3093.75;3093.75;89
20191204 000500;3094;3094;3093.25;3093.25;165
20191204 000600;3093.25;3093.75;3093.25;3093.75;101
20191204 000700;3093.5;3094.75;3093.25;3094.5;155
20191204 000800;3094.25;3094.5;3093.75;3094;62
20191204 000900;3094.25;3094.5;3094.25;3094.5;38
20191204 001000;3094.25;3094.75;3094;3094;55
20191204 001100;3094;3094;3093.25;3093.5;92
20191204 001200;3093.25;3094;3093.25;3093.5;34
20191204 001300;3093.5;3093.5;3092.25;3092.5;133
20191204 001400;3092.25;3092.25;3090;3091;573
20191204 001500;3090.75;3092.25;3090.5;3091.75;163
20191204 001600;3091.75;3091.75;3090.5;3090.5;224
20191204 001700;3090.5;3090.75;3090.25;3090.5;69
20191204 001800;3090.5;3091.5;3090.25;3091.25;191
20191204 001900;3091.25;3091.25;3090.75;3091;37
20191204 002000;3090.75;3090.75;3089.5;3089.75;104
20191204 002100;3089.75;3090.5;3088.75;3090.25;253
20191204 002200;3090.25;3091.25;3090;3091;116
20191204 002300;3091.25;3091.5;3090.75;3091.25;71
20191204 002400;3091.5;3091.75;3091.25;3091.25;87
20191204 002500;3091.5;3092.5;3091.5;3092.5;141
20191204 002600;3092.25;3092.75;3092.25;3092.5;105
20191204 002700;3092.75;3092.75;3092.25;3092.75;57
20191204 002800;3092.75;3093.75;3092.75;3093;134
20191204 002900;3093;3093.75;3093;3093.25;89
20191204 003000;3093.25;3093.25;3093;3093;22
20191204 003100;3093;3093;3092.25;3092.5;161
20191204 003200;3092.25;3092.25;3091.5;3091.5;107
20191204 003300;3091.25;3092.5;3091.25;3092.5;86
20191204 003400;3092.5;3093;3091.75;3092;174
20191204 003500;3092;3092.25;3091.75;3092.25;65
20191204 003600;3092;3092;3091.5;3091.5;51
20191204 003700;3091.75;3092;3091.75;3091.75;23
20191204 003800;3091.5;3091.75;3091.5;3091.75;22
20191204 003900;3091.75;3091.75;3091.75;3091.75;34
20191204 004000;3092;3092.75;3092;3092.75;64
20191204 004100;3092.75;3092.75;3092.5;3092.5;53
20191204 004200;3092.5;3092.5;3091.25;3091.5;114
20191204 004300;3091.5;3091.75;3091.5;3091.75;67
20191204 004400;3091.75;3092;3091.75;3091.75;11
20191204 004500;3091.75;3092;3091.75;3091.75;11
20191204 004600;3091.75;3092.5;3091.75;3092;75
20191204 004700;3091.75;3092.25;3091.75;3092.25;35
20191204 004800;3092;3092;3092;3092;48
20191204 004900;3092.25;3092.75;3092.25;3092.5;67
20191204 005000;3092.5;3092.5;3092.25;3092.25;72
20191204 005100;3092.5;3092.5;3091.5;3091.75;99
20191204 005200;3091.5;3092;3091.25;3091.25;70
20191204 005300;3091.25;3091.5;3090.25;3090.5;214
20191204 005400;3090.5;3090.75;3090;3090;97
20191204 005500;3090;3090.75;3090;3090.75;134
20191204 005600;3090.5;3090.75;3090.5;3090.75;50
20191204 005700;3091;3091.25;3090.75;3090.75;21
20191204 005800;3090.75;3091;3090.5;3090.75;45
20191204 005900;3090.5;3090.75;3090.25;3090.75;61
20191204 010000;3090.75;3090.75;3090.5;3090.75;71
20191204 010100;3090.5;3090.75;3089.5;3089.5;184
20191204 010200;3089.5;3089.75;3088.5;3089;338
20191204 010300;3089;3090.75;3089;3090.25;247
20191204 010400;3090;3090.25;3089.25;3089.25;55
20191204 010500;3089.25;3089.5;3089;3089.25;68
20191204 010600;3089.25;3089.5;3089;3089.25;112
20191204 010700;3089.5;3090.25;3089.5;3090.25;182
20191204 010800;3090.25;3090.5;3090;3090;96
20191204 010900;3090;3090.5;3090;3090.25;89
20191204 011000;3090.25;3090.25;3089.5;3089.5;64
20191204 011100;3089.25;3090;3089;3090;83
20191204 011200;3089.75;3090;3089.75;3089.75;63
20191204 011300;3089.75;3090.25;3089.75;3090;45
20191204 011400;3090;3090;3089.5;3089.5;56
20191204 011500;3089.75;3090;3089.75;3090;42
20191204 011600;3089.75;3090.5;3088.75;3089;368
20191204 011700;3089.25;3089.5;3088;3089.5;369
20191204 011800;3089.5;3090;3089;3090;97
20191204 011900;3089.75;3090;3089.5;3089.75;126
20191204 012000;3089.75;3090.5;3089.75;3090.5;39
20191204 012100;3090.25;3090.75;3090;3090.25;99
20191204 012200;3090.25;3090.75;3090.25;3090.5;64
20191204 012300;3090.5;3091;3090.5;3090.75;59
20191204 012400;3090.75;3091.25;3090.5;3091.25;161
20191204 012500;3091.25;3091.25;3090.75;3090.75;97
20191204 012600;3090.75;3091.25;3090.75;3090.75;69
20191204 012700;3090.75;3090.75;3090.5;3090.75;82
20191204 012800;3090.75;3090.75;3090.25;3090.5;82
20191204 012900;3090.5;3090.75;3090.5;3090.75;46
20191204 013000;3090.5;3090.75;3090.5;3090.75;32
20191204 013100;3090.25;3092.5;3090.25;3092.25;384
20191204 013200;3092.25;3092.5;3092;3092;145
20191204 013300;3092.25;3092.25;3091.5;3091.75;131
20191204 013400;3091.75;3092.25;3091.5;3091.5;69
20191204 013500;3091.25;3092;3091.25;3092;83
20191204 013600;3092;3093;3091.75;3093;107
20191204 013700;3092.75;3094;3092.5;3093.5;275
20191204 013800;3093.25;3093.5;3093.25;3093.5;110
20191204 013900;3093.5;3093.5;3093.25;3093.5;70
20191204 014000;3093.75;3094;3093;3093;133
20191204 014100;3093;3093;3092.5;3093;61
20191204 014200;3093;3093;3092.5;3092.75;37
20191204 014300;3092.75;3092.75;3092.5;3092.75;33
20191204 014400;3092.75;3092.75;3092.25;3092.5;47
20191204 014500;3092.75;3092.75;3092.25;3092.5;11
20191204 014600;3092.5;3093.5;3092.5;3092.75;318
20191204 014700;3092.75;3092.75;3091.5;3091.75;53
20191204 014800;3091.75;3091.75;3091.25;3091.5;140
20191204 014900;3091.5;3092;3091.25;3091.5;55
20191204 015000;3091.5;3091.75;3091.25;3091.5;32
20191204 015100;3091.5;3091.5;3090.75;3091.25;86
20191204 015200;3091.25;3091.5;3091.25;3091.5;29
20191204 015300;3091.25;3091.5;3090.75;3090.75;52
20191204 015400;3090.75;3090.75;3089.75;3090.25;130
20191204 015500;3090.25;3090.25;3089.25;3089.5;70
20191204 015600;3089.5;3090.5;3089.25;3090.5;93
20191204 015700;3090.5;3090.5;3090.25;3090.25;51
20191204 015800;3090.25;3090.5;3090;3090.25;44
20191204 015900;3090.25;3090.25;3089.25;3090;110
20191204 020000;3089.75;3091;3089.75;3091;54
20191204 020100;3090.75;3091.75;3090.75;3091.5;97
20191204 020200;3091.5;3091.5;3090.75;3090.75;63
20191204 020300;3090.75;3091;3090.25;3091;54
20191204 020400;3091;3091;3090.5;3091;121
20191204 020500;3091.25;3092;3091.25;3091.5;83
20191204 020600;3091.75;3091.75;3091;3091.5;32
20191204 020700;3091.75;3092.25;3091.5;3091.75;173
20191204 020800;3091.75;3091.75;3091.25;3091.25;26
20191204 020900;3091.25;3091.5;3091.25;3091.25;61
20191204 021000;3091;3091.25;3091;3091;60
20191204 021100;3091;3091.25;3091;3091;45
20191204 021200;3091;3091;3090;3090.5;78
20191204 021300;3090.5;3090.5;3090;3090.25;56
20191204 021400;3090.25;3090.5;3090.25;3090.5;10
20191204 021500;3090.25;3091.5;3090.25;3091.25;61
20191204 021600;3091.25;3091.5;3091.25;3091.25;34
20191204 021700;3091.25;3091.25;3091;3091;12
20191204 021800;3091;3091;3090.75;3091;29
20191204 021900;3091;3091;3091;3091;64
20191204 022000;3091;3091;3090.75;3091;21
20191204 022100;3091.25;3091.5;3091;3091;62
20191204 022200;3091;3091.25;3091;3091.25;52
20191204 022300;3091.25;3091.5;3091.25;3091.5;21
20191204 022400;3091.5;3091.5;3091.25;3091.25;32
20191204 022500;3091.25;3091.5;3091.25;3091.5;13
20191204 022600;3091.25;3091.25;3091.25;3091.25;28
20191204 022700;3091.25;3091.25;3091;3091.25;52
20191204 022800;3091.25;3091.5;3091.25;3091.5;30
20191204 022900;3091.5;3091.75;3091.25;3091.25;30
20191204 023000;3091.25;3091.25;3091;3091;43
20191204 023100;3091;3091.5;3091;3091.5;81
20191204 023200;3091.5;3091.5;3091.5;3091.5;9
20191204 023300;3091.5;3091.75;3091.25;3091.75;60
20191204 023400;3091.5;3091.5;3091.25;3091.25;28
20191204 023500;3091;3091.25;3091;3091.25;32
20191204 023600;3091.25;3091.25;3091;3091;6
20191204 023700;3091;3091;3090.75;3090.75;9
20191204 023800;3090.75;3091;3090.75;3091;23
20191204 023900;3091;3091.5;3091;3091.25;17
20191204 024000;3091.25;3091.5;3091.25;3091.25;13
20191204 024100;3091;3091.25;3091;3091.25;23
20191204 024200;3091.25;3092.25;3091.25;3092.25;71
20191204 024300;3092;3092.25;3091.75;3091.75;41
20191204 024400;3091.5;3091.75;3091.5;3091.75;44
20191204 024500;3091.75;3091.75;3091.75;3091.75;6
20191204 024600;3091.75;3092;3091.75;3091.75;16
20191204 024700;3091.75;3091.75;3091.5;3091.75;33
20191204 024800;3092;3092;3092;3092;35
20191204 024900;3092.25;3092.25;3092.25;3092.25;15
20191204 025000;3092.25;3092.5;3092;3092;39
20191204 025100;3091.75;3092;3091.75;3092;21
20191204 025200;3092.25;3092.25;3092;3092.25;51
20191204 025300;3092.25;3092.25;3092.25;3092.25;20
20191204 025400;3092.25;3092.25;3092;3092;7
20191204 025500;3092;3092;3092;3092;13
20191204 025600;3092;3092;3092;3092;19
20191204 025700;3092;3092.25;3092;3092;15
20191204 025800;3092;3092;3092;3092;38
20191204 025900;3092;3092;3092;3092;22
20191204 030000;3092;3092;3091.5;3091.5;110
20191204 030100;3091.25;3091.5;3091.25;3091.25;55
20191204 030200;3091;3091.25;3090.75;3091.25;120
20191204 030300;3091.25;3091.25;3091;3091;47
20191204 030400;3090.75;3090.75;3090.75;3090.75;39
20191204 030500;3091;3091;3090.75;3091;147
20191204 030600;3090.75;3091;3090.75;3091;67
20191204 030700;3091;3091;3090.25;3090.25;50
20191204 030800;3090.25;3090.75;3090.25;3090.5;96
20191204 030900;3090.5;3090.5;3090.5;3090.5;14
20191204 031000;3090.5;3090.5;3090.25;3090.25;50
20191204 031100;3090.5;3090.75;3090.5;3090.5;90
20191204 031200;3090.75;3090.75;3090.5;3090.5;25
20191204 031300;3090.5;3090.75;3090.5;3090.75;24
20191204 031400;3091;3091;3090.75;3090.75;29
20191204 031500;3090.5;3090.75;3090.5;3090.75;16
20191204 031600;3090.75;3090.75;3090.75;3090.75;5
20191204 031700;3090.5;3091;3090.5;3091;34
20191204 031800;3090.75;3091.25;3090.75;3091.25;27
20191204 031900;3091.25;3092.25;3091.25;3092.25;114
20191204 032000;3092;3092.25;3092;3092;33
20191204 032100;3092;3092.25;3092;3092.25;59
20191204 032200;3092.25;3092.25;3092;3092;6
20191204 032300;3092.25;3092.25;3092;3092;68
20191204 032400;3092;3092.25;3092;3092;14
20191204 032500;3092;3092;3092;3092;27
20191204 032600;3092.25;3092.25;3092.25;3092.25;30
20191204 032700;3092.5;3093;3092.5;3092.75;116
20191204 032800;3092.75;3092.75;3092;3092.25;71
20191204 032900;3092;3092.5;3092;3092.25;75
20191204 033000;3092.25;3092.5;3092.25;3092.25;94
20191204 033100;3092.25;3092.5;3092.25;3092.5;45
20191204 033200;3092.25;3092.75;3092.25;3092.75;74
20191204 033300;3092.75;3092.75;3092;3092;86
20191204 033400;3092.25;3092.25;3092;3092;51
20191204 033500;3092.25;3092.25;3092;3092;74
20191204 033600;3092;3092;3091.5;3092;110
20191204 033700;3092;3092;3092;3092;6
20191204 033800;3092.25;3092.25;3092.25;3092.25;60
20191204 033900;3092;3092.25;3092;3092.25;41
20191204 034000;3092.25;3092.5;3092.25;3092.25;14
20191204 034100;3092.25;3092.5;3092.25;3092.5;14
20191204 034200;3092.5;3092.5;3092.5;3092.5;67
20191204 034300;3092.75;3093;3092.75;3092.75;106
20191204 034400;3092.75;3092.75;3092.75;3092.75;115
20191204 034500;3092.75;3092.75;3092.5;3092.5;22
20191204 034600;3092.5;3092.75;3092.5;3092.75;4
20191204 034700;3092.75;3093;3092.75;3093;31
20191204 034800;3093;3094;3093;3093.75;207
20191204 034900;3093.75;3094.25;3093.75;3094.25;87
20191204 035000;3094;3094.25;3093.75;3094;165
20191204 035100;3093.75;3093.75;3093.5;3093.75;200
20191204 035200;3093.5;3093.75;3093.5;3093.5;42
20191204 035300;3093.5;3093.5;3093;3093;62
20191204 035400;3093;3093;3093;3093;13
20191204 035500;3092.75;3092.75;3092.75;3092.75;18
20191204 035600;3092.5;3093.25;3092.5;3093;120
20191204 035700;3093;3093.25;3093;3093;33
20191204 035800;3093.25;3093.25;3093;3093;166
20191204 035900;3093;3093;3092.75;3093;96
20191204 040000;3093;3093;3093;3093;15
20191204 040100;3093;3093.5;3093;3093;129
20191204 040300;3093.25;3093.25;3093.25;3093.25;152
20191204 040400;3093;3093.25;3093;3093.25;69
20191204 040500;3093.25;3093.5;3093.25;3093.5;3
20191204 040600;3093.25;3094;3093.25;3093.5;129
20191204 040700;3093.5;3093.5;3093.25;3093.5;16
20191204 040800;3093.25;3093.25;3093.25;3093.25;1
20191204 040900;3093.25;3093.5;3093.25;3093.25;51
20191204 041000;3093;3093;3093;3093;71
20191204 041100;3093;3093.25;3093;3093.25;218
20191204 041200;3093.25;3093.25;3093;3093.25;27
20191204 041300;3093.25;3093.25;3092.75;3092.75;110
20191204 041400;3093;3093;3093;3093;13
20191204 041500;3093;3093.25;3093;3093.25;14
20191204 041600;3093;3093;3092.75;3092.75;30
20191204 041700;3093;3093;3093;3093;11
20191204 041800;3092.75;3092.75;3092.75;3092.75;9
20191204 041900;3093;3093;3092.75;3093;85
20191204 042000;3093;3093;3093;3093;83
20191204 042100;3093.25;3093.5;3093;3093.25;199
20191204 042200;3093;3093.5;3093;3093.5;23
20191204 042300;3093.25;3093.25;3093.25;3093.25;77
20191204 042400;3093.25;3093.25;3093;3093;46
20191204 042500;3093;3093;3093;3093;22
20191204 042600;3093.25;3093.25;3093.25;3093.25;41
20191204 042700;3093.5;3093.5;3093.25;3093.25;50
20191204 042800;3093.25;3093.25;3092.75;3093;39
20191204 042900;3093;3093;3092.75;3093;13
20191204 043000;3092.75;3092.75;3092.75;3092.75;23
20191204 043100;3092.75;3092.75;3092.75;3092.75;18
20191204 043200;3092.5;3092.75;3092.5;3092.75;50
20191204 043300;3092.75;3092.75;3092.75;3092.75;55
20191204 043500;3092.75;3092.75;3092.75;3092.75;50
20191204 043600;3092.75;3092.75;3092.75;3092.75;15
20191204 043700;3092.75;3092.75;3092.75;3092.75;8
20191204 043800;3092.75;3092.75;3092.5;3092.5;109
20191204 043900;3092.5;3092.75;3092.5;3092.75;106
20191204 044000;3092.75;3092.75;3092.5;3092.5;44
20191204 044100;3092.5;3092.5;3092.5;3092.5;102
20191204 044200;3092.5;3092.75;3092.5;3092.75;63
20191204 044300;3092.5;3092.75;3092.5;3092.75;25
20191204 044400;3092.5;3092.5;3092.5;3092.5;1
20191204 044500;3092.75;3093;3092.75;3093;29
20191204 044600;3093;3093.25;3093;3093.25;14
20191204 044700;3093.25;3094.25;3093.25;3093.75;178
20191204 044800;3093.75;3094.5;3093.75;3094.25;44
20191204 044900;3094;3094;3093.5;3093.5;119
20191204 045000;3093.5;3093.5;3093.25;3093.25;116
20191204 045100;3093.25;3093.25;3093.25;3093.25;42
20191204 045200;3093.25;3093.25;3093.25;3093.25;7
20191204 045300;3093.5;3093.5;3093.5;3093.5;62
20191204 045400;3093.5;3093.75;3093.5;3093.75;86
20191204 045500;3094;3094;3093.75;3093.75;8
20191204 045600;3093.75;3094;3093.75;3094;20
20191204 045800;3093.75;3094;3093.75;3094;69
20191204 045900;3093.75;3094;3093.75;3094;151
20191204 050000;3093.75;3094;3093.75;3093.75;101
20191204 050100;3093.75;3094;3093.75;3093.75;164
20191204 050200;3093.5;3093.75;3093.5;3093.5;50
20191204 050300;3093.5;3093.5;3093.25;3093.25;33
20191204 050400;3093.25;3093.5;3093.25;3093.5;27
20191204 050500;3093.5;3093.5;3093.5;3093.5;43
20191204 050600;3093.25;3093.25;3092.75;3093;210
20191204 050700;3093;3093;3093;3093;94
20191204 050800;3092.75;3092.75;3092.75;3092.75;18
20191204 050900;3093;3093;3092.75;3092.75;32
20191204 051000;3092.75;3092.75;3092.75;3092.75;73
20191204 051100;3093;3093;3092.5;3092.75;143
20191204 051200;3092.75;3093;3092.5;3092.5;83
20191204 051300;3092.75;3092.75;3092.5;3092.75;28
20191204 051400;3092.75;3092.75;3092.75;3092.75;3
20191204 051500;3093;3093;3092.75;3092.75;23
20191204 051600;3093;3093;3092.75;3093;94
20191204 051700;3093;3093.5;3093;3093.5;38
20191204 051800;3093.5;3093.5;3093.5;3093.5;48
20191204 051900;3093.5;3094;3093.5;3094;74
20191204 052000;3094;3094;3094;3094;24
20191204 052100;3094;3094;3093.75;3093.75;88
20191204 052200;3093.75;3093.75;3093.5;3093.75;24
20191204 052300;3093.5;3093.5;3093.25;3093.5;75
20191204 052400;3093.5;3093.5;3093.5;3093.5;18
20191204 052500;3093.5;3093.5;3093.25;3093.5;17
20191204 052600;3093.5;3093.5;3093.5;3093.5;1
20191204 052900;3093.25;3093.25;3093.25;3093.25;28
20191204 053000;3093.25;3093.25;3093;3093.25;47
20191204 053100;3093.25;3093.25;3093.25;3093.25;8
20191204 053200;3093.25;3093.25;3093.25;3093.25;6
20191204 053300;3093.25;3093.25;3093.25;3093.25;26
20191204 053400;3093.25;3093.5;3093.25;3093.5;14
20191204 053500;3093.25;3093.5;3093.25;3093.5;63
20191204 053600;3093.5;3093.5;3093.5;3093.5;32
20191204 053700;3093.75;3094;3093.75;3094;20
20191204 053800;3094;3094;3093.75;3093.75;95
20191204 053900;3093.75;3093.75;3093.5;3093.75;40
20191204 054000;3093.75;3093.75;3093.75;3093.75;29
20191204 054100;3094;3094;3094;3094;63
20191204 054200;3093.75;3094;3093.75;3094;22
20191204 054300;3094.25;3094.5;3094;3094.25;143
20191204 054400;3094;3094;3094;3094;110
20191204 054500;3093.75;3093.75;3093.75;3093.75;41
20191204 054600;3093.75;3094;3093.75;3093.75;28
20191204 054700;3093.5;3093.5;3093.5;3093.5;2
20191204 054800;3093.5;3093.5;3093.5;3093.5;33
20191204 054900;3093.5;3093.5;3093.5;3093.5;77
20191204 055000;3093.5;3093.75;3093.5;3093.5;93
20191204 055100;3093.5;3093.75;3093.5;3093.75;74
20191204 055200;3094;3094;3094;3094;31
20191204 055300;3094;3094;3093.75;3093.75;88
20191204 055400;3094;3094;3093.75;3093.75;33
20191204 055500;3094;3094;3094;3094;52
20191204 055600;3093.75;3093.75;3093.75;3093.75;11
20191204 055700;3093.5;3093.75;3093.25;3093.25;131
20191204 055800;3093.25;3093.25;3092.75;3092.75;82
20191204 055900;3093;3093;3093;3093;47
20191204 060000;3093;3093;3092.75;3093;78
20191204 060100;3093;3093.5;3093;3093.5;151
20191204 060200;3093.5;3094;3093.25;3094;96
20191204 060300;3093.75;3093.75;3093.5;3093.5;12
20191204 060400;3093.25;3093.25;3093;3093;15
20191204 060500;3093;3093;3092.5;3092.75;78
20191204 060600;3092.5;3092.5;3092.5;3092.5;43
20191204 060800;3092.5;3092.5;3092.25;3092.5;18
20191204 060900;3092.75;3092.75;3092.75;3092.75;26
20191204 061000;3092.75;3093;3092.75;3093;10
20191204 061100;3092.75;3093;3092.75;3093;30
20191204 061200;3092.75;3092.75;3092.25;3092.25;103
20191204 061300;3092.25;3093;3092.25;3093;196
20191204 061500;3093;3093;3092.75;3092.75;4
20191204 061600;3093;3093.25;3093;3093.25;27
20191204 061700;3093;3093.5;3093;3093.5;92
20191204 061800;3093.5;3093.75;3093.5;3093.75;25
20191204 061900;3093.5;3093.5;3093.5;3093.5;8
20191204 062000;3093.5;3093.75;3093.5;3093.5;43
20191204 062100;3093.75;3093.75;3093.75;3093.75;61
20191204 062200;3093.75;3093.75;3093.75;3093.75;10
20191204 062300;3093.75;3093.75;3093.75;3093.75;20
20191204 062400;3093.5;3093.5;3093.5;3093.5;4
20191204 062500;3093.5;3093.75;3093.5;3093.5;6
20191204 062600;3093.5;3093.75;3093.5;3093.75;5
20191204 062700;3093.5;3093.5;3093;3093.25;15
20191204 062800;3093;3093.5;3093;3093.5;11
20191204 062900;3093.5;3093.5;3093.5;3093.5;18
20191204 063000;3093.5;3093.5;3093.5;3093.5;13
20191204 063100;3093.75;3093.75;3093.75;3093.75;25
20191204 063200;3094;3094.25;3094;3094;67
20191204 063300;3094;3094;3094;3094;14
20191204 063400;3093.75;3093.75;3093.75;3093.75;1
20191204 063600;3093.75;3094;3093.75;3094;8
20191204 063800;3094;3094;3093.75;3093.75;23
20191204 063900;3094;3094;3094;3094;20
20191204 064000;3094.25;3094.5;3094.25;3094.5;55
20191204 064100;3094.25;3094.5;3094;3094.25;34
20191204 064200;3094.25;3094.5;3094.25;3094.25;18
20191204 064300;3094.25;3094.25;3094.25;3094.25;7
20191204 064400;3094.25;3094.5;3094.25;3094.25;33
20191204 064500;3094.25;3094.25;3093.75;3093.75;40
20191204 064600;3094;3094;3094;3094;26
20191204 064700;3094;3094;3094;3094;15
20191204 064800;3094;3094;3094;3094;15
20191204 065000;3093.75;3094;3093.75;3094;37
20191204 065100;3093.75;3094;3093.75;3094;2
20191204 065200;3093.75;3093.75;3093.5;3093.5;21
20191204 065300;3093.5;3094;3093.5;3093.75;24
20191204 065400;3093.75;3093.75;3093.75;3093.75;3
20191204 065500;3093.75;3093.75;3093.75;3093.75;27
20191204 065600;3093.75;3093.75;3093.75;3093.75;2
20191204 065700;3093.75;3093.75;3093.5;3093.75;9
20191204 065900;3093.75;3093.75;3093.75;3093.75;23
20191204 070000;3093.75;3093.75;3093.75;3093.75;34
20191204 070100;3093.75;3093.75;3093;3093.25;74
20191204 070200;3093.25;3093.25;3091.25;3091.5;343
20191204 070300;3091.75;3092.25;3091.75;3091.75;49
20191204 070400;3091.75;3092.5;3091.5;3092.25;92
20191204 070500;3092.25;3092.25;3091.75;3091.75;58
20191204 070600;3091.75;3092;3091.5;3092;28
20191204 070700;3091.75;3092.25;3091.75;3092.25;42
20191204 070800;3091.75;3091.75;3091;3091.25;62
20191204 070900;3091.5;3091.5;3091;3091.25;24
20191204 071000;3091;3091;3090.75;3091;63
20191204 071100;3090.75;3091;3090.5;3090.75;113
20191204 071200;3090.75;3091.25;3090.5;3091.25;51
20191204 071300;3091.25;3091.25;3091.25;3091.25;53
20191204 071400;3091.5;3091.5;3091.5;3091.5;38
20191204 071500;3091.25;3091.25;3091;3091.25;52
20191204 071600;3091;3091;3090.5;3090.75;69
20191204 071700;3090.75;3090.75;3089.75;3090.5;176
20191204 071800;3090.5;3090.5;3090.25;3090.25;66
20191204 071900;3090.5;3090.5;3090;3090.5;67
20191204 072000;3090.5;3090.5;3090;3090;38
20191204 072100;3090;3090.5;3090;3090.5;64
20191204 072200;3090.75;3091;3090.5;3090.75;101
20191204 072300;3091;3091;3091;3091;66
20191204 072400;3091;3091;3090.75;3090.75;47
20191204 072500;3090.75;3090.75;3090.5;3090.75;30
20191204 072600;3090.5;3090.75;3090.5;3090.75;9
20191204 072700;3090.75;3090.75;3090.25;3090.5;54
20191204 072800;3090.5;3090.5;3090.5;3090.5;38
20191204 072900;3090.25;3090.25;3088.25;3088.25;491
20191204 073000;3088;3088;3086.25;3087.5;729
20191204 073100;3087.25;3087.5;3085.25;3085.75;799
20191204 073200;3085.75;3086.5;3085.75;3086.25;200
20191204 073300;3086.25;3087;3086;3086.25;181
20191204 073400;3086.5;3086.75;3085.75;3086.5;222
20191204 073500;3086.5;3086.75;3086.25;3086.5;132
20191204 073600;3086.5;3086.5;3085.5;3086;165
20191204 073700;3085.75;3086.25;3085;3085.75;150
20191204 073800;3085.5;3086.25;3085.25;3086;142
20191204 073900;3085.75;3086;3085.25;3085.75;104
20191204 074000;3085.5;3085.5;3084;3084.75;438
20191204 074100;3084.5;3085.5;3084.5;3085.25;202
20191204 074200;3085;3085.25;3084.75;3085.25;92
20191204 074300;3085;3085.25;3085;3085;119
20191204 074400;3085;3085.25;3084.75;3084.75;52
20191204 074500;3085;3085;3084.5;3084.75;128
20191204 074600;3084.75;3085;3084.5;3084.75;56
20191204 074700;3085;3085;3084.5;3084.75;72
20191204 074800;3084.75;3085.25;3084;3085;310
20191204 074900;3085;3085.5;3085;3085.25;88
20191204 075000;3085.5;3085.75;3085.25;3085.25;143
20191204 075100;3085.25;3085.5;3084.5;3084.75;115
20191204 075200;3085;3085.25;3084.5;3084.5;102
20191204 075300;3084.25;3085;3084.25;3084.75;84
20191204 075400;3084.75;3085;3084.5;3084.75;48
20191204 075500;3084.75;3085;3084;3084;121
20191204 075600;3084.25;3084.25;3084;3084;123
20191204 075700;3084;3084;3083.5;3083.5;89
20191204 075800;3083.75;3083.75;3083.25;3083.25;80
20191204 075900;3083.25;3083.25;3082;3082.5;300
20191204 080000;3082.25;3082.75;3082.25;3082.75;180
20191204 080100;3082.5;3083.5;3081.75;3082.75;558
20191204 080200;3083;3085;3083;3084.75;495
20191204 080300;3084.75;3085.5;3084.75;3085;440
20191204 080400;3085.25;3085.75;3085;3085;236
20191204 080500;3085;3085;3084.5;3084.75;242
20191204 080600;3084.5;3084.75;3083.25;3083.5;321
20191204 080700;3083.25;3083.75;3082.25;3082.75;329
20191204 080800;3083;3084.25;3083;3083.25;218
20191204 080900;3083.25;3084;3083.25;3083.5;188
20191204 081000;3083.5;3084.25;3083.5;3084;213
20191204 081100;3084;3084.75;3083.5;3084.75;192
20191204 081200;3084.75;3085.75;3084.75;3085.25;326
20191204 081300;3085.25;3085.25;3084.75;3085;156
20191204 081400;3085;3085.75;3084.75;3085.75;207
20191204 081500;3085.75;3086;3085;3085.5;89
20191204 081600;3085.5;3086;3085.25;3086;151
20191204 081700;3086;3086.25;3085.75;3085.75;325
20191204 081800;3086;3086.25;3085.75;3086;94
20191204 081900;3086.25;3086.75;3085.5;3086.5;213
20191204 082000;3086.25;3087;3086.25;3086.25;256
20191204 082100;3086.25;3086.25;3085.25;3085.5;203
20191204 082200;3085.5;3085.75;3085;3085.5;95
20191204 082300;3085.75;3086.5;3085.5;3086;197
20191204 082400;3086.25;3087;3086.25;3086.5;122
20191204 082500;3086.5;3086.75;3086;3086.75;222
20191204 082600;3086.5;3086.75;3086.25;3086.75;185
20191204 082700;3087;3087.25;3086.75;3086.75;171
20191204 082800;3087;3087.75;3087;3087.5;140
20191204 082900;3087.75;3088;3087.5;3087.5;176
20191204 083000;3087.5;3088;3087.5;3087.75;81
20191204 083100;3087.5;3088.25;3087.25;3088.25;146
20191204 083200;3088;3088;3087.5;3088;155
20191204 083300;3088;3088.5;3087.75;3088.25;118
20191204 083400;3088.25;3088.5;3088;3088.25;151
20191204 083500;3088.25;3088.5;3088.25;3088.5;67
20191204 083600;3088.5;3088.5;3088;3088.25;111
20191204 083700;3088.25;3088.25;3088;3088;57
20191204 083800;3087.5;3087.75;3087.25;3087.75;47
20191204 083900;3087.5;3088.5;3087.5;3088.25;67
20191204 084000;3088.25;3088.25;3087.75;3087.75;75
20191204 084100;3087.75;3087.75;3087.5;3087.75;98
20191204 084200;3087.75;3088.25;3087.75;3088.25;108
20191204 084300;3088.5;3088.75;3088.25;3088.5;93
20191204 084400;3088.5;3088.75;3087.75;3088;150
20191204 084500;3087.75;3088;3087.75;3088;93
20191204 084600;3087.75;3087.75;3087;3087.5;138
20191204 084700;3087.5;3088.75;3087.5;3088.75;190
20191204 084800;3088.75;3089.25;3088.25;3089;133
20191204 084900;3088.75;3089.25;3088.75;3088.75;105
20191204 085000;3088.75;3089.5;3088.75;3089.5;229
20191204 085100;3089.75;3090;3089.5;3089.75;172
20191204 085200;3089.75;3089.75;3089.5;3089.5;24
20191204 085300;3089.25;3089.75;3089;3089.5;137
20191204 085400;3089.25;3089.75;3089.25;3089.5;91
20191204 085500;3089.5;3089.5;3089.25;3089.25;69
20191204 085600;3089.25;3089.75;3089.25;3089.75;120
20191204 085700;3089.75;3089.75;3089.25;3089.25;72
20191204 085800;3089.25;3089.75;3089.25;3089.75;142
20191204 085900;3089.5;3089.5;3088.75;3088.75;38
20191204 090000;3088.75;3089.5;3088.75;3089.5;119
20191204 090100;3089.5;3090;3089.25;3090;125
20191204 090200;3089.75;3090;3089.75;3090;91
20191204 090300;3090;3092;3090;3091;621
20191204 090400;3091;3092.5;3091;3092;220
20191204 090500;3092;3092.25;3091.5;3092;168
20191204 090600;3092;3092;3090.75;3091;203
20191204 090700;3090.75;3099;3090.25;3098.75;3493
20191204 090800;3098.75;3108.75;3098.25;3107;6330
20191204 090900;3106.75;3107.75;3101.75;3102.5;2053
20191204 091000;3102.5;3103.75;3099;3100.5;1665
20191204 091100;3100.5;3102.25;3100.25;3101.5;818
20191204 091200;3101.5;3102.75;3101;3102.25;625
20191204 091300;3102;3104;3102;3103.25;739
20191204 091400;3103.5;3105;3102.75;3104.5;686
20191204 091500;3104.75;3106.5;3104;3106;621
20191204 091600;3106.25;3107.25;3104.5;3105.5;549
20191204 091700;3105.5;3105.75;3104;3105.25;413
20191204 091800;3105.5;3106.25;3105;3106;511
20191204 091900;3105.75;3105.75;3104.25;3104.5;187
20191204 092000;3105;3105.5;3104.5;3105;280
20191204 092100;3105.25;3106;3105;3105.25;401
20191204 092200;3105.5;3106;3104.5;3104.5;280
20191204 092300;3104.75;3104.75;3104;3104.25;158
20191204 092400;3104.5;3105.25;3104.25;3104.75;340
20191204 092500;3104.75;3105.75;3104.5;3105.75;247
20191204 092600;3105.75;3106;3104.75;3104.75;443
20191204 092700;3104.5;3105.25;3104.5;3104.75;126
20191204 092800;3105;3105.5;3104.75;3105.25;296
20191204 092900;3105.25;3105.75;3104.75;3104.75;201
20191204 093000;3105;3105.25;3104.75;3105;133
20191204 093100;3105;3106;3105;3106;379
20191204 093200;3106;3106.75;3105.5;3105.5;233
20191204 093300;3105.5;3105.5;3104.25;3104.5;289
20191204 093400;3104.75;3105.25;3104.5;3104.5;121
20191204 093500;3104.5;3104.5;3101.75;3102.5;427
20191204 093600;3102.75;3103;3100.5;3101.25;584
20191204 093700;3101.25;3101.5;3100.75;3101;216
20191204 093800;3101.25;3102;3101;3101.25;311
20191204 093900;3101.5;3101.75;3100.75;3100.75;267
20191204 094000;3100.75;3101.25;3100.75;3100.75;178
20191204 094100;3100.5;3100.75;3099.75;3100.25;250
20191204 094200;3100.5;3100.5;3099.25;3099.5;179
20191204 094300;3099.5;3099.5;3098.25;3098.75;381
20191204 094400;3099;3100;3098.75;3099.75;132
20191204 094500;3099.75;3100.75;3099.75;3100;175
20191204 094600;3100.25;3101.25;3099.5;3100.75;266
20191204 094700;3100.75;3101.25;3100.75;3101;143
20191204 094800;3101;3102.25;3100;3100;404
20191204 094900;3100;3101;3099.75;3100.75;342
20191204 095000;3100.75;3101;3100;3100.25;351
20191204 095100;3100;3101.5;3099.5;3101.5;235
20191204 095200;3101.25;3101.5;3101;3101.5;134
20191204 095300;3101.5;3102.25;3101.25;3101.25;220
20191204 095400;3101.5;3102;3101;3102;248
20191204 095500;3101.5;3102;3101.5;3101.75;194
20191204 095600;3102;3102.75;3102;3102.75;425
20191204 095700;3102.5;3103;3102.25;3103;242
20191204 095800;3103;3105;3103;3104.75;346
20191204 095900;3104.75;3106.25;3104.75;3106.25;482
20191204 100000;3106.25;3106.75;3105.75;3106.75;503
20191204 100100;3106.75;3106.75;3105.25;3105.5;258
20191204 100200;3105.25;3105.75;3105;3105.25;188
20191204 100300;3105.25;3105.5;3104.75;3104.75;246
20191204 100400;3104.75;3105;3103.75;3104;226
20191204 100500;3104;3104.75;3104;3104;127
20191204 100600;3104.25;3104.25;3103.75;3103.75;195
20191204 100700;3104;3104;3102.75;3103;237
20191204 100800;3103;3103.5;3102.75;3103;114
20191204 100900;3102.5;3103.25;3102.5;3103;96
20191204 101000;3103;3103.25;3102.75;3103.25;221
20191204 101100;3103.25;3103.25;3103;3103;62
20191204 101200;3103;3103;3102.5;3102.75;103
20191204 101300;3103;3103.25;3103;3103.25;149
20191204 101400;3103;3104.25;3103;3104.25;320
20191204 101500;3104;3105;3104;3105;229
20191204 101600;3104.75;3105.25;3104.25;3105;220
20191204 101700;3104.75;3104.75;3104;3104.25;316
20191204 101800;3104.25;3104.25;3103.75;3104.25;69
20191204 101900;3104.5;3104.5;3103;3103.25;255
20191204 102000;3103.25;3103.5;3103.25;3103.5;109
20191204 102100;3103.5;3103.5;3103.25;3103.25;15
20191204 102200;3103.25;3103.25;3103.25;3103.25;15
20191204 102300;3103.5;3103.75;3103.25;3103.75;86
20191204 102400;3103.75;3104;3103.5;3104;66
20191204 102500;3103.75;3104.25;3103.75;3104;66
20191204 102600;3104.25;3104.5;3103.75;3103.75;251
20191204 102700;3103.75;3103.75;3103;3103.75;148
20191204 102800;3103.75;3104;3103.75;3104;33
20191204 102900;3104;3104.25;3103.75;3103.75;91
20191204 103000;3103.75;3104.75;3103.75;3104.75;164
20191204 103100;3105;3105.75;3104.5;3105.25;294
20191204 103200;3105.25;3105.25;3104.25;3104.5;150
20191204 103300;3104.5;3104.5;3104.25;3104.5;149
20191204 103400;3104.25;3104.75;3104;3104.25;142
20191204 103500;3104.25;3104.5;3103.75;3103.75;125
20191204 103600;3103.75;3104.25;3103.5;3104;110
20191204 103700;3104;3104;3103.5;3103.75;116
20191204 103800;3103.5;3103.75;3103.5;3103.75;55
20191204 103900;3103.75;3103.75;3103.75;3103.75;20
20191204 104000;3103.75;3104;3103.5;3103.75;37
20191204 104100;3103.75;3104;3103.75;3103.75;55
20191204 104200;3103.5;3103.75;3103.25;3103.75;132
20191204 104300;3103.75;3103.75;3103.75;3103.75;14
20191204 104400;3103.75;3104;3103.75;3103.75;62
20191204 104500;3103.75;3104;3103.5;3103.75;95
20191204 104600;3104;3104;3103.75;3103.75;28
20191204 104700;3104;3104;3103.75;3103.75;90
20191204 104800;3103.75;3103.75;3103.5;3103.75;41
20191204 104900;3103.5;3103.5;3102.5;3102.75;202
20191204 105000;3103;3103;3102.5;3102.75;171
20191204 105100;3102.5;3102.5;3102;3102.25;146
20191204 105200;3102.5;3102.5;3102.25;3102.25;138
20191204 105300;3102.25;3102.25;3101.75;3102;102
20191204 105400;3102.25;3102.5;3102.25;3102.25;101
20191204 105500;3102.25;3102.25;3102.25;3102.25;4
20191204 105600;3102.5;3103;3102.5;3103;91
20191204 105700;3102.75;3103;3102.25;3102.5;78
20191204 105800;3102.5;3102.5;3102;3102.5;41
20191204 105900;3102.25;3102.5;3102.25;3102.25;39
20191204 110000;3102.25;3102.25;3102;3102;63
20191204 110100;3101.75;3102.25;3101.75;3102.25;40
20191204 110200;3102.25;3102.25;3101.75;3102;73
20191204 110300;3102.25;3102.5;3102.25;3102.5;20
20191204 110400;3102.25;3103;3102.25;3102.75;49
20191204 110500;3102.5;3103;3102.5;3103;109
20191204 110600;3102.75;3103;3102.75;3103;63
20191204 110700;3103.25;3103.5;3102.5;3102.5;96
20191204 110800;3102.75;3103;3102.75;3103;43
20191204 110900;3102.75;3102.75;3102.75;3102.75;4
20191204 111000;3103;3103.5;3103;3103;87
20191204 111100;3103.25;3104;3103.25;3104;40
20191204 111200;3104;3104;3102.5;3102.5;110
20191204 111300;3102.5;3103.25;3102.5;3103.25;26
20191204 111400;3103;3103;3103;3103;3
20191204 111500;3103.25;3104.75;3103.25;3104.5;143
20191204 111600;3104.75;3104.75;3104.5;3104.5;84
20191204 111700;3104.5;3104.5;3104.25;3104.25;13
20191204 111800;3104;3104.25;3104;3104;9
20191204 111900;3104.25;3104.5;3104.25;3104.25;52
20191204 112000;3104.25;3104.5;3103.75;3104.25;77
20191204 112100;3104.25;3105.25;3104.25;3104.75;108
20191204 112200;3104.75;3104.75;3104;3104;87
20191204 112300;3104;3104;3103.75;3104;52
20191204 112400;3104.25;3104.25;3104;3104.25;6
20191204 112500;3104.25;3104.5;3104.25;3104.25;50
20191204 112600;3104.25;3104.25;3104;3104;10
20191204 112700;3104;3104.25;3104;3104.25;27
20191204 112800;3104;3104.25;3104;3104.25;84
20191204 112900;3104.25;3104.5;3104;3104;66
20191204 113000;3103.75;3104.25;3103.5;3104.25;65
20191204 113100;3104.25;3105;3104;3104.5;142
20191204 113200;3104.5;3104.5;3104;3104;81
20191204 113300;3104;3104.25;3104;3104.25;21
20191204 113400;3104;3104.5;3104;3104.5;134
20191204 113500;3104.5;3104.75;3104.25;3104.5;30
20191204 113600;3104.25;3104.25;3104;3104.25;41
20191204 113700;3104.25;3104.25;3104.25;3104.25;5
20191204 113800;3104;3104;3104;3104;40
20191204 113900;3103.75;3104;3103.75;3103.75;60
20191204 114000;3103.75;3103.75;3103.25;3103.5;38
20191204 114100;3103.75;3104;3103.75;3104;56
20191204 114200;3104.25;3106;3104.25;3106;187
20191204 114300;3105.75;3106;3105.25;3105.75;119
20191204 114400;3105.75;3106;3105.5;3105.5;80
20191204 114500;3105.5;3106;3105.5;3105.75;18
20191204 114600;3105.75;3105.75;3105.25;3105.5;112
20191204 114700;3105.5;3105.5;3105.25;3105.5;163
20191204 114800;3105.5;3105.5;3105;3105;89
20191204 114900;3105;3105.25;3104.75;3105.25;96
20191204 115000;3105.25;3105.25;3104.75;3104.75;51
20191204 115100;3105;3105;3105;3105;1
20191204 115200;3105;3105.25;3105;3105.25;51
20191204 115300;3105.25;3105.25;3105;3105;67
20191204 115400;3105;3105.25;3105;3105.25;57
20191204 115500;3105.5;3105.5;3105.25;3105.25;35
20191204 115600;3105.25;3106.25;3105.25;3106;163
20191204 115700;3106;3106.25;3106;3106.25;50
20191204 115800;3106.25;3106.25;3106;3106;97
20191204 115900;3106;3106.25;3105.75;3106;36
20191204 120000;3106;3106.5;3106;3106.5;80
20191204 120100;3106.5;3106.5;3106;3106;203
20191204 120200;3106;3106.25;3105.75;3106;74
20191204 120300;3106;3106;3104.5;3105;327
20191204 120400;3105;3105.25;3104.75;3105;61
20191204 120500;3105;3105.25;3105;3105;37
20191204 120600;3105.25;3105.75;3105.25;3105.5;192
20191204 120700;3105.25;3105.5;3105.25;3105.5;2
20191204 120800;3105.5;3105.75;3105.25;3105.5;92
20191204 120900;3105.5;3105.75;3105.25;3105.75;76
20191204 121000;3105.75;3106;3105.5;3105.5;63
20191204 121100;3105.75;3106;3105.75;3106;50
20191204 121200;3106;3106;3105.75;3106;19
20191204 121300;3106;3106.25;3106;3106;46
20191204 121400;3106;3107;3106;3106.5;165
20191204 121500;3106.5;3106.75;3106.25;3106.5;52
20191204 121600;3106.75;3106.75;3106.5;3106.75;49
20191204 121700;3107;3107;3106.5;3106.75;107
20191204 121800;3106.75;3106.75;3106.5;3106.5;58
20191204 121900;3106.75;3106.75;3106.5;3106.5;48
20191204 122000;3106.5;3106.75;3106.5;3106.75;51
20191204 122100;3106.75;3106.75;3106.75;3106.75;54
20191204 122200;3106.5;3106.5;3106;3106;47
20191204 122300;3106;3106.25;3106;3106;30
20191204 122400;3106;3106;3105.5;3105.5;38
20191204 122500;3105.75;3106;3105.5;3106;89
20191204 122600;3106;3106.25;3106;3106;68
20191204 122700;3106;3106.5;3106;3106.25;31
20191204 122800;3106.25;3106.75;3106.25;3106.75;110
20191204 122900;3106.75;3107.25;3106.75;3106.75;99
20191204 123000;3107;3107.5;3107;3107.25;115
20191204 123100;3107.25;3107.25;3106.5;3106.5;124
20191204 123200;3106.75;3106.75;3106;3106;73
20191204 123300;3106;3106.75;3106;3106.5;114
20191204 123400;3106.25;3106.5;3106.25;3106.5;48
20191204 123500;3106.5;3106.5;3106.25;3106.25;35
20191204 123600;3106.25;3106.5;3106.25;3106.5;39
20191204 123700;3106.5;3106.75;3106.25;3106.5;61
20191204 123800;3106.75;3106.75;3106.75;3106.75;54
20191204 123900;3106.75;3106.75;3106.5;3106.5;7
20191204 124000;3106.75;3106.75;3106.5;3106.5;39
20191204 124100;3106.25;3106.5;3106.25;3106.5;39
20191204 124200;3106.5;3106.5;3106.5;3106.5;11
20191204 124300;3106.25;3106.25;3106;3106;61
20191204 124400;3106;3106.25;3106;3106;9
20191204 124500;3106;3106;3106;3106;19
20191204 124600;3106;3106.25;3106;3106.25;6
20191204 124700;3106.25;3106.5;3106.25;3106.5;102
20191204 124800;3106.5;3106.5;3106.5;3106.5;51
20191204 124900;3106.5;3106.5;3106;3106.25;88
20191204 125000;3106;3106;3104.25;3104.5;326
20191204 125100;3104.75;3105.25;3104.5;3105.25;115
20191204 125200;3105;3105.75;3105;3105.5;49
20191204 125300;3105.5;3105.5;3105;3105.25;97
20191204 125400;3105.25;3105.25;3105;3105;86
20191204 125500;3105.25;3105.25;3105;3105;18
20191204 125600;3105.25;3105.5;3105.25;3105.25;81
20191204 125700;3105.25;3105.5;3105.25;3105.25;36
20191204 125800;3105.25;3105.5;3105.25;3105.5;12
20191204 125900;3105.5;3105.75;3105.25;3105.5;49
20191204 130000;3105.5;3105.75;3105.5;3105.5;42
20191204 130100;3105.5;3106.25;3105.5;3106;81
20191204 130200;3106;3106.5;3106;3106.5;56
20191204 130300;3106.5;3106.5;3105.25;3105.5;204
20191204 130400;3105.75;3106.5;3105.75;3106.25;74
20191204 130500;3106.25;3106.5;3106;3106.25;53
20191204 130600;3106;3106;3105.75;3106;54
20191204 130700;3106;3106.25;3103.5;3104.75;551
20191204 130800;3104.75;3105.5;3104.25;3105;194
20191204 130900;3105;3105.25;3104.75;3105.25;99
20191204 131000;3105.25;3105.75;3105.25;3105.5;39
20191204 131100;3105.5;3106.5;3105.5;3106.25;88
20191204 131200;3106.25;3106.25;3105.75;3105.75;64
20191204 131300;3105.5;3105.75;3105.5;3105.5;33
20191204 131400;3105.5;3105.75;3105.5;3105.75;24
20191204 131500;3105.75;3106.75;3105.75;3106.5;118
20191204 131600;3106.5;3106.5;3102.25;3103.75;891
20191204 131700;3103.75;3105;3103.75;3104.5;378
20191204 131800;3104.75;3105;3104;3104;227
20191204 131900;3104;3104.5;3103;3103.25;304
20191204 132000;3103.25;3103.75;3101;3101;764
20191204 132100;3101.25;3102.75;3101.25;3102.25;382
20191204 132200;3102.25;3103.25;3102.25;3103;234
20191204 132300;3103.25;3103.25;3102.5;3103;170
20191204 132400;3103;3103.25;3102.75;3103.25;91
20191204 132500;3103.25;3103.25;3103;3103;127
20191204 132600;3103;3104.25;3103;3103.75;388
20191204 132700;3103.75;3105;3103.5;3103.5;290
20191204 132800;3103.5;3104;3103.5;3104;56
20191204 132900;3104;3104.5;3103.75;3104;84
20191204 133000;3104;3104.25;3104;3104;40
20191204 133100;3103.75;3104.25;3103.25;3103.5;88
20191204 133200;3103.25;3104;3103.25;3103.5;105
20191204 133300;3103.5;3103.75;3103.25;3103.25;92
20191204 133400;3103.25;3103.5;3102.75;3103;155
20191204 133500;3103;3103;3102.75;3102.75;125
20191204 133600;3103;3103.25;3102.25;3102.75;343
20191204 133700;3103;3103.25;3102.75;3102.75;129
20191204 133800;3102.75;3102.75;3101.75;3101.75;125
20191204 133900;3101.75;3102.25;3101.5;3102.25;108
20191204 134000;3102;3102.75;3102;3102.5;61
20191204 134100;3102.5;3102.75;3101.75;3102.25;84
20191204 134200;3102.25;3102.25;3101.75;3102;45
20191204 134300;3102;3102.25;3101.5;3101.75;65
20191204 134400;3101.75;3102;3101.25;3101.25;89
20191204 134500;3101.25;3101.75;3101.25;3101.5;32
20191204 134600;3101.75;3102.25;3101.75;3101.75;127
20191204 134700;3101.75;3102;3101.5;3101.75;48
20191204 134800;3102;3102;3101.5;3101.5;98
20191204 134900;3101.75;3102.5;3101.5;3102.5;215
20191204 135000;3102.25;3102.75;3102.25;3102.75;126
20191204 135100;3102.75;3103.25;3102.75;3103;156
20191204 135200;3102.75;3103;3102.5;3102.75;70
20191204 135300;3102.75;3103;3102.75;3103;64
20191204 135400;3103;3103.75;3103;3103.75;170
20191204 135500;3103.75;3103.75;3103;3103;98
20191204 135600;3103;3103.25;3102.75;3103.25;103
20191204 135700;3103.25;3103.75;3103.25;3103.5;152
20191204 135800;3103.75;3104.75;3103.75;3104.75;236
20191204 135900;3104.75;3104.75;3103.75;3104;198
20191204 140000;3104;3104.5;3104;3104.5;95
20191204 140100;3104.25;3104.25;3103.5;3103.75;140
20191204 140200;3103.75;3104.5;3103.75;3104.5;40
20191204 140300;3104.75;3104.75;3103.75;3104.25;205
20191204 140400;3104.25;3104.25;3103.75;3104.25;81
20191204 140500;3104;3104;3103.5;3103.75;22
20191204 140600;3103.75;3105;3103.75;3104.75;248
20191204 140700;3105;3105.25;3105;3105.25;86
20191204 140800;3105.25;3105.75;3105.25;3105.5;232
20191204 140900;3105.5;3107;3105.5;3106.75;469
20191204 141000;3106.75;3107;3106.5;3106.5;197
20191204 141100;3106.25;3107.25;3106.25;3107.25;256
20191204 141200;3107.25;3107.25;3106;3106;210
20191204 141300;3106.25;3106.5;3106;3106.25;173
20191204 141400;3106.25;3106.5;3106;3106.25;91
20191204 141500;3106.25;3107;3106.25;3106.5;207
20191204 141600;3106.5;3106.75;3106.5;3106.75;127
20191204 141700;3106.75;3106.75;3106.5;3106.75;121
20191204 141800;3106.75;3106.75;3106.5;3106.75;116
20191204 141900;3106.75;3106.75;3106.5;3106.75;66
20191204 142000;3107;3107;3106.75;3107;108
20191204 142100;3107;3107;3106.5;3106.5;105
20191204 142200;3106.5;3106.75;3106.5;3106.75;81
20191204 142300;3106.75;3107;3106.5;3107;104
20191204 142400;3107;3107;3106.75;3106.75;134
20191204 142500;3106.5;3106.5;3106.25;3106.25;98
20191204 142600;3106.5;3106.5;3106.25;3106.25;155
20191204 142700;3106.5;3106.75;3106.5;3106.5;86
20191204 142800;3106.5;3107;3106.5;3106.5;102
20191204 142900;3106.5;3106.5;3105;3105.25;339
20191204 143000;3105.25;3105.5;3104.75;3105;529
20191204 143100;3105.25;3105.5;3102.5;3104;2271
20191204 143200;3104.25;3104.5;3102.25;3102.5;1435
20191204 143300;3102.25;3103.5;3101.25;3102.25;1502
20191204 143400;3102.25;3103.75;3101.75;3103.25;1369
20191204 143500;3103.25;3104.5;3103;3104.5;1014
20191204 143600;3104.25;3107;3104.25;3106.25;1905
20191204 143700;3106.25;3110.75;3106.25;3110.25;3179
20191204 143800;3110.25;3111.75;3109.25;3109.5;1854
20191204 143900;3109.5;3110.75;3109.5;3110.25;935
20191204 144000;3110.5;3110.75;3109.5;3109.75;854
20191204 144100;3110;3110.5;3109;3109.25;1135
20191204 144200;3108.75;3109.5;3108.5;3108.75;704
20191204 144300;3108.75;3109.75;3108.5;3109;686
20191204 144400;3108.75;3110.25;3108.75;3110.25;406
20191204 144500;3110.25;3110.25;3109;3109;455
20191204 144600;3109.25;3110.25;3108.75;3109.25;651
20191204 144700;3109.25;3109.25;3108.5;3109.25;670
20191204 144800;3109.25;3111.25;3109.25;3110.5;1128
20191204 144900;3110.5;3112;3110.25;3111.75;1027
20191204 145000;3111.75;3112.75;3111.25;3112.25;1167
20191204 145100;3112.5;3112.75;3111.5;3111.5;749
20191204 145200;3111.5;3113;3111.5;3112.5;685
20191204 145300;3112.5;3113.5;3112.5;3113.5;814
20191204 145400;3113.5;3114.5;3113.25;3114.25;1266
20191204 145500;3114.25;3115.75;3113.75;3115.25;1376
20191204 145600;3115.5;3116;3114.5;3115.75;956
20191204 145700;3115.5;3116.5;3115.25;3115.25;1098
20191204 145800;3115.5;3115.75;3114.75;3115;599
20191204 145900;3115;3115.5;3114.5;3114.75;519
20191204 150000;3115;3115.25;3114.5;3114.75;471
20191204 150100;3114.5;3115.5;3113.25;3114.75;1209
20191204 150200;3114.5;3115.75;3113.75;3113.75;973
20191204 150300;3113.75;3115.25;3113.25;3115;1134
20191204 150400;3115;3116.75;3114.75;3116.25;1877
20191204 150500;3116.5;3117.5;3116;3116;1622
20191204 150600;3116;3117;3115.5;3116;1110
20191204 150700;3116;3117.25;3115.75;3116.25;861
20191204 150800;3116.5;3117.5;3116.25;3117;441
20191204 150900;3117;3117.5;3116;3116.25;533
20191204 151000;3116;3116.5;3115.5;3115.5;624
20191204 151100;3115.5;3116.25;3115.25;3115.25;552
20191204 151200;3115.5;3115.75;3114.25;3114.25;749
20191204 151300;3114.5;3114.75;3113.5;3113.75;700
20191204 151400;3113.75;3114.25;3113.5;3113.5;628
20191204 151500;3113.5;3114;3113.25;3113.5;486
20191204 151600;3113.5;3115;3113.5;3114.5;584
20191204 151700;3114.75;3115.25;3114;3114.25;595
20191204 151800;3114.25;3114.5;3112.75;3113.5;946
20191204 151900;3113.5;3114;3112.75;3113.75;706
20191204 152000;3113.75;3115;3113.75;3115;601
20191204 152100;3114.75;3116.25;3114.75;3116;1042
20191204 152200;3116.25;3117;3115.5;3115.5;756
20191204 152300;3115.5;3115.75;3114.25;3114.75;672
20191204 152400;3114.75;3115.5;3114.5;3114.75;470
20191204 152500;3114.75;3116.25;3114.75;3115.25;563
20191204 152600;3115.5;3115.75;3114;3114.25;461
20191204 152700;3114.25;3114.5;3113.25;3114.25;787
20191204 152800;3114;3114;3112.5;3112.75;1118
20191204 152900;3113;3113.25;3112.5;3113;458
20191204 153000;3113.25;3113.25;3112.5;3112.75;353
20191204 153100;3112.75;3113.75;3111.75;3113.5;942
20191204 153200;3113.25;3113.25;3112;3113;601
20191204 153300;3113;3114;3113;3113.75;334
20191204 153400;3113.5;3114.5;3113.5;3114.25;499
20191204 153500;3114;3114.75;3113.5;3114;505
20191204 153600;3113.75;3114;3113;3113.25;471
20191204 153700;3113.25;3114.75;3113.25;3114.5;294
20191204 153800;3114.75;3115;3114.25;3114.75;404
20191204 153900;3115;3115;3113.5;3113.5;513
20191204 154000;3113.5;3113.75;3112.75;3113.75;425
20191204 154100;3114;3114.5;3113.5;3114.25;183
20191204 154200;3114;3115;3113.75;3114.5;378
20191204 154300;3114.5;3114.5;3113;3113.5;468
20191204 154400;3113.5;3113.75;3112.75;3113.5;281
20191204 154500;3113.5;3114;3113;3113.25;279
20191204 154600;3113.25;3113.75;3112.75;3113.75;549
20191204 154700;3114;3115.25;3114;3115.25;476
20191204 154800;3115.25;3116;3114.75;3115.5;482
20191204 154900;3115.75;3115.75;3114.75;3115.75;530
20191204 155000;3115.75;3117;3115.75;3116.25;601
20191204 155100;3116.25;3116.5;3115.75;3116;331
20191204 155200;3116;3116.25;3115.5;3116.25;366
20191204 155300;3116.25;3117;3115.75;3116.75;431
20191204 155400;3116.75;3116.75;3115.5;3116.25;364
20191204 155500;3116.25;3116.75;3116;3116.25;345
20191204 155600;3116;3116.25;3115.75;3115.75;158
20191204 155700;3115.75;3115.75;3115.25;3115.5;254
20191204 155800;3115.5;3116.25;3115.5;3116;135
20191204 155900;3116.25;3116.25;3115;3115.25;173
20191204 160000;3115.5;3116.25;3115.25;3116.25;257
20191204 160100;3116.25;3117;3116;3116.75;534
20191204 160200;3116.75;3117;3115.25;3115.25;331
20191204 160300;3115.25;3115.75;3114.75;3115.5;415
20191204 160400;3115.25;3116;3114.75;3115.75;357
20191204 160500;3115.75;3116.75;3115.75;3116.75;454
20191204 160600;3116.75;3117;3116;3116;281
20191204 160700;3116;3116.5;3115.75;3116.25;485
20191204 160800;3116.25;3116.5;3115.5;3115.75;412
20191204 160900;3115.75;3115.75;3114.75;3115;600
20191204 161000;3115;3115;3114;3114;363
20191204 161100;3114;3114;3113.25;3113.75;484
20191204 161200;3113.75;3113.75;3113;3113.25;529
20191204 161300;3113.25;3113.5;3112.5;3113.25;605
20191204 161400;3113.25;3113.25;3112.75;3113.25;309
20191204 161500;3113.5;3114.25;3113.25;3114;404
20191204 161600;3114;3114.5;3114;3114.25;328
20191204 161700;3114.25;3114.25;3113.25;3113.25;255
20191204 161800;3113.25;3113.75;3113;3113.5;221
20191204 161900;3113.5;3113.75;3113;3113.75;289
20191204 162000;3113.75;3114;3113.25;3113.25;248
20191204 162100;3113.25;3114.5;3113.25;3114.25;297
20191204 162200;3114.5;3114.75;3114;3114.25;150
20191204 162300;3114.25;3114.75;3114.25;3114.5;56
20191204 162400;3114.75;3115;3113.75;3114.25;564
20191204 162500;3114.25;3114.75;3114.25;3114.25;192
20191204 162600;3114;3114.25;3113;3113.75;649
20191204 162700;3114;3114.25;3113.75;3114;325
20191204 162800;3114;3114.25;3113.5;3114.25;199
20191204 162900;3114;3114.75;3113.75;3114.5;272
20191204 163000;3114.5;3115;3114.25;3114.75;293
20191204 163100;3114.75;3115.75;3114.75;3115.75;439
20191204 163200;3116;3116;3115.25;3115.5;131
20191204 163300;3115.5;3116;3115.5;3115.5;332
20191204 163400;3115.5;3115.75;3115.25;3115.5;208
20191204 163500;3115.5;3116.75;3115.5;3116.25;425
20191204 163600;3116.25;3116.75;3116.25;3116.25;120
20191204 163700;3116.5;3117;3116.5;3117;326
20191204 163800;3117;3118.25;3117;3117;1036
20191204 163900;3117;3117.25;3116.5;3117;448
20191204 164000;3116.75;3117.25;3116.5;3116.75;179
20191204 164100;3116.75;3117.25;3116.75;3117.25;99
20191204 164200;3117.25;3117.5;3116.75;3117.25;317
20191204 164300;3117.25;3117.75;3117;3117;128
20191204 164400;3117;3117.75;3116.75;3117.5;137
20191204 164500;3117.25;3117.5;3117;3117;305
20191204 164600;3117.25;3117.25;3116.25;3116.25;249
20191204 164700;3116.25;3116.5;3116;3116.25;208
20191204 164800;3116.5;3116.5;3115.75;3116;222
20191204 164900;3116.25;3116.25;3115.75;3116;147
20191204 165000;3115.75;3116;3115.5;3115.75;198
20191204 165100;3116;3116.25;3115.5;3115.75;107
20191204 165200;3115.75;3115.75;3115;3115.25;287
20191204 165300;3115.25;3115.25;3115;3115.25;146
20191204 165400;3115.25;3115.5;3115;3115.25;144
20191204 165500;3115.25;3115.5;3115;3115.25;141
20191204 165600;3115.25;3115.25;3114.75;3114.75;233
20191204 165700;3115;3115.25;3114.5;3114.75;145
20191204 165800;3114.75;3114.75;3114.5;3114.5;128
20191204 165900;3114.75;3114.75;3114.5;3114.5;147
20191204 170000;3114.5;3114.5;3114;3114;248
20191204 170100;3114.25;3114.25;3113.75;3114;172
20191204 170200;3114;3114.25;3113.75;3114;43
20191204 170300;3114;3114.25;3113.75;3114.25;149
20191204 170400;3114.25;3114.5;3113.75;3114.5;405
20191204 170500;3114.5;3115;3114.5;3114.75;205
20191204 170600;3114.75;3115;3114.75;3114.75;164
20191204 170700;3115;3115;3114.25;3114.5;138
20191204 170800;3114.25;3114.5;3114;3114.25;193
20191204 170900;3114;3114;3113.75;3113.75;118
20191204 171000;3113.5;3114;3113.5;3114;226
20191204 171100;3113.75;3113.75;3113.25;3113.5;196
20191204 171200;3113.5;3113.75;3113.5;3113.75;118
20191204 171300;3113.75;3113.75;3113.5;3113.5;136
20191204 171400;3113.5;3113.75;3113.5;3113.75;189
20191204 171500;3113.75;3114.5;3113.75;3114.25;165
20191204 171600;3114;3114;3113.25;3113.25;207
20191204 171700;3113.25;3113.5;3112;3113.25;1230
20191204 171800;3113.25;3113.75;3112.75;3113.5;373
20191204 171900;3113.75;3113.75;3112.75;3113;246
20191204 172000;3113;3113.5;3112.5;3113.5;313
20191204 172100;3113.25;3113.5;3113;3113.25;93
20191204 172200;3113.25;3113.25;3112.25;3112.5;138
20191204 172300;3112.5;3112.5;3111.75;3112.25;314
20191204 172400;3112.25;3112.25;3110.25;3112;1033
20191204 172500;3112;3112;3111.5;3112;261
20191204 172600;3111.75;3112;3111.5;3111.5;274
20191204 172700;3111.5;3112.25;3111.5;3112.25;184
20191204 172800;3112.25;3113;3112.25;3112.75;521
20191204 172900;3112.75;3113;3112.5;3112.75;157
20191204 173000;3112.75;3112.75;3112.5;3112.75;153
20191204 173100;3112.75;3113.25;3112.5;3113;205
20191204 173200;3113;3113.25;3112.75;3112.75;233
20191204 173300;3112.75;3113;3112.5;3112.75;186
20191204 173400;3112.75;3112.75;3112.25;3112.5;136
20191204 173500;3112.5;3113;3112.5;3112.75;161
20191204 173600;3113;3113;3112.75;3112.75;41
20191204 173700;3112.75;3112.75;3112.25;3112.75;64
20191204 173800;3112.75;3112.75;3112.25;3112.25;65
20191204 173900;3112.25;3112.5;3112.25;3112.5;36
20191204 174000;3112.5;3112.75;3111.75;3112.25;168
20191204 174100;3112.25;3112.5;3112;3112;78
20191204 174200;3112;3112.5;3111.75;3112.25;126
20191204 174300;3112.25;3112.75;3112;3112.5;178
20191204 174400;3112.5;3112.5;3112;3112.5;135
20191204 174500;3112.5;3112.75;3112.25;3112.5;77
20191204 174600;3112.5;3113;3112.5;3112.5;244
20191204 174700;3112.5;3112.75;3112.25;3112.5;153
20191204 174800;3112.75;3114;3112.75;3113.75;570
20191204 174900;3113.75;3114.25;3113.25;3114;350
20191204 175000;3114;3114.5;3113.75;3114.5;344
20191204 175100;3114.25;3114.75;3114;3114.5;192
20191204 175200;3114.5;3114.75;3114.5;3114.75;68
20191204 175300;3114.5;3114.75;3114.5;3114.75;40
20191204 175400;3114.75;3115.25;3114.5;3115;324
20191204 175500;3115;3115.25;3114.75;3114.75;125
20191204 175600;3114.75;3115;3114.75;3114.75;124
20191204 175700;3115;3115;3114.75;3114.75;74
20191204 175800;3115;3115;3114.5;3114.75;113
20191204 175900;3114.5;3114.75;3114.5;3114.5;24
20191204 180000;3114.5;3115;3114.5;3115;210
20191204 180100;3115;3115.5;3114.75;3115;294
20191204 180200;3114.75;3115;3114.25;3114.5;194
20191204 180300;3114.5;3114.5;3114.25;3114.5;82
20191204 180400;3114.5;3114.75;3114.5;3114.75;53
20191204 180500;3114.5;3114.75;3114.25;3114.5;212
20191204 180600;3114.5;3115.25;3114.5;3114.5;132
20191204 180700;3114.75;3114.75;3114.25;3114.25;229
20191204 180800;3114.25;3114.75;3113.75;3114.75;218
20191204 180900;3114.5;3115.25;3114.25;3114.75;162
20191204 181000;3114.75;3115;3114.5;3114.5;151
20191204 181100;3114.75;3115;3114.5;3114.5;86
20191204 181200;3114.5;3114.5;3114.25;3114.5;126
20191204 181300;3114.5;3114.5;3114.25;3114.25;28
20191204 181400;3114.25;3114.5;3114;3114.5;110
20191204 181500;3114.5;3114.5;3114;3114;102
20191204 181600;3114.25;3114.25;3113.5;3113.5;170
20191204 181700;3113.5;3113.75;3113;3113.5;249
20191204 181800;3113.5;3113.75;3112.5;3113;323
20191204 181900;3112.75;3113.25;3112.5;3112.75;178
20191204 182000;3113;3113.75;3113;3113.5;180
20191204 182100;3113.75;3114;3113.5;3113.75;132
20191204 182200;3113.5;3113.75;3113.5;3113.5;151
20191204 182300;3113.75;3113.75;3113.25;3113.5;124
20191204 182400;3113.75;3113.75;3113.75;3113.75;16
20191204 182500;3113.75;3114.5;3113.75;3114.25;166
20191204 182600;3114.25;3114.25;3113.75;3114.25;164
20191204 182700;3114.25;3114.5;3114;3114.25;69
20191204 182800;3114.25;3114.5;3114;3114.25;33
20191204 182900;3114.5;3114.75;3114.5;3114.75;40
20191204 183000;3114.75;3115;3114.5;3115;127
20191204 183100;3115;3115;3114.5;3114.5;151
20191204 183200;3114.5;3114.75;3114.25;3114.25;96
20191204 183300;3114.25;3114.75;3113.75;3114.25;73
20191204 183400;3114.25;3114.25;3113.5;3113.75;205
20191204 183500;3113.5;3114.25;3113.5;3114.25;84
20191204 183600;3114.25;3114.25;3114;3114;78
20191204 183700;3113.75;3113.75;3113.25;3113.75;66
20191204 183800;3113.5;3113.5;3113.5;3113.5;135
20191204 183900;3113.75;3114.25;3113.75;3114;111
20191204 184000;3114;3114.25;3113.75;3113.75;70
20191204 184100;3114;3114;3113.75;3114;113
20191204 184200;3113.75;3113.75;3113.5;3113.75;43
20191204 184300;3113.5;3113.75;3113.25;3113.75;209
20191204 184400;3113.75;3114.5;3113.75;3114.25;184
20191204 184500;3114.5;3114.5;3114.25;3114.25;62
20191204 184600;3114.25;3114.25;3113.75;3113.75;130
20191204 184700;3113.75;3114;3113.75;3114;53
20191204 184800;3114;3114;3113.75;3114;60
20191204 184900;3114.25;3114.5;3113.75;3113.75;43
20191204 185000;3113.75;3114;3113.75;3114;57
20191204 185100;3114;3114;3114;3114;114
20191204 185200;3114;3114;3113.75;3114;88
20191204 185300;3114.25;3114.25;3114.25;3114.25;68
20191204 185400;3114.25;3114.5;3114;3114.25;72
20191204 185500;3114;3114.25;3114;3114;41
20191204 185600;3113.75;3114;3113.75;3114;126
20191204 185700;3114;3114.25;3113.75;3114.25;93
20191204 185800;3114;3114.75;3114;3114.75;135
20191204 185900;3114.5;3114.75;3114.25;3114.25;151
20191204 190000;3114.25;3115;3114.25;3115;180
20191204 190100;3115.25;3115.25;3114.75;3115.25;227
20191204 190200;3115.25;3116.25;3115.25;3116;687
20191204 190300;3116;3116.5;3115.75;3116;337
20191204 190400;3116;3116.25;3116;3116;118
20191204 190500;3116;3116;3115.75;3115.75;34
20191204 190600;3115.75;3116;3115.5;3116;115
20191204 190700;3115.75;3116;3115.75;3115.75;106
20191204 190800;3116;3116.5;3115.75;3116.5;71
20191204 190900;3116.25;3116.75;3116.25;3116.5;217
20191204 191000;3116.5;3116.75;3116.25;3116.25;157
20191204 191100;3116.5;3117;3116.5;3116.75;108
20191204 191200;3117;3117;3116.5;3116.5;129
20191204 191300;3116.5;3117.25;3116.5;3117;152
20191204 191400;3117;3117.25;3117;3117;130
20191204 191500;3117;3117.5;3117;3117.25;80
20191204 191600;3117.5;3117.5;3116.75;3116.75;181
20191204 191700;3116.75;3117;3116.25;3116.75;95
20191204 191800;3116.75;3117.25;3116.5;3117;82
20191204 191900;3117;3117.25;3117;3117.25;112
20191204 192000;3117;3117;3116.5;3117;146
20191204 192100;3117.25;3117.5;3117;3117;91
20191204 192200;3117;3117.5;3117;3117.25;101
20191204 192300;3117.25;3117.25;3116.75;3116.75;118
20191204 192400;3116.75;3116.75;3116.5;3116.75;108
20191204 192500;3116.75;3117;3116.75;3117;201
20191204 192600;3117.25;3117.25;3116.5;3116.5;131
20191204 192700;3116.75;3116.75;3116.5;3116.75;117
20191204 192800;3116.75;3117;3116.5;3116.75;62
20191204 192900;3116.75;3118;3116.75;3117.5;422
20191204 193000;3117.5;3118.25;3117.5;3118;242
20191204 193100;3118;3118.25;3117.75;3117.75;302
20191204 193200;3117.75;3118;3117;3117.5;159
20191204 193300;3117.25;3118.5;3117;3118;230
20191204 193400;3118.25;3118.25;3117.75;3117.75;217
20191204 193500;3118;3118.5;3118;3118;124
20191204 193600;3118.25;3118.5;3118;3118;139
20191204 193700;3118.25;3118.5;3118.25;3118.5;113
20191204 193800;3118.25;3118.5;3118.25;3118.25;107
20191204 193900;3118.25;3118.5;3118;3118.25;135
20191204 194000;3118.5;3118.5;3118;3118.25;40
20191204 194100;3118;3118.5;3118;3118.25;181
20191204 194200;3118.25;3118.25;3118;3118;24
20191204 194300;3118;3118;3117.75;3117.75;129
20191204 194400;3117.75;3118.25;3117.75;3118.25;137
20191204 194500;3118;3118.25;3117.75;3118;70
20191204 194600;3118;3118.5;3118;3118.25;52
20191204 194700;3118.25;3118.5;3118.25;3118.5;84
20191204 194800;3118.25;3118.75;3118.25;3118.75;106
20191204 194900;3118.5;3118.75;3117.75;3117.75;93
20191204 195000;3117.75;3118;3117.75;3118;103
20191204 195100;3118.25;3119.25;3118.25;3119;320
20191204 195200;3119;3119.25;3118.75;3119;243
20191204 195300;3119;3119.25;3118.5;3118.75;83
20191204 195400;3118.75;3119;3118.75;3119;39
20191204 195500;3119.25;3119.5;3118.75;3118.75;136
20191204 195600;3119;3119.25;3118.75;3119.25;67
20191204 195700;3119.25;3119.25;3119;3119.25;4
20191204 195800;3119;3119.25;3118.75;3118.75;65
20191204 195900;3118.75;3118.75;3118.5;3118.5;77
20191204 200000;3118.5;3118.5;3118;3118.25;114
20191204 200100;3118.25;3118.75;3118;3118.25;140
20191204 200200;3118.25;3118.5;3118.25;3118.5;213
20191204 200300;3118.5;3118.5;3118.25;3118.5;49
20191204 200400;3118.5;3118.75;3118.25;3118.75;74
20191204 200500;3118.5;3118.75;3118.5;3118.75;41
20191204 200600;3118.5;3118.75;3118.5;3118.5;30
20191204 200700;3118.25;3118.5;3118;3118;207
20191204 200800;3118.25;3118.5;3117.75;3117.75;177
20191204 200900;3117.75;3118;3117.5;3117.75;116
20191204 201000;3117.75;3117.75;3117;3117.25;208
20191204 201100;3117.25;3117.25;3116.75;3117.25;262
20191204 201200;3117.25;3117.5;3116.5;3116.75;130
20191204 201300;3116.75;3116.75;3116.25;3116.5;282
20191204 201400;3116.5;3117;3116.25;3116.75;229
20191204 201500;3116.75;3116.75;3116.5;3116.5;140
20191204 201600;3116.75;3117;3116.5;3117;207
20191204 201700;3116.75;3116.75;3116;3116;341
20191204 201800;3116;3116.25;3116;3116.25;29
20191204 201900;3116;3116.75;3116;3116.5;138
20191204 202000;3116.25;3116.75;3116.25;3116.75;106
20191204 202100;3116.75;3116.75;3116.25;3116.25;199
20191204 202200;3116.5;3116.5;3116.25;3116.5;99
20191204 202300;3116.75;3117;3116.5;3117;72
20191204 202400;3117;3117;3116.75;3117;44
20191204 202500;3117.25;3117.25;3116.25;3116.5;105
20191204 202600;3116.25;3116.25;3115.75;3115.75;128
20191204 202700;3115.5;3116.25;3115.5;3116;253
20191204 202800;3116;3116;3115.5;3115.5;155
20191204 202900;3115.5;3115.5;3115.25;3115.5;141
20191204 203000;3115.75;3115.75;3115.25;3115.5;128
20191204 203100;3115.5;3116;3115;3115;584
20191204 203200;3115;3115.25;3114;3114.25;393
20191204 203300;3114.25;3114.5;3114;3114.25;402
20191204 203400;3114.25;3114.75;3114;3114.75;172
20191204 203500;3114.75;3115.75;3114.75;3115.75;454
20191204 203600;3115.75;3116;3115.25;3115.75;104
20191204 203700;3115.5;3115.5;3114.5;3114.75;461
20191204 203800;3114.75;3115.75;3114.75;3115.75;267
20191204 203900;3115.75;3116.25;3115.5;3116.25;144
20191204 204000;3116.25;3116.25;3115.25;3115.75;243
20191204 204100;3115.75;3116;3115.5;3115.75;371
20191204 204200;3115.5;3115.5;3114.75;3115;149
20191204 204300;3115;3115.25;3114.75;3115;232
20191204 204400;3115;3115.5;3114.75;3115.5;109
20191204 204500;3115.75;3115.75;3115.5;3115.5;180
20191204 204600;3115.5;3116;3115.5;3115.75;119
20191204 204700;3115.5;3116.25;3115.5;3116;182
20191204 204800;3115.75;3115.75;3114.75;3114.75;225
20191204 204900;3114.75;3115.75;3114.75;3115.75;404
20191204 205000;3115.75;3116.75;3115.75;3116.5;418
20191204 205100;3116.75;3117.5;3116.75;3117.25;851
20191204 205200;3117.25;3117.5;3115.5;3115.75;696
20191204 205300;3115.5;3115.75;3115.5;3115.75;248
20191204 205400;3115.5;3115.5;3114.5;3114.5;425
20191204 205500;3114.5;3114.75;3112.75;3113.25;1164
20191204 205600;3113.25;3114.5;3113.25;3114.25;744
20191204 205700;3114.25;3114.25;3113.25;3114;550
20191204 205800;3114;3114.5;3113.75;3114.25;390
20191204 205900;3114;3114;3113;3113.25;552
20191204 210000;3113.25;3114;3112;3113;2464
20191204 210100;3113;3113.75;3111.75;3111.75;1034
20191204 210200;3112;3112.25;3110.5;3110.75;923
20191204 210300;3110.75;3111;3108;3108.25;1142
20191204 210400;3108.5;3110.5;3108.25;3110.5;302
20191204 210500;3110.25;3110.5;3109.75;3110.25;197
20191204 210600;3110;3110;3108.75;3109.75;298
20191204 210700;3109.5;3110;3109.25;3109.5;151
20191204 210800;3109.5;3109.5;3108.25;3108.75;163
20191204 210900;3109;3109.5;3108.5;3109.5;108
20191204 211000;3109.25;3109.5;3108.75;3109.25;146
20191204 211100;3109.25;3110;3109.25;3109.5;124
20191204 211200;3109.5;3110;3109.5;3110;66
20191204 211300;3110;3110.25;3109.75;3109.75;91
20191204 211400;3110;3110.5;3109.75;3110.25;77
20191204 211500;3110.25;3111.75;3109.75;3111.5;501
20191204 213100;3111.5;3112;3111.25;3111.5;144
20191204 213200;3111.25;3111.25;3110.75;3111.25;53
20191204 213300;3111;3111.5;3110.75;3111.25;70
20191204 213400;3111.25;3111.25;3110.75;3111;34
20191204 213500;3110.75;3111;3110.75;3111;29
20191204 213600;3110.75;3111;3110.75;3110.75;15
20191204 213700;3111;3111.25;3111;3111;32
20191204 213800;3110.75;3110.75;3110;3110.5;158
20191204 213900;3110.5;3110.5;3110;3110.25;37
20191204 214000;3110.5;3110.5;3110.25;3110.5;9
20191204 214100;3110.5;3110.5;3110.25;3110.25;6
20191204 214200;3110.25;3110.5;3110.25;3110.25;33
20191204 214300;3110.5;3110.75;3110.5;3110.5;13
20191204 214400;3110.75;3110.75;3110.75;3110.75;2
20191204 214500;3110.75;3110.75;3110.75;3110.75;3
20191204 214600;3110.75;3111;3110.75;3110.75;19
20191204 214700;3110.75;3111;3110.75;3111;16
20191204 214800;3110.75;3110.75;3110.5;3110.5;50
20191204 214900;3110.75;3110.75;3110.75;3110.75;35
20191204 215000;3110.75;3110.75;3110.5;3110.5;11
20191204 215100;3110.75;3111.25;3110.75;3111.25;37
20191204 215200;3111.25;3111.25;3111;3111.25;37
20191204 215300;3111;3111;3110.75;3111;36
20191204 215400;3110.75;3111.25;3110.75;3111.25;13
20191204 215500;3111;3111.25;3111;3111.25;44
20191204 215600;3111.25;3111.5;3111;3111.5;49
20191204 215700;3111.25;3111.5;3111.25;3111.25;32
20191204 215800;3111.25;3111.5;3111.25;3111.25;35
20191204 215900;3111.25;3111.25;3110.75;3111;36
20191204 220000;3110.75;3111;3110.5;3111;52
20191204 230100;3110.75;3111.75;3110.25;3111;198
20191204 230200;3110.75;3111.25;3110.25;3111.25;177
20191204 230300;3111.5;3111.75;3111;3111.75;82
20191204 230400;3111.5;3112;3111.25;3112;85
20191204 230500;3112;3112.5;3111.75;3112;115
20191204 230600;3112.25;3112.25;3112;3112;18
20191204 230700;3111.75;3112;3111.5;3111.5;65
20191204 230800;3111.5;3112;3111.5;3111.75;34
20191204 230900;3111.75;3112;3111.5;3112;21
20191204 231000;3112;3112;3112;3112;2
20191204 231100;3112;3112;3112;3112;5
20191204 231200;3112;3112;3111.75;3111.75;11
20191204 231300;3112;3112.5;3112;3112.25;69
20191204 231400;3112.25;3112.5;3112.25;3112.25;54
20191204 231500;3112.5;3112.75;3112.5;3112.5;105
20191204 231600;3112.5;3112.75;3112.25;3112.25;69
20191204 231700;3112.25;3112.25;3112.25;3112.25;1
20191204 231800;3112.25;3112.25;3112;3112;36
20191204 231900;3112.25;3112.25;3112.25;3112.25;2
20191204 232000;3112.5;3112.5;3112.5;3112.5;6
20191204 232100;3112.5;3112.5;3112.5;3112.5;2
20191204 232200;3112.25;3112.5;3112.25;3112.5;3
20191204 232300;3112.5;3112.5;3112.25;3112.5;19
20191204 232500;3112.25;3112.25;3112.25;3112.25;2
20191204 232600;3112.25;3112.25;3112.25;3112.25;11
20191204 232700;3112;3112;3112;3112;5
20191204 232800;3112;3112.25;3112;3112.25;9
20191204 232900;3112.25;3112.25;3112.25;3112.25;26
20191204 233000;3112.5;3112.5;3112.5;3112.5;4
20191204 233200;3112.25;3112.25;3112.25;3112.25;1
20191204 233300;3112.5;3112.5;3112.25;3112.25;6
20191204 233400;3112.25;3112.25;3112;3112;29
20191204 233500;3112;3112;3112;3112;3
20191204 233600;3112;3112;3112;3112;2
20191204 233700;3112.25;3112.25;3112.25;3112.25;3
20191204 233800;3112;3112;3111;3111;61
20191204 233900;3111.25;3111.25;3110.5;3110.5;56
20191204 234000;3110.5;3111;3110.25;3111;66
20191204 234100;3111;3111.5;3110.75;3111.5;20
20191204 234200;3111.5;3111.5;3111.25;3111.5;27
20191204 234300;3111.5;3111.5;3111;3111;11
20191204 234400;3111.25;3111.25;3111;3111.25;16
20191204 234500;3111.25;3111.25;3111.25;3111.25;32
20191204 234600;3111.25;3111.25;3111.25;3111.25;35
20191204 234700;3111;3111;3110;3110;93
20191204 234800;3110;3110.25;3110;3110.25;86
20191204 234900;3110.25;3110.25;3110;3110;25
20191204 235000;3110;3110.25;3109.75;3110.25;45
20191204 235100;3110.5;3110.5;3110;3110.25;80
20191204 235200;3110.25;3110.25;3109.75;3109.75;50
20191204 235300;3109.75;3110;3109.5;3109.75;97
20191204 235400;3109.75;3110;3109.5;3109.5;74
20191204 235500;3109.5;3109.75;3109.25;3109.25;151
20191204 235600;3109.5;3110;3109.25;3109.5;139
20191204 235700;3109.75;3110.25;3109.75;3110.25;70
20191204 235800;3110.25;3110.25;3110.25;3110.25;34
20191204 235900;3110.25;3110.25;3110;3110;85
20191205 000000;3110;3110;3109.25;3109.5;146
20191205 000100;3109.5;3110;3109.5;3109.5;333
20191205 000200;3109.75;3109.75;3109.25;3109.75;224
20191205 000300;3109.75;3110.75;3109.75;3110;293
20191205 000400;3110.25;3110.5;3110.25;3110.5;112
20191205 000500;3110.25;3111.75;3110.25;3111.75;316
20191205 000600;3111.75;3111.75;3110.5;3110.75;119
20191205 000700;3110.5;3110.75;3110.5;3110.5;53
20191205 000800;3110.5;3110.75;3110.5;3110.75;120
20191205 000900;3110.75;3111;3110.75;3111;80
20191205 001000;3111;3111.5;3110.75;3111.25;57
20191205 001100;3111.25;3111.75;3111.25;3111.75;119
20191205 001200;3111.5;3111.75;3111.5;3111.75;88
20191205 001300;3111.75;3111.75;3111.25;3111.5;139
20191205 001400;3111.25;3111.25;3111;3111;37
20191205 001500;3110.75;3110.75;3109.75;3110.25;254
20191205 001600;3110.25;3110.5;3110;3110.25;94
20191205 001700;3110.25;3110.75;3110.25;3110.75;54
20191205 001800;3110.75;3111;3110.75;3110.75;63
20191205 001900;3110.75;3110.75;3110.75;3110.75;20
20191205 002000;3111;3111.25;3111;3111;27
20191205 002100;3111;3111;3110.75;3110.75;30
20191205 002200;3110.5;3110.5;3110.5;3110.5;15
20191205 002300;3110.25;3110.5;3110;3110;45
20191205 002400;3110.25;3110.5;3110.25;3110.25;12
20191205 002500;3110.25;3110.25;3109.75;3110;64
20191205 002600;3110;3110.25;3110;3110.25;27
20191205 002700;3110.25;3110.25;3110;3110;105
20191205 002800;3110;3110.5;3110;3110.5;34
20191205 002900;3110.5;3110.5;3110.25;3110.5;93
20191205 003000;3110.5;3110.75;3110.5;3110.75;18
20191205 003100;3110.5;3110.5;3109.25;3109.75;127
20191205 003200;3109.75;3110;3109.25;3109.25;66
20191205 003300;3109.25;3109.5;3108.75;3108.75;175
20191205 003400;3108.5;3109.25;3108.5;3109;125
20191205 003500;3108.75;3109.25;3108.75;3108.75;41
20191205 003600;3108.75;3109;3108.75;3109;38
20191205 003700;3109;3109.5;3109;3109.25;43
20191205 003800;3109.25;3109.5;3109.25;3109.5;28
20191205 003900;3109.5;3110;3109.25;3110;82
20191205 004000;3110;3110.5;3109.75;3110;88
20191205 004100;3110;3110;3109.5;3109.5;12
20191205 004200;3109.5;3109.75;3109.5;3109.75;10
20191205 004300;3109.75;3109.75;3109.25;3109.25;26
20191205 004400;3109.25;3109.25;3109.25;3109.25;42
20191205 004500;3109.25;3109.25;3109.25;3109.25;29
20191205 004600;3109.25;3109.25;3109;3109.25;38
20191205 004700;3109.25;3109.5;3109.25;3109.5;15
20191205 004800;3109.5;3109.75;3109.5;3109.5;32
20191205 004900;3109.5;3109.5;3109;3109.25;21
20191205 005000;3109.25;3109.5;3109.25;3109.25;70
20191205 005100;3109.25;3109.5;3109.25;3109.5;79
20191205 005200;3109.25;3109.25;3109;3109.25;38
20191205 005300;3109.25;3109.75;3109;3109.75;52
20191205 005400;3109.75;3109.75;3109.75;3109.75;48
20191205 005500;3109.75;3110;3109.75;3109.75;15
20191205 005600;3109.75;3110;3109.5;3109.75;20
20191205 005700;3109.5;3110;3109.5;3109.75;29
20191205 005800;3109.75;3110;3109.75;3110;4
20191205 005900;3110;3110;3109.75;3110;38
20191205 010000;3110;3110;3109.75;3109.75;2
20191205 010100;3109.75;3110.5;3109.75;3110.5;50
20191205 010200;3110.25;3110.5;3110.25;3110.25;25
20191205 010300;3110.25;3110.25;3110;3110;28
20191205 010400;3110.25;3110.5;3110.25;3110.5;44
20191205 010500;3110.5;3110.5;3110.25;3110.25;34
20191205 010600;3110.25;3110.25;3110.25;3110.25;68
20191205 010700;3110.25;3110.25;3109.5;3109.75;59
20191205 010800;3110;3110.25;3110;3110.25;91
20191205 010900;3110;3110.5;3110;3110.25;43
20191205 011000;3110.5;3111;3110.5;3111;52
20191205 011100;3110.75;3111;3110.75;3111;21
20191205 011200;3110.75;3111.5;3110.75;3111.25;71
20191205 011300;3111.25;3111.25;3111;3111;30
20191205 011400;3111;3111.5;3111;3111.25;29
20191205 011500;3111.25;3112.5;3111.25;3112;145
20191205 011600;3112.25;3115.25;3112.25;3113.5;1017
20191205 011700;3113.5;3114.25;3113;3113.25;238
20191205 011800;3113.25;3113.5;3112.75;3113;248
20191205 011900;3113;3113.5;3113;3113.25;105
20191205 012000;3113.25;3113.25;3113;3113.25;99
20191205 012100;3113.25;3113.5;3112.25;3112.5;133
20191205 012200;3112.5;3112.5;3110.75;3111.25;309
20191205 012300;3111.5;3111.75;3111.25;3111.5;88
20191205 012400;3111.5;3111.75;3111.5;3111.5;53
20191205 012500;3111.5;3111.5;3111.25;3111.25;57
20191205 012600;3111.25;3111.25;3109.75;3110.75;473
20191205 012700;3110.75;3110.75;3110;3110.75;150
20191205 012800;3110.5;3110.75;3110.25;3110.25;151
20191205 012900;3110.25;3110.25;3109.75;3110;114
20191205 013000;3109.75;3110.25;3109.75;3110;66
20191205 013100;3110;3110;3108.75;3108.75;294
20191205 013200;3108.5;3110;3108.25;3110;277
20191205 013300;3109.75;3110.5;3109.75;3110;216
20191205 013400;3110;3110;3109.5;3110;240
20191205 013500;3110;3110;3109.75;3110;82
20191205 013600;3110;3110;3109.25;3110;94
20191205 013700;3109.75;3110;3109.5;3109.5;143
20191205 013800;3109.25;3109.5;3108.75;3109.5;309
20191205 013900;3109.25;3109.75;3108.75;3109.75;56
20191205 014000;3109.75;3110;3109.5;3110;67
20191205 014100;3110;3110;3109.75;3109.75;79
20191205 014200;3110;3110;3109.75;3109.75;101
20191205 014300;3109.75;3109.75;3109.25;3109.25;75
20191205 014400;3109.25;3109.5;3109;3109.5;44
20191205 014500;3109.25;3109.25;3107.25;3107.75;574
20191205 014600;3108;3108.75;3107.75;3108.5;123
20191205 014700;3108.5;3109.25;3108.5;3108.75;209
20191205 014800;3108.75;3109.75;3108.75;3109.5;60
20191205 014900;3109.25;3109.5;3109;3109.5;142
20191205 015000;3109.75;3110.25;3109.5;3109.5;128
20191205 015100;3109.75;3110;3109.5;3109.5;68
20191205 015200;3109.75;3109.75;3109;3109.25;102
20191205 015300;3109;3109.75;3109;3109.5;57
20191205 015400;3109.5;3109.5;3109.25;3109.5;52
20191205 015500;3109.5;3109.5;3109;3109.25;73
20191205 015600;3109.25;3109.5;3109;3109.25;51
20191205 015700;3109.25;3109.25;3109;3109.25;49
20191205 015800;3109.25;3109.75;3109.25;3109.75;63
20191205 015900;3109.75;3110.75;3109.75;3110.5;129
20191205 020000;3110.75;3110.75;3110;3110;166
20191205 020100;3110.25;3110.25;3109.75;3110.25;232
20191205 020200;3110.5;3111.25;3110.25;3110.25;166
20191205 020300;3110;3110.5;3109.75;3110.5;74
20191205 020400;3110.5;3110.5;3110.25;3110.5;201
20191205 020500;3110.75;3111.5;3110.75;3111.5;140
20191205 020600;3111.5;3111.5;3111;3111;72
20191205 020700;3111.25;3111.25;3111;3111;45
20191205 020800;3111.25;3111.5;3111.25;3111.25;36
20191205 020900;3111.25;3111.25;3110.75;3111;142
20191205 021000;3110.75;3110.75;3110.75;3110.75;13
20191205 021100;3111;3111.25;3110.75;3110.75;30
20191205 021200;3110.5;3110.5;3110;3110.25;191
20191205 021300;3110.25;3110.5;3110.25;3110.5;33
20191205 021400;3110.75;3110.75;3110.5;3110.5;20
20191205 021500;3110.5;3110.5;3110.25;3110.5;25
20191205 021600;3110.5;3110.75;3110.5;3110.5;36
20191205 021700;3110.75;3110.75;3110.75;3110.75;170
20191205 021800;3110.75;3110.75;3110.5;3110.5;56
20191205 021900;3110.5;3110.5;3110.5;3110.5;29
20191205 022000;3110.5;3110.5;3110.5;3110.5;6
20191205 022100;3110.5;3110.5;3109.75;3110;186
20191205 022200;3110;3110.25;3110;3110;27
20191205 022300;3110.5;3111.25;3110.5;3110.75;170
20191205 022400;3110.5;3110.5;3110.5;3110.5;6
20191205 022500;3110.5;3110.5;3110.25;3110.5;56
20191205 022600;3110.5;3110.75;3110.5;3110.75;25
20191205 022700;3110.75;3111;3110.75;3110.75;75
20191205 022800;3110.75;3111;3110.75;3111;24
20191205 022900;3111.25;3111.5;3111;3111.25;50
20191205 023000;3111.5;3111.5;3111.25;3111.25;44
20191205 023100;3111;3111.25;3110.75;3110.75;34
20191205 023200;3110.75;3110.75;3110.75;3110.75;8
20191205 023300;3110.75;3111;3110.75;3111;8
20191205 023400;3111.25;3111.25;3111;3111.25;46
20191205 023500;3111.5;3111.75;3111;3111;98
20191205 023600;3111;3111.25;3111;3111;36
20191205 023700;3111;3111;3110;3110.5;188
20191205 023800;3110.5;3110.5;3109.75;3109.75;89
20191205 023900;3109.5;3110.5;3109.25;3110.5;95
20191205 024000;3110.5;3110.5;3110.5;3110.5;32
20191205 024100;3110.25;3110.75;3110.25;3110.75;47
20191205 024200;3110.75;3111.25;3110.75;3111.25;81
20191205 024300;3111.25;3111.25;3111.25;3111.25;31
20191205 024400;3111.25;3111.25;3110.75;3111;40
20191205 024500;3110.75;3110.75;3110.5;3110.5;15
20191205 024600;3110.5;3110.75;3110.5;3110.75;120
20191205 024700;3110.75;3110.75;3110.75;3110.75;5
20191205 024800;3111;3111;3111;3111;19
20191205 024900;3111;3111;3110.5;3110.5;29
20191205 025000;3110.5;3110.75;3110.5;3110.5;35
20191205 025100;3110.5;3110.5;3109.75;3109.75;66
20191205 025200;3109.75;3109.75;3109.5;3109.75;75
20191205 025300;3110;3110.25;3110;3110;58
20191205 025400;3110;3110;3109.75;3109.75;34
20191205 025500;3110;3110;3109.75;3109.75;31
20191205 025600;3110;3110.25;3110;3110.25;7
20191205 025700;3110.25;3110.25;3110.25;3110.25;10
20191205 025800;3110;3110;3110;3110;36
20191205 025900;3109.75;3109.75;3109.5;3109.75;30
20191205 030000;3109.75;3109.75;3109.5;3109.5;27
20191205 030100;3109.5;3109.75;3109.25;3109.25;42
20191205 030200;3109.25;3109.25;3109;3109.25;87
20191205 030300;3109.25;3109.5;3109.25;3109.5;17
20191205 030400;3109.75;3109.75;3109.5;3109.5;39
20191205 030500;3109.75;3109.75;3109.5;3109.5;18
20191205 030600;3109.75;3109.75;3109.75;3109.75;92
20191205 030700;3109.5;3109.5;3109.5;3109.5;12
20191205 030800;3109.5;3109.75;3109.5;3109.75;10
20191205 030900;3109.75;3109.75;3109.75;3109.75;34
20191205 031000;3109.75;3110;3109.75;3110;52
20191205 031100;3110.25;3110.25;3110;3110;33
20191205 031200;3110;3110;3109.75;3109.75;27
20191205 031300;3110;3110;3109.75;3109.75;28
20191205 031400;3109.5;3109.5;3109.25;3109.5;42
20191205 031500;3109.5;3109.75;3109.5;3109.75;27
20191205 031600;3109.75;3109.75;3109.5;3109.75;35
20191205 031700;3109.75;3109.75;3109.5;3109.5;13
20191205 031800;3109.5;3109.5;3109;3109.25;47
20191205 031900;3109;3109;3108.75;3109;50
20191205 032000;3108.75;3109;3108.75;3109;44
20191205 032100;3108.75;3109;3108.75;3109;23
20191205 032200;3109.25;3109.5;3109.25;3109.5;5
20191205 032300;3109.25;3109.5;3109.25;3109.25;47
20191205 032400;3109.25;3109.25;3109;3109;25
20191205 032500;3109;3109;3109;3109;1
20191205 032600;3109;3109.25;3109;3109.25;76
20191205 032700;3109.25;3109.25;3109.25;3109.25;35
20191205 032800;3109.25;3109.25;3109.25;3109.25;30
20191205 032900;3109.25;3109.25;3108.75;3109;37
20191205 033000;3109;3109;3108.75;3108.75;27
20191205 033100;3109;3109;3108.75;3108.75;37
20191205 033200;3108.75;3108.75;3108.5;3108.75;8
20191205 033300;3108.75;3108.75;3108.5;3108.5;9
20191205 033400;3108.75;3108.75;3108.25;3108.25;44
20191205 033500;3108.5;3108.75;3108.5;3108.75;76
20191205 033600;3108.75;3108.75;3108.5;3108.5;33
20191205 033700;3108.5;3109;3108.5;3109;102
20191205 033800;3109;3109.25;3109;3109;13
20191205 033900;3109;3109.25;3109;3109.25;20
20191205 034100;3109;3109;3109;3109;20
20191205 034200;3108.75;3108.75;3108.75;3108.75;5
20191205 034300;3108.75;3109;3108.75;3108.75;10
20191205 034400;3108.75;3109.25;3108.75;3109.25;65
20191205 034500;3109.25;3109.25;3109.25;3109.25;3
20191205 034600;3109;3109.25;3109;3109.25;36
20191205 034700;3109.25;3109.5;3109.25;3109.5;52
20191205 034800;3109.5;3110;3109.5;3109.75;39
20191205 034900;3109.75;3110;3109.5;3109.75;23
20191205 035000;3109.5;3109.75;3109.5;3109.75;20
20191205 035100;3109.75;3109.75;3109.75;3109.75;14
20191205 035200;3109.75;3109.75;3109.5;3109.75;16
20191205 035300;3109.75;3109.75;3109.75;3109.75;16
20191205 035400;3109.75;3109.75;3109.75;3109.75;5
20191205 035500;3109.75;3109.75;3109.5;3109.75;11
20191205 035600;3109.75;3109.75;3109.75;3109.75;5
20191205 035700;3109.75;3109.75;3109.75;3109.75;8
20191205 035800;3109.75;3109.75;3109.75;3109.75;14
20191205 035900;3109.75;3109.75;3109.75;3109.75;27
20191205 040000;3110;3110.25;3110;3110;35
20191205 040100;3110;3110;3110;3110;6
20191205 040200;3110;3110;3110;3110;3
20191205 040300;3110;3110;3110;3110;14
20191205 040400;3110;3110.25;3110;3110;15
20191205 040500;3110;3110.25;3110;3110;35
20191205 040600;3110.25;3110.25;3110;3110;21
20191205 040700;3110.25;3110.25;3110;3110.25;5
20191205 040900;3110;3110;3110;3110;4
20191205 041100;3110;3110;3110;3110;16
20191205 041200;3110;3110.25;3110;3110.25;6
20191205 041300;3110.5;3110.5;3110.25;3110.25;10
20191205 041400;3110.25;3110.5;3110.25;3110.5;35
20191205 041500;3110.5;3110.5;3110.5;3110.5;18
20191205 041700;3110.5;3110.75;3110.5;3110.75;11
20191205 041800;3110.75;3110.75;3110.5;3110.5;130
20191205 041900;3110.5;3110.5;3110.25;3110.25;30
20191205 042000;3110.25;3110.5;3110.25;3110.5;31
20191205 042100;3110.75;3110.75;3110.75;3110.75;12
20191205 042200;3110.75;3110.75;3110.5;3110.75;19
20191205 042300;3110.5;3110.75;3110.5;3110.75;3
20191205 042400;3110.5;3110.5;3110.5;3110.5;28
20191205 042500;3110.75;3110.75;3110.5;3110.75;25
20191205 042600;3110.75;3110.75;3110.75;3110.75;8
20191205 042900;3110.75;3110.75;3110.5;3110.5;5
20191205 043000;3110.75;3110.75;3110.5;3110.5;3
20191205 043100;3110.5;3110.5;3110.5;3110.5;1
20191205 043200;3110.75;3110.75;3110.75;3110.75;22
20191205 043300;3110.75;3110.75;3110.75;3110.75;5
20191205 043400;3110.75;3110.75;3110.5;3110.5;17
20191205 043500;3110.5;3110.75;3110.5;3110.75;18
20191205 043600;3110.75;3110.75;3110.75;3110.75;9
20191205 043800;3111;3111.25;3111;3111.25;56
20191205 043900;3111.25;3111.5;3111.25;3111.5;23
20191205 044000;3111.25;3111.25;3111;3111;14
20191205 044100;3111;3111;3110.75;3110.75;17
20191205 044200;3111;3111;3110.75;3111;56
20191205 044300;3110.75;3110.75;3110.75;3110.75;8
20191205 044400;3110.75;3110.75;3110.75;3110.75;2
20191205 044500;3110.75;3110.75;3110.75;3110.75;32
20191205 044600;3110.75;3110.75;3110.5;3110.75;25
20191205 044700;3110.75;3110.75;3110.5;3110.5;34
20191205 044800;3110.5;3110.5;3110.5;3110.5;4
20191205 044900;3110.75;3110.75;3110.5;3110.5;3
20191205 045000;3110.5;3110.5;3110.25;3110.25;56
20191205 045100;3110.5;3110.75;3110.5;3110.5;3
20191205 045200;3110.75;3110.75;3110.75;3110.75;23
20191205 045300;3110.75;3111;3110.5;3111;68
20191205 045400;3110.75;3111;3110.75;3111;86
20191205 045500;3111;3111;3111;3111;28
20191205 045600;3111.25;3111.25;3110.75;3110.75;66
20191205 045700;3110.75;3110.75;3110.75;3110.75;8
20191205 045900;3110.5;3110.5;3110.5;3110.5;44
20191205 050000;3110.75;3110.75;3110.75;3110.75;3
20191205 050100;3110.75;3111;3110.75;3111;21
20191205 050200;3111;3111;3111;3111;5
20191205 050300;3111.25;3111.25;3111.25;3111.25;1
20191205 050400;3111;3111;3111;3111;1
20191205 050500;3111;3111;3111;3111;2
20191205 050600;3111;3111.5;3111;3111.25;54
20191205 050700;3111.25;3111.25;3111.25;3111.25;21
20191205 050800;3111.25;3111.25;3111.25;3111.25;19
20191205 050900;3111.25;3111.25;3111.25;3111.25;22
20191205 051000;3111.25;3111.25;3111;3111;36
20191205 051200;3111.25;3111.25;3111.25;3111.25;2
20191205 051300;3111.25;3111.25;3110.75;3111.25;27
20191205 051400;3111;3111;3110.75;3110.75;19
20191205 051500;3111;3111;3111;3111;1
20191205 051600;3110.75;3111;3110.75;3111;22
20191205 051700;3110.75;3110.75;3110.75;3110.75;74
20191205 051800;3110.75;3110.75;3110.75;3110.75;17
20191205 051900;3110.75;3110.75;3110.5;3110.5;24
20191205 052000;3110.5;3110.5;3110.25;3110.5;41
20191205 052100;3110.5;3110.5;3110.5;3110.5;5
20191205 052200;3110.5;3110.5;3110.5;3110.5;25
20191205 052300;3110.5;3110.5;3110.5;3110.5;4
20191205 052400;3110.5;3110.5;3110.5;3110.5;8
20191205 052500;3110.5;3110.5;3110.25;3110.25;11
20191205 052600;3110;3110;3109.75;3110;103
20191205 052700;3110.25;3110.25;3110.25;3110.25;15
20191205 052800;3110.25;3110.25;3110.25;3110.25;8
20191205 052900;3110.25;3110.5;3110.25;3110.5;10
20191205 053000;3110.25;3110.25;3110;3110;24
20191205 053100;3110.25;3110.25;3110;3110;18
20191205 053200;3110;3110;3109.5;3109.75;59
20191205 053300;3109.5;3109.75;3109;3109.25;36
20191205 053400;3109.25;3110.25;3109.25;3110;94
20191205 053500;3110;3110;3109.5;3109.5;69
20191205 053600;3109.75;3109.75;3109.75;3109.75;20
20191205 053700;3109.75;3109.75;3109.5;3109.5;19
20191205 053800;3109.25;3109.75;3109.25;3109.75;9
20191205 053900;3109.75;3109.75;3109.5;3109.5;25
20191205 054000;3109.5;3109.5;3109.25;3109.25;81
20191205 054100;3109.25;3109.5;3109.25;3109.5;22
20191205 054200;3109.5;3109.75;3109.5;3109.75;16
20191205 054300;3109.75;3109.75;3109.75;3109.75;1
20191205 054500;3109.75;3109.75;3109.75;3109.75;9
20191205 054600;3109.75;3109.75;3109.75;3109.75;3
20191205 054700;3109.75;3110;3109.75;3109.75;19
20191205 054800;3109.75;3110;3109.75;3109.75;5
20191205 054900;3110;3110;3109.75;3109.75;55
20191205 055000;3110;3110;3110;3110;9
20191205 055100;3110.25;3110.5;3110;3110;22
20191205 055200;3109.75;3109.75;3109.75;3109.75;13
20191205 055300;3109.75;3109.75;3109.75;3109.75;19
20191205 055400;3109.75;3109.75;3109.75;3109.75;23
20191205 055500;3109.75;3109.75;3109.75;3109.75;2
20191205 055600;3109.75;3109.75;3109.5;3109.5;4
20191205 055700;3109.75;3109.75;3109.5;3109.5;13
20191205 055800;3109.5;3109.5;3109.25;3109.5;6
20191205 055900;3109.25;3109.5;3109.25;3109.5;19
20191205 060000;3109.5;3109.75;3109.5;3109.75;64
20191205 060100;3109.75;3109.75;3109.5;3109.75;55
20191205 060200;3109.75;3110.25;3109.75;3110.25;19
20191205 060300;3110.25;3110.5;3110.25;3110.25;28
20191205 060400;3110.5;3110.5;3110.5;3110.5;17
20191205 060500;3110.5;3110.5;3110.5;3110.5;42
20191205 060600;3110.25;3110.75;3110.25;3110.75;37
20191205 060700;3110.75;3110.75;3110.5;3110.5;42
20191205 060800;3110.5;3110.75;3110.5;3110.75;37
20191205 060900;3110.5;3110.75;3110.5;3110.75;33
20191205 061000;3110.75;3110.75;3110.5;3110.5;47
20191205 061100;3110.5;3110.5;3110.25;3110.5;9
20191205 061200;3110.5;3110.5;3110.5;3110.5;1
20191205 061400;3110.5;3110.75;3110.5;3110.5;26
20191205 061500;3110.5;3110.5;3110.5;3110.5;10
20191205 061600;3110.5;3110.75;3110.5;3110.5;33
20191205 061700;3110.5;3110.75;3110.5;3110.75;16
20191205 061800;3110.75;3110.75;3110.75;3110.75;7
20191205 061900;3110.75;3110.75;3110.75;3110.75;57
20191205 062000;3110.75;3111;3110.75;3111;7
20191205 062100;3111;3111;3111;3111;24
20191205 062200;3110.75;3111.25;3110.75;3111;33
20191205 062300;3111.25;3111.25;3111.25;3111.25;10
20191205 062400;3111.25;3111.25;3111.25;3111.25;27
20191205 062500;3111.5;3111.5;3111.25;3111.5;9
20191205 062600;3111.5;3111.5;3111.5;3111.5;2
20191205 062700;3111.25;3112;3111.25;3111.75;63
20191205 062800;3111.5;3111.75;3111.5;3111.5;29
20191205 062900;3111.75;3111.75;3111.75;3111.75;3
20191205 063000;3111.75;3112;3111.75;3112;42
20191205 063100;3111.75;3112;3111.5;3111.5;66
20191205 063200;3111.5;3111.75;3111.25;3111.25;23
20191205 063300;3111.25;3111.5;3111.25;3111.5;25
20191205 063400;3111.5;3112;3111.5;3111.75;64
20191205 063500;3111.75;3111.75;3111.75;3111.75;8
20191205 063600;3111.75;3111.75;3111.75;3111.75;21
20191205 063700;3112;3112;3111.75;3112;9
20191205 063800;3112;3112;3111.75;3111.75;6
20191205 063900;3111.75;3112;3111.75;3112;16
20191205 064000;3112.25;3112.5;3112.25;3112.5;150
20191205 064100;3112.25;3112.5;3112.25;3112.25;19
20191205 064200;3112;3112.25;3112;3112.25;25
20191205 064300;3112.25;3112.25;3112.25;3112.25;7
20191205 064400;3112.25;3112.25;3112;3112;19
20191205 064500;3112;3112;3112;3112;3
20191205 064600;3112;3112;3112;3112;15
20191205 064700;3112.25;3112.25;3112.25;3112.25;21
20191205 064800;3112.25;3112.5;3112.25;3112.25;12
20191205 064900;3112.25;3112.25;3112.25;3112.25;2
20191205 065000;3112;3112.25;3112;3112;41
20191205 065100;3112;3112;3112;3112;22
20191205 065200;3112;3112;3112;3112;2
20191205 065300;3112.25;3112.25;3112.25;3112.25;27
20191205 065400;3112.25;3112.5;3112.25;3112.5;11
20191205 065500;3112.25;3112.75;3112.25;3112.75;48
20191205 065600;3112.75;3112.75;3112.75;3112.75;29
20191205 065700;3112.5;3112.5;3112.5;3112.5;58
20191205 065800;3112.75;3113.25;3112.75;3113;221
20191205 065900;3113.25;3113.5;3113;3113.5;113
20191205 070000;3113.25;3113.5;3113.25;3113.25;26
20191205 070100;3113.25;3113.25;3112.75;3112.75;68
20191205 070200;3112.75;3112.75;3112;3112;106
20191205 070300;3112;3112.25;3111.5;3111.5;78
20191205 070400;3111.75;3112.5;3111.75;3112.25;75
20191205 070500;3112.25;3112.5;3112.25;3112.5;39
20191205 070600;3112.5;3116.5;3112.5;3115.5;796
20191205 070700;3115.5;3117;3114.75;3115.25;1015
20191205 070800;3115.5;3116;3115;3115.25;237
20191205 070900;3115;3115.5;3114.5;3115.5;229
20191205 071000;3115.25;3115.25;3115;3115;162
20191205 071100;3115;3115;3114.75;3115;134
20191205 071200;3115;3116.25;3115;3116;216
20191205 071300;3116;3117;3116;3116.25;188
20191205 071400;3116.25;3116.25;3115.75;3116;91
20191205 071500;3115.75;3115.75;3115.75;3115.75;76
20191205 071600;3115.5;3116;3115;3116;222
20191205 071700;3116;3116;3115.5;3115.5;87
20191205 071800;3115.75;3116;3115.25;3115.75;143
20191205 071900;3115.75;3116;3115.75;3116;103
20191205 072000;3116.25;3116.75;3116.25;3116.25;143
20191205 072100;3116.25;3116.25;3116;3116;27
20191205 072200;3115.75;3116.5;3115.5;3116.25;115
20191205 072300;3116.25;3116.5;3116.25;3116.25;42
20191205 072400;3116;3116.25;3116;3116;72
20191205 072500;3116.25;3116.5;3116.25;3116.25;28
20191205 072600;3116.25;3116.25;3116;3116;72
20191205 072700;3116;3116;3115.75;3116;47
20191205 072800;3116.25;3116.5;3116.25;3116.25;60
20191205 072900;3116;3116;3116;3116;48
20191205 073000;3116;3116.25;3115.75;3116;45
20191205 073100;3116.25;3116.25;3115.75;3116;61
20191205 073200;3116;3116;3115.75;3115.75;27
20191205 073300;3115.75;3116;3115.5;3116;48
20191205 073400;3116;3116.25;3115.75;3115.75;45
20191205 073500;3115.75;3116;3115.75;3116;22
20191205 073600;3116;3116;3115.75;3116;56
20191205 073700;3115.75;3115.75;3115.5;3115.5;26
20191205 073800;3115.75;3116.25;3115.75;3116;108
20191205 073900;3116;3116;3115.75;3116;14
20191205 074000;3116;3116.25;3115.75;3116;33
20191205 074100;3116;3116;3116;3116;22
20191205 074200;3116;3116.5;3116;3116.25;57
20191205 074300;3116.5;3116.5;3116.25;3116.25;13
20191205 074400;3116.25;3116.5;3116.25;3116.25;76
20191205 074500;3116.25;3117;3116.25;3117;106
20191205 074600;3116.75;3116.75;3116.5;3116.5;23
20191205 074700;3116.5;3116.75;3116.5;3116.75;22
20191205 074800;3116.5;3116.5;3116.5;3116.5;80
20191205 074900;3116.5;3117.75;3116.5;3117.25;231
20191205 075000;3117.25;3118;3117.25;3117.75;109
20191205 075100;3117.5;3117.75;3117.5;3117.75;67
20191205 075200;3117.75;3117.75;3117.5;3117.5;69
20191205 075300;3117.25;3117.75;3117.25;3117.5;63
20191205 075400;3117.5;3117.5;3117;3117;41
20191205 075500;3117.25;3117.5;3117.25;3117.5;9
20191205 075600;3117.5;3118.5;3117.5;3118.5;266
20191205 075700;3118.5;3118.75;3118.25;3118.5;90
20191205 075800;3118.75;3118.75;3118.25;3118.5;49
20191205 075900;3118.5;3119.25;3118.5;3118.75;163
20191205 080000;3119;3119;3118;3118.25;91
20191205 080100;3118.25;3118.25;3116.75;3117.25;316
20191205 080200;3117.25;3117.75;3116.5;3116.75;204
20191205 080300;3116.75;3116.75;3116.25;3116.25;234
20191205 080400;3116.5;3118.75;3116.5;3118.5;210
20191205 080500;3118.5;3118.5;3117.75;3117.75;121
20191205 080600;3118;3118;3117.5;3118;178
20191205 080700;3118;3118;3117.5;3117.5;75
20191205 080800;3117.75;3117.75;3117;3117.5;99
20191205 080900;3117.5;3118;3117.5;3118;36
20191205 081000;3118;3118;3117.5;3118;52
20191205 081100;3118;3118;3117.5;3117.75;48
20191205 081200;3118;3119;3118;3118.75;105
20191205 081300;3118.75;3119;3118.25;3118.75;50
20191205 081400;3118.75;3119;3118.5;3118.5;48
20191205 081500;3118.25;3118.5;3118;3118.25;62
20191205 081600;3118.25;3118.25;3117.5;3117.5;105
20191205 081700;3117.75;3117.75;3117.25;3117.5;65
20191205 081800;3117.25;3117.25;3116.75;3117;106
20191205 081900;3117;3117.25;3117;3117.25;31
20191205 082000;3117;3117.25;3117;3117.25;104
20191205 082100;3117;3117.25;3117;3117;199
20191205 082200;3116.75;3117;3116.75;3117;73
20191205 082300;3117;3117;3116;3116;116
20191205 082400;3116.25;3116.25;3114.5;3115;466
20191205 082500;3115;3115.75;3114.75;3115;115
20191205 082600;3115;3115.25;3114.5;3114.75;111
20191205 082700;3114.75;3114.75;3113.5;3114.25;277
20191205 082800;3114.25;3114.25;3114;3114;55
20191205 082900;3114.25;3115;3114.25;3115;157
20191205 083000;3115;3115.5;3114.75;3115;115
20191205 083100;3115;3115.25;3114.25;3114.75;232
20191205 083200;3114.75;3115;3114.5;3115;75
20191205 083300;3115;3115;3114.5;3114.75;44
20191205 083400;3114.75;3115.25;3114.75;3115.25;71
20191205 083500;3115.5;3116.25;3115.25;3115.25;235
20191205 083600;3115.25;3115.75;3115;3115.75;66
20191205 083700;3115.75;3115.75;3115.5;3115.5;33
20191205 083800;3115.5;3115.5;3115.25;3115.5;52
20191205 083900;3115.5;3116;3115.5;3115.75;79
20191205 084000;3115.75;3116.5;3115.75;3116.25;49
20191205 084100;3116.25;3116.5;3116;3116.5;128
20191205 084200;3116.5;3116.5;3116.25;3116.25;75
20191205 084300;3116.25;3116.5;3116.25;3116.25;36
20191205 084400;3116.25;3116.5;3115.75;3116;30
20191205 084500;3116;3116;3115.75;3116;46
20191205 084600;3116;3116;3116;3116;21
20191205 084700;3116;3116;3115.25;3115.25;164
20191205 084800;3115.25;3115.5;3115;3115;42
20191205 084900;3115.25;3116;3115.25;3116;39
20191205 085000;3116;3117.75;3116;3117.25;223
20191205 085100;3117.25;3117.5;3116.75;3116.75;76
20191205 085200;3116.75;3117;3116.5;3116.75;93
20191205 085300;3116.75;3116.75;3116.5;3116.75;39
20191205 085400;3116.75;3116.75;3116.5;3116.5;46
20191205 085500;3116.5;3116.5;3116.25;3116.5;26
20191205 085600;3116.25;3116.25;3115.75;3115.75;104
20191205 085700;3115.75;3115.75;3115.5;3115.5;35
20191205 085800;3115.75;3116.25;3115.75;3116;77
20191205 085900;3116.25;3116.25;3116.25;3116.25;31
20191205 090000;3116.25;3117.25;3116.25;3117;116
20191205 090100;3116.75;3117.25;3116.5;3116.75;45
20191205 090200;3116.75;3117;3116.75;3117;40
20191205 090300;3117;3117.25;3116.5;3116.75;60
20191205 090400;3117;3117.5;3116.5;3116.75;256
20191205 090500;3116.75;3117;3116.25;3116.5;45
20191205 090600;3116.5;3116.5;3116.25;3116.5;160
20191205 090700;3116.5;3116.5;3116;3116.25;69
20191205 090800;3116.5;3116.5;3116;3116.25;59
20191205 090900;3116.25;3116.75;3116.25;3116.75;134
20191205 091000;3116.5;3116.75;3116;3116;96
20191205 091100;3115.75;3116;3115;3115.25;115
20191205 091200;3115;3115.25;3113.5;3114.25;293
20191205 091300;3114.5;3115;3114.5;3115;85
20191205 091400;3115;3115.5;3114.75;3115;91
20191205 091500;3115;3115;3114.75;3115;55
20191205 091600;3115;3115.25;3114;3114;94
20191205 091700;3114;3114.5;3113.75;3113.75;78
20191205 091800;3113.75;3114.25;3113.75;3114;71
20191205 091900;3114;3114.75;3114;3114.75;45
20191205 092000;3114.5;3114.75;3114.5;3114.75;29
20191205 092100;3114.75;3115;3114.75;3114.75;20
20191205 092200;3114.75;3115;3114.75;3115;21
20191205 092300;3115;3115.25;3115;3115;49
20191205 092400;3115;3115;3115;3115;29
20191205 092500;3115;3115;3114.75;3115;50
20191205 092600;3115.25;3115.25;3115;3115;90
20191205 092700;3115.25;3115.25;3115;3115;14
20191205 092800;3115;3115;3115;3115;15
20191205 092900;3115;3115;3115;3115;26
20191205 093000;3115.25;3115.25;3115.25;3115.25;30
20191205 093100;3115;3116.25;3114.5;3116.25;181
20191205 093200;3116;3116;3115.5;3115.5;54
20191205 093300;3115.5;3116;3115.5;3116;25
20191205 093400;3116.25;3116.25;3116;3116.25;35
20191205 093500;3116.25;3116.5;3116;3116.25;61
20191205 093600;3116.25;3116.25;3116;3116.25;31
20191205 093800;3116.25;3116.25;3116;3116;26
20191205 093900;3116;3116.5;3116;3116.25;54
20191205 094000;3116.25;3116.5;3116;3116;22
20191205 094100;3116;3116.5;3115.75;3116.5;59
20191205 094200;3116.25;3116.5;3116.25;3116.25;47
20191205 094300;3116.25;3116.75;3116.25;3116.5;64
20191205 094400;3116.75;3116.75;3116.25;3116.25;5
20191205 094500;3116.25;3116.75;3116.25;3116.75;48
20191205 094600;3116.75;3116.75;3116.5;3116.75;15
20191205 094700;3116.5;3116.75;3116.5;3116.75;32
20191205 094800;3116.5;3116.5;3116.5;3116.5;10
20191205 094900;3116.75;3117.25;3116.75;3117.25;68
20191205 095000;3117;3117.5;3117;3117.25;32
20191205 095100;3117.5;3117.75;3117.25;3117.5;65
20191205 095200;3117.25;3117.5;3117.25;3117.5;17
20191205 095300;3117.25;3118;3117.25;3117.75;73
20191205 095400;3117.75;3117.75;3117.75;3117.75;129
20191205 095500;3118;3118.5;3118;3118;71
20191205 095600;3118.25;3118.75;3118.25;3118.5;98
20191205 095700;3118.5;3118.75;3118.5;3118.5;91
20191205 095800;3118.5;3118.5;3118;3118.5;24
20191205 095900;3118.25;3119;3118.25;3119;74
20191205 100000;3119;3119.25;3118.75;3118.75;100
20191205 100100;3118.75;3118.75;3118;3118;37
20191205 100200;3118;3119;3118;3119;143
20191205 100300;3118.75;3119;3118.25;3118.25;36
20191205 100400;3118;3118.5;3118;3118.25;48
20191205 100500;3118.25;3118.25;3117.5;3118;91
20191205 100600;3118;3118.25;3118;3118.25;85
20191205 100700;3118.25;3118.25;3118;3118.25;74
20191205 100800;3118.5;3118.5;3118;3118.25;53
20191205 100900;3118.25;3118.5;3118.25;3118.5;53
20191205 101000;3118.5;3118.5;3118;3118.25;30
20191205 101100;3118.25;3118.25;3118.25;3118.25;15
20191205 101200;3118;3118;3117.75;3117.75;45
20191205 101300;3118;3118;3117.75;3117.75;42
20191205 101400;3117.75;3118;3117.75;3118;34
20191205 101500;3118;3118;3117.75;3118;32
20191205 101600;3117.75;3118;3117.75;3118;4
20191205 101700;3117.75;3117.75;3117.75;3117.75;29
20191205 101800;3117.75;3118;3117.5;3117.5;18
20191205 101900;3117.5;3118;3117.5;3118;35
20191205 102000;3117.75;3117.75;3117.5;3117.5;15
20191205 102100;3117.5;3118.25;3117.5;3118.25;62
20191205 102200;3118.25;3118.5;3118;3118;18
20191205 102300;3117.75;3117.75;3117.75;3117.75;13
20191205 102400;3118;3118;3117.75;3117.75;35
20191205 102500;3117.75;3117.75;3117.5;3117.75;65
20191205 102600;3117.5;3117.75;3117.5;3117.75;49
20191205 102700;3118;3118.25;3118;3118.25;27
20191205 102800;3118.25;3118.25;3118;3118;33
20191205 102900;3118;3118;3117.75;3118;34
20191205 103000;3118;3118.25;3118;3118.25;25
20191205 103100;3118.5;3119.25;3118.5;3118.75;67
20191205 103200;3118.75;3119.5;3118.75;3119.25;97
20191205 103300;3119.5;3122;3119.5;3121.5;1165
20191205 103400;3121.75;3124;3121.75;3123;960
20191205 103500;3122.75;3124.25;3122.5;3123.75;290
20191205 103600;3124;3124.5;3123.25;3123.5;318
20191205 103700;3123.5;3124;3123.25;3123.25;212
20191205 103800;3123;3123.75;3123;3123.5;158
20191205 103900;3123.5;3123.5;3123;3123;89
20191205 104000;3123;3123.25;3122.75;3122.75;62
20191205 104100;3122.75;3122.75;3122.5;3122.5;92
20191205 104200;3122.5;3123;3122.25;3122.75;189
20191205 104300;3123;3123.25;3122.5;3122.5;131
20191205 104400;3122.75;3123;3122.75;3122.75;65
20191205 104500;3122.5;3122.5;3122.5;3122.5;51
20191205 104600;3122.5;3122.75;3122.5;3122.5;38
20191205 104700;3122.5;3122.5;3122;3122;135
20191205 104800;3122;3122.75;3121.5;3122.75;175
20191205 104900;3122.5;3122.75;3122.25;3122.5;97
20191205 105000;3122.5;3122.5;3122.25;3122.25;40
20191205 105100;3122.25;3122.5;3122;3122;16
20191205 105200;3122;3122.25;3121.75;3122.25;150
20191205 105300;3122;3122;3121.75;3121.75;31
20191205 105400;3122;3122;3122;3122;27
20191205 105500;3122;3122;3121.75;3121.75;20
20191205 105600;3121.75;3121.75;3121.5;3121.75;37
20191205 105700;3121.75;3122;3121.75;3122;4
20191205 105800;3122;3122;3122;3122;47
20191205 105900;3121.75;3122;3121.75;3122;39
20191205 110000;3122.25;3122.25;3121.75;3122;57
20191205 110100;3121.75;3122;3121.75;3122;46
20191205 110200;3122;3122.25;3121.75;3122;44
20191205 110300;3122;3122;3121.25;3121.25;88
20191205 110400;3121.5;3121.75;3121.5;3121.75;85
20191205 110500;3121.75;3122.5;3121.75;3122.25;98
20191205 110600;3122.25;3122.5;3122.25;3122.5;75
20191205 110700;3122.75;3123;3122.5;3123;76
20191205 110800;3123.25;3123.25;3122.5;3122.5;60
20191205 110900;3122.5;3123.25;3122.5;3123;38
20191205 111000;3123;3123.25;3123;3123;22
20191205 111100;3123;3124.25;3123;3123.75;151
20191205 111200;3123.75;3124;3123.5;3123.75;136
20191205 111300;3123.75;3123.75;3123.5;3123.5;23
20191205 111400;3123.75;3123.75;3123.25;3123.5;57
20191205 111500;3123.5;3123.5;3123.25;3123.25;41
20191205 111600;3123.5;3124;3123.5;3123.5;28
20191205 111700;3123.5;3123.5;3123;3123;79
20191205 111800;3123;3123.25;3122.75;3123;55
20191205 111900;3123;3123.5;3122.75;3123.25;55
20191205 112000;3123;3123;3122.75;3123;41
20191205 112100;3123;3123;3122.75;3123;31
20191205 112200;3122.75;3123.25;3122.75;3123;25
20191205 112300;3123;3123;3123;3123;56
20191205 112400;3123;3123;3123;3123;18
20191205 112500;3123;3123.5;3123;3123.5;97
20191205 112600;3123.5;3124.25;3123.5;3124.25;105
20191205 112700;3124.25;3124.5;3123.75;3124;188
20191205 112800;3124;3124.25;3124;3124.25;47
20191205 112900;3124.25;3124.5;3124.25;3124.25;61
20191205 113000;3124.25;3124.25;3124;3124;25
20191205 113100;3123.75;3123.75;3123.25;3123.75;76
20191205 113200;3123.75;3123.75;3123.5;3123.75;42
20191205 113300;3123.75;3123.75;3123.75;3123.75;33
20191205 113400;3123.75;3124.25;3123.75;3124;42
20191205 113500;3124;3124.5;3124;3124.25;41
20191205 113600;3124.25;3124.25;3124;3124;23
20191205 113700;3124.25;3124.25;3123.75;3123.75;17
20191205 113800;3123.75;3123.75;3123.75;3123.75;6
20191205 113900;3123.75;3123.75;3123.5;3123.75;49
20191205 114000;3123.75;3124;3123.5;3123.75;77
20191205 114100;3124;3124.5;3124;3124.25;108
20191205 114200;3124.25;3124.75;3124.25;3124.25;43
20191205 114300;3124.25;3124.5;3124;3124;51
20191205 114400;3124.25;3124.5;3124;3124;95
20191205 114500;3123.75;3124.25;3123.75;3124;39
20191205 114600;3124;3124;3123.25;3123.5;38
20191205 114700;3123.25;3123.25;3122.75;3122.75;181
20191205 114800;3122.5;3123;3122.5;3122.75;73
20191205 114900;3123;3123.25;3122.75;3123.25;86
20191205 115000;3123.25;3123.5;3122.75;3122.75;61
20191205 115100;3122.75;3123.25;3122.75;3123.25;39
20191205 115200;3123.25;3123.25;3123;3123;69
20191205 115300;3122.75;3123;3122.25;3122.75;161
20191205 115400;3122.5;3122.75;3122.5;3122.5;15
20191205 115500;3122.5;3123;3122.5;3123;100
20191205 115600;3122.75;3123;3122.75;3122.75;89
20191205 115700;3122.75;3123;3122.75;3122.75;71
20191205 115800;3122.5;3122.5;3122.25;3122.5;56
20191205 115900;3122.25;3122.25;3122.25;3122.25;5
20191205 120000;3122.25;3122.5;3122.25;3122.5;60
20191205 120100;3122.25;3122.5;3122;3122.25;155
20191205 120200;3122.25;3122.5;3122;3122;115
20191205 120300;3122;3122.25;3121.75;3122.25;29
20191205 120400;3122;3122;3121.75;3122;66
20191205 120500;3122;3122.75;3122;3122.5;80
20191205 120600;3122.25;3122.75;3122.25;3122.5;73
20191205 120700;3122.5;3123;3122.5;3122.75;134
20191205 120800;3122.75;3122.75;3122.75;3122.75;14
20191205 120900;3122.75;3123;3122.75;3123;19
20191205 121000;3123;3123;3122.75;3123;44
20191205 121100;3123;3123;3123;3123;28
20191205 121200;3123;3123.25;3123;3123.25;44
20191205 121300;3123;3123.25;3122.25;3122.25;92
20191205 121400;3122.25;3122.5;3122.25;3122.5;34
20191205 121500;3122.5;3122.5;3121.75;3121.75;63
20191205 121600;3121.75;3122;3121.75;3122;14
20191205 121700;3122;3122;3121.75;3121.75;4
20191205 121800;3121.75;3122;3121.75;3122;5
20191205 121900;3121.75;3121.75;3121.5;3121.5;49
20191205 122000;3121.5;3121.75;3121.25;3121.25;76
20191205 122100;3121.25;3121.75;3121;3121.5;172
20191205 122200;3121.5;3121.75;3121.5;3121.75;41
20191205 122300;3121.75;3121.75;3121.75;3121.75;16
20191205 122400;3121.75;3122.25;3121.5;3121.75;114
20191205 122500;3121.75;3122.25;3121.75;3122;21
20191205 122600;3122;3122;3121.75;3121.75;74
20191205 122700;3121.75;3121.75;3121.5;3121.5;29
20191205 122800;3121.5;3121.5;3121.25;3121.5;36
20191205 122900;3121.25;3121.5;3121;3121.5;53
20191205 123000;3121.75;3121.75;3121.5;3121.5;22
20191205 123100;3121.5;3121.5;3120.75;3121;151
20191205 123200;3121;3121.25;3121;3121;30
20191205 123300;3121.25;3121.5;3121.25;3121.5;44
20191205 123400;3121.75;3121.75;3121.25;3121.25;97
20191205 123500;3121.5;3121.5;3120.75;3120.75;75
20191205 123600;3120.75;3121;3120.75;3120.75;130
20191205 123700;3120.75;3120.75;3120;3120.25;188
20191205 123800;3120.5;3120.5;3120.25;3120.5;27
20191205 123900;3120.5;3121;3120.25;3121;120
20191205 124000;3121;3121;3120.5;3120.75;62
20191205 124100;3120.5;3120.75;3120.5;3120.75;59
20191205 124200;3120.5;3120.75;3120.5;3120.75;9
20191205 124300;3120.5;3120.5;3120.25;3120.5;52
20191205 124400;3120.5;3120.5;3120.5;3120.5;50
20191205 124500;3120.5;3120.5;3120.5;3120.5;35
20191205 124600;3120.5;3120.75;3120.5;3120.5;57
20191205 124700;3120.25;3120.5;3120.25;3120.25;6
20191205 124800;3120.25;3120.25;3120.25;3120.25;5
20191205 124900;3120.5;3120.75;3120.25;3120.25;49
20191205 125000;3120.25;3120.75;3120.25;3120.5;17
20191205 125100;3120.75;3121;3120.5;3121;65
20191205 125200;3121;3121;3120.75;3120.75;12
20191205 125300;3121;3121.25;3121;3121.25;69
20191205 125400;3121.25;3121.5;3121.25;3121.25;113
20191205 125500;3121.25;3121.25;3121;3121;40
20191205 125600;3121;3121.25;3121;3121;31
20191205 125700;3121;3121;3121;3121;7
20191205 125800;3121;3121.25;3121;3121.25;23
20191205 125900;3121.25;3121.5;3121.25;3121.25;119
20191205 130000;3121;3121.25;3120.75;3121;17
20191205 130100;3121;3121.25;3121;3121;13
20191205 130200;3121.25;3121.25;3120.5;3120.5;63
20191205 130300;3120.5;3121;3120.5;3120.5;29
20191205 130400;3120.5;3120.75;3120;3120;30
20191205 130500;3120;3120;3119.25;3119.25;215
20191205 130600;3119.5;3119.5;3118.75;3119;239
20191205 130700;3118.75;3119;3117.75;3118.5;509
20191205 130800;3118;3118;3117.75;3117.75;92
20191205 130900;3117.75;3118.25;3117.5;3118;136
20191205 131000;3118;3118.25;3117.75;3118.25;96
20191205 131100;3118.25;3119.25;3118;3118.75;191
20191205 131200;3119;3119.5;3119;3119.25;101
20191205 131300;3119.25;3119.5;3119.25;3119.5;33
20191205 131400;3119.25;3119.5;3118.5;3118.5;109
20191205 131500;3118.75;3118.75;3118.5;3118.75;73
20191205 131600;3118.75;3119;3118.75;3119;63
20191205 131700;3119;3119;3118.75;3118.75;19
20191205 131800;3119;3119.25;3118.75;3119.25;43
20191205 131900;3119;3119.75;3119;3119.25;115
20191205 132000;3119.25;3119.25;3119.25;3119.25;62
20191205 132100;3119.5;3120.25;3119.5;3120;159
20191205 132200;3120;3120.25;3119.5;3119.75;97
20191205 132300;3119.75;3120.25;3119.75;3120.25;69
20191205 132400;3120.5;3121;3120.5;3120.75;128
20191205 132500;3120.75;3121.25;3120.75;3121;153
20191205 132600;3121.25;3121.75;3121.25;3121.5;167
20191205 132700;3121.5;3121.5;3120.75;3120.75;162
20191205 132800;3120.5;3120.75;3120.5;3120.75;39
20191205 132900;3120.75;3121;3120.5;3121;64
20191205 133000;3121;3121.25;3120.75;3120.75;92
20191205 133100;3120.75;3122;3120.5;3120.75;172
20191205 133200;3120.75;3121;3120.25;3120.5;106
20191205 133300;3120.5;3120.75;3120;3120.25;178
20191205 133400;3120.5;3120.75;3120.25;3120.25;76
20191205 133500;3120.5;3120.5;3119.75;3119.75;113
20191205 133600;3119.75;3120;3119.5;3120;78
20191205 133700;3120;3120;3119.75;3120;14
20191205 133800;3120;3120;3119.25;3119.5;37
20191205 133900;3119.25;3119.75;3119;3119;151
20191205 134000;3119.25;3119.5;3118.75;3119;233
20191205 134100;3119;3119;3118.75;3119;192
20191205 134200;3118.75;3119;3118.5;3118.75;100
20191205 134300;3118.75;3120;3118.75;3120;189
20191205 134400;3120;3120.25;3119.25;3120;130
20191205 134500;3119.75;3120.5;3119.75;3120.25;252
20191205 134600;3120.25;3121.25;3119.75;3121;187
20191205 134700;3121;3121;3120;3120.5;127
20191205 134800;3120.5;3120.5;3120.25;3120.25;43
20191205 134900;3120;3120;3119.25;3119.25;138
20191205 135000;3119.25;3119.75;3119.25;3119.75;69
20191205 135100;3119.75;3120.75;3119.75;3120.25;271
20191205 135200;3120.5;3120.5;3120;3120;102
20191205 135300;3119.75;3120.25;3119.75;3120.25;11
20191205 135400;3120;3120;3119.5;3119.5;48
20191205 135500;3119.75;3119.75;3119.25;3119.25;105
20191205 135600;3119.25;3119.5;3119;3119.25;67
20191205 135700;3119.5;3119.75;3119.5;3119.75;72
20191205 135800;3119.75;3120;3119.5;3119.5;179
20191205 135900;3119.25;3119.5;3119.25;3119.5;30
20191205 140000;3119.5;3119.75;3119.25;3119.75;97
20191205 140100;3120;3120;3118.5;3119.25;138
20191205 140200;3119.25;3119.25;3119;3119;130
20191205 140300;3119;3119.25;3118.5;3118.75;60
20191205 140400;3118.75;3118.75;3117.75;3118.25;193
20191205 140500;3118.25;3119;3118.25;3119;146
20191205 140600;3118.75;3119;3118.75;3118.75;87
20191205 140700;3119;3119.5;3119;3119.25;50
20191205 140800;3119;3119.5;3119;3119.25;41
20191205 140900;3119.5;3119.5;3119;3119;48
20191205 141000;3119;3119.25;3119;3119.25;51
20191205 141100;3119;3119;3118.25;3119;176
20191205 141200;3119;3119;3118.75;3118.75;60
20191205 141300;3119;3119.25;3119;3119;65
20191205 141400;3118.75;3119;3118.5;3118.75;17
20191205 141500;3118.5;3119;3118;3118.25;64
20191205 141600;3118.5;3118.75;3118;3118.75;163
20191205 141700;3119;3119.25;3118.75;3118.75;125
20191205 141800;3119;3119.5;3119;3119.25;56
20191205 141900;3119.25;3119.5;3119.25;3119.5;97
20191205 142000;3119.5;3119.5;3119.25;3119.25;34
20191205 142100;3119.25;3119.5;3119;3119.25;45
20191205 142200;3119.25;3119.25;3119;3119.25;75
20191205 142300;3119.25;3119.25;3118.5;3118.75;148
20191205 142400;3118.75;3119;3118.75;3119;31
20191205 142500;3119;3119;3119;3119;41
20191205 142600;3119;3119.25;3119;3119.25;39
20191205 142700;3119;3119.25;3118.75;3118.75;42
20191205 142800;3118.75;3118.75;3118;3118.5;76
20191205 142900;3118.5;3118.75;3118.25;3118.5;162
20191205 143000;3118.75;3120.25;3118.5;3120;405
20191205 143100;3120.25;3120.5;3114.5;3116;3850
20191205 143200;3116.25;3116.25;3114.5;3115;1567
20191205 143300;3115;3115.75;3113.5;3115;1580
20191205 143400;3115.25;3116.25;3114;3116;1190
20191205 143500;3116;3116.5;3115.25;3116.25;780
20191205 143600;3116.25;3116.75;3115.75;3116.25;856
20191205 143700;3116;3117.5;3115.75;3117;1163
20191205 143800;3117;3117;3115;3115.5;1130
20191205 143900;3115.25;3115.75;3114.25;3114.25;594
20191205 144000;3114.25;3115.5;3114.25;3115;826
20191205 144100;3114.75;3115.25;3114.25;3114.75;659
20191205 144200;3114.75;3114.75;3113.5;3113.5;1166
20191205 144300;3113.5;3114.5;3113;3114.25;1071
20191205 144400;3114.25;3116.25;3114;3115.5;1371
20191205 144500;3115.25;3115.25;3114;3114.5;846
20191205 144600;3114.75;3116;3114.5;3115.5;828
20191205 144700;3115.5;3116.25;3115.5;3116;767
20191205 144800;3116;3116.5;3116;3116.25;446
20191205 144900;3116.25;3116.75;3115.25;3115.5;994
20191205 145000;3115.25;3115.75;3114.25;3114.25;727
20191205 145100;3114.5;3115;3114;3114;838
20191205 145200;3114.25;3114.5;3113.25;3114;999
20191205 145300;3114.25;3115;3113.75;3114.75;793
20191205 145400;3115;3115.5;3114.75;3114.75;770
20191205 145500;3114.5;3115.25;3114.5;3115;386
20191205 145600;3115;3115.5;3114.75;3115.5;420
20191205 145700;3115.5;3115.5;3114.25;3114.25;431
20191205 145800;3114.25;3114.5;3113;3113.25;801
20191205 145900;3113.25;3113.5;3111.25;3111.75;1573
20191205 150000;3111.75;3112.5;3111.25;3112.5;564
20191205 150100;3112;3112.25;3109;3111.25;2206
20191205 150200;3111.25;3112.25;3110.75;3111.75;1627
20191205 150300;3111.5;3112.25;3111;3111.25;725
20191205 150400;3111;3111.5;3110.5;3111.25;828
20191205 150500;3111.5;3112;3110.75;3110.75;725
20191205 150600;3110.75;3111;3109.5;3110;1174
20191205 150700;3110.25;3110.75;3107.5;3109;2223
20191205 150800;3108.75;3109.5;3108.25;3109;748
20191205 150900;3109;3109;3106;3106.5;1975
20191205 151000;3106.25;3106.25;3103.5;3104.5;2417
20191205 151100;3104.25;3105.5;3103.5;3105;1530
20191205 151200;3105;3105.25;3104.25;3104.75;1084
20191205 151300;3104.5;3105.5;3104.25;3105;893
20191205 151400;3105;3105;3103.5;3104.75;1213
20191205 151500;3104.5;3105;3104;3104.5;686
20191205 151600;3104.5;3106;3103.75;3105.75;975
20191205 151700;3105.75;3107.25;3105.5;3107;1206
20191205 151800;3106.75;3107.75;3106.5;3107.25;1230
20191205 151900;3107.25;3108.75;3106.75;3108.5;914
20191205 152000;3108.25;3108.75;3108;3108;867
20191205 152100;3108;3108.75;3107.75;3108.75;887
20191205 152200;3108.5;3109;3108;3108.5;647
20191205 152300;3108.5;3108.5;3107.5;3108;858
20191205 152400;3107.75;3109.25;3107.75;3109.25;680
20191205 152500;3109.25;3109.25;3108.25;3109.25;719
20191205 152600;3109.25;3109.25;3108;3108.25;746
20191205 152700;3108.25;3108.75;3107.75;3108;801
20191205 152800;3108;3108.25;3107.25;3107.5;758
20191205 152900;3107.5;3109.5;3107.5;3109.25;744
20191205 153000;3109.25;3110;3109;3110;733
20191205 153100;3109.75;3110.25;3108.75;3109.5;981
20191205 153200;3109.5;3110.75;3109.25;3110.75;1110
20191205 153300;3110.75;3111.5;3110.75;3111.25;1114
20191205 153400;3111.25;3111.75;3111;3111.25;388
20191205 153500;3111.25;3111.75;3111;3111.25;483
20191205 153600;3111.25;3111.25;3110.25;3110.75;1029
20191205 153700;3110.75;3110.75;3110;3110.5;411
20191205 153800;3110.5;3111.25;3110.5;3110.75;483
20191205 153900;3110.75;3110.75;3110;3110.75;434
20191205 154000;3110.75;3111.5;3109.25;3109.25;943
20191205 154100;3109;3110;3108.75;3110;817
20191205 154200;3110.25;3111;3109;3109.25;1007
20191205 154300;3109;3109.25;3108;3108.25;1088
20191205 154400;3108.25;3109;3108;3108.75;506
20191205 154500;3108.75;3109;3108.25;3109;409
20191205 154600;3108.75;3110.5;3108.75;3109.75;1248
20191205 154700;3110;3110;3108.75;3109.75;757
20191205 154800;3109.75;3110.25;3109.25;3110.25;361
20191205 154900;3110;3110.25;3109.75;3110;331
20191205 155000;3110;3111;3109.75;3111;837
20191205 155100;3111;3111.75;3110.75;3111;731
20191205 155200;3111;3111.25;3110;3111;763
20191205 155300;3111.25;3112.5;3111;3111.75;1157
20191205 155400;3111.75;3112;3110.75;3111.5;762
20191205 155500;3111.5;3112;3111.5;3111.75;178
20191205 155600;3111.75;3111.75;3110;3111.25;640
20191205 155700;3111;3111.25;3110.25;3110.75;425
20191205 155800;3110.75;3112.5;3110.75;3112;689
20191205 155900;3111.75;3112.25;3111.25;3111.5;445
20191205 160000;3111.5;3112;3110.75;3111.25;433
20191205 160100;3111;3111.5;3110.5;3111.5;491
20191205 160200;3111.25;3112.75;3111.25;3112.25;751
20191205 160300;3112;3112.25;3109.5;3110.75;1709
20191205 160400;3110.75;3111;3109.75;3109.75;672
20191205 160500;3109.75;3110.25;3109.75;3110;512
20191205 160600;3110;3111;3109.5;3109.75;759
20191205 160700;3109.75;3110.25;3109.5;3109.75;294
20191205 160800;3109.75;3110.25;3109.25;3110.25;298
20191205 160900;3110.25;3112;3110.25;3111.5;783
20191205 161000;3111.5;3112.5;3111.5;3112;561
20191205 161100;3112;3112.25;3111.25;3111.5;408
20191205 161200;3111.25;3112.25;3111.25;3111.25;354
20191205 161300;3111.25;3111.5;3109.5;3111.25;1047
20191205 161400;3111;3111.75;3111;3111.5;344
20191205 161500;3111.75;3112;3111.25;3111.75;429
20191205 161600;3111.75;3112;3111.25;3111.75;224
20191205 161700;3112;3113.25;3112;3112.75;1145
20191205 161800;3112.5;3112.75;3112.25;3112.5;256
20191205 161900;3112.5;3113.25;3112.5;3113.25;648
20191205 162000;3113.25;3113.5;3113;3113.25;421
20191205 162100;3113.5;3113.75;3112.75;3113;449
20191205 162200;3113;3113.25;3111.75;3112;545
20191205 162300;3112;3112;3111;3111;600
20191205 162400;3111.5;3112;3111;3111.25;341
20191205 162500;3111.25;3111.5;3110.75;3110.75;505
20191205 162600;3110.75;3110.75;3109.75;3110.75;881
20191205 162700;3110.75;3111.25;3110.5;3111;560
20191205 162800;3111;3111.5;3110.25;3110.75;424
20191205 162900;3110.75;3112;3110.75;3111.5;756
20191205 163000;3111.25;3112.25;3111.25;3112;524
20191205 163100;3111.75;3112.5;3111;3111.25;714
20191205 163200;3111;3111.75;3110.75;3111.25;438
20191205 163300;3111.25;3111.5;3110.5;3110.5;545
20191205 163400;3110.75;3111.25;3109.5;3110.5;877
20191205 163500;3110.5;3111;3109.75;3109.75;402
20191205 163600;3110;3110.25;3108.25;3108.75;1653
20191205 163700;3108.5;3108.75;3107.75;3108.5;846
20191205 163800;3108.25;3109.25;3108.25;3108.5;492
20191205 163900;3108.25;3108.75;3108;3108.5;293
20191205 164000;3108.75;3110;3108.75;3109.5;587
20191205 164100;3109.25;3110;3109.25;3110;311
20191205 164200;3109.75;3110.25;3109.5;3110;333
20191205 164300;3110.25;3110.25;3109.75;3110;194
20191205 164400;3110;3110;3109.25;3110;384
20191205 164500;3110;3110.25;3109.25;3110;447
20191205 164600;3110;3110.25;3109.25;3109.5;287
20191205 164700;3109.5;3109.75;3108.5;3109.25;441
20191205 164800;3109.25;3110.25;3109.25;3110;289
20191205 164900;3109.75;3109.75;3109.25;3109.5;410
20191205 165000;3109.75;3111.25;3109.75;3111;615
20191205 165100;3111;3111.25;3110.75;3111.25;323
20191205 165200;3111.25;3111.5;3110.75;3111.25;302
20191205 165300;3111.5;3111.5;3110.75;3111.25;215
20191205 165400;3111;3111.5;3110.75;3110.75;257
20191205 165500;3110.75;3111;3110.25;3110.5;421
20191205 165600;3110.5;3111;3110.5;3110.75;307
20191205 165700;3110.5;3110.5;3110.25;3110.5;163
20191205 165800;3110.75;3110.75;3110.5;3110.75;210
20191205 165900;3110.75;3110.75;3110;3110.25;269
20191205 170000;3110.25;3110.75;3110;3110.5;229
20191205 170100;3110.25;3110.75;3110;3110.75;177
20191205 170200;3111;3112;3111;3111.5;516
20191205 170300;3111.5;3112;3111.5;3111.75;286
20191205 170400;3112;3112.5;3111.75;3111.75;423
20191205 170500;3111.75;3111.75;3111;3111.5;283
20191205 170600;3111.5;3112;3111.25;3112;260
20191205 170700;3111.75;3112;3111.5;3111.75;136
20191205 170800;3111.5;3111.75;3111.5;3111.75;178
20191205 170900;3112;3112;3111.25;3111.25;166
20191205 171000;3111.25;3111.75;3111.25;3111.5;115
20191205 171100;3111.5;3111.75;3111.25;3111.5;125
20191205 171200;3111.5;3112.25;3110.75;3111.5;415
20191205 171300;3111.5;3111.75;3111;3111.25;168
20191205 171400;3111;3111.25;3110.75;3111;251
20191205 171500;3111;3111;3110.75;3111;141
20191205 171600;3111;3111.25;3110.75;3110.75;128
20191205 171700;3110.75;3111;3110.25;3110.5;302
20191205 171800;3110.25;3111;3110.25;3110.75;192
20191205 171900;3110.75;3111.25;3110.75;3110.75;102
20191205 172000;3110.5;3110.75;3110.5;3110.5;170
20191205 172100;3110.5;3110.75;3109.75;3110.25;387
20191205 172200;3110;3110.25;3110;3110;197
20191205 172300;3110.25;3110.5;3109.75;3109.75;175
20191205 172400;3109.75;3110;3109;3109.25;446
20191205 172500;3109.25;3109.5;3109;3109;263
20191205 172600;3109;3109.75;3108.75;3109.5;268
20191205 172700;3109.75;3110;3109.5;3109.75;293
20191205 172800;3110;3110.25;3109.75;3110;168
20191205 172900;3109.75;3110;3109.5;3109.75;175
20191205 173000;3109.75;3110;3109.75;3110;196
20191205 173100;3110.25;3110.25;3109.5;3109.5;51
20191205 173200;3109.5;3109.5;3108.75;3109.25;272
20191205 173300;3109.25;3109.5;3108.5;3108.75;214
20191205 173400;3108.75;3109.5;3108.75;3109.25;187
20191205 173500;3109.25;3109.25;3108.5;3109.25;478
20191205 173600;3109.25;3109.25;3108.5;3109;306
20191205 173700;3108.75;3109;3108.5;3109;191
20191205 173800;3109;3109;3108.75;3108.75;31
20191205 173900;3108.75;3109.5;3108.5;3109.5;227
20191205 174000;3109.25;3110;3109.25;3109.75;326
20191205 174100;3109.75;3110.25;3109.75;3110;365
20191205 174200;3110;3110;3109.5;3109.75;125
20191205 174300;3109.75;3109.75;3109.25;3109.75;186
20191205 174400;3109.5;3110;3109.25;3109.5;63
20191205 174500;3109.5;3109.75;3109.25;3109.25;191
20191205 174600;3109.25;3109.75;3109.25;3109.5;53
20191205 174700;3109.5;3109.5;3109.25;3109.5;258
20191205 174800;3109.25;3109.75;3109.25;3109.25;79
20191205 174900;3109.25;3109.25;3108.5;3108.5;351
20191205 175000;3108.5;3108.75;3108;3108.75;384
20191205 175100;3109;3109.75;3109;3109.75;258
20191205 175200;3109.75;3109.75;3109.25;3109.25;259
20191205 175300;3109.25;3109.5;3109.25;3109.5;221
20191205 175400;3109.25;3109.5;3109.25;3109.5;213
20191205 175500;3109.5;3110;3109.5;3109.75;179
20191205 175600;3109.75;3110.25;3109.75;3110;178
20191205 175700;3109.75;3109.75;3109.25;3109.5;145
20191205 175800;3109.75;3110.25;3109.75;3110;108
20191205 175900;3110.25;3110.25;3110;3110;114
20191205 180000;3110;3110.25;3109.75;3110;50
20191205 180100;3110.25;3110.25;3109.75;3109.75;323
20191205 180200;3109.75;3110;3109.75;3110;40
20191205 180300;3110;3110.25;3110;3110;119
20191205 180400;3110;3110.25;3109.25;3109.75;294
20191205 180500;3109.75;3110;3109.5;3109.75;122
20191205 180600;3109.75;3110.5;3109.75;3110.25;398
20191205 180700;3110.25;3110.5;3109.75;3109.75;315
20191205 180800;3110;3110.25;3109.75;3110;81
20191205 180900;3110;3110;3109.5;3109.5;134
20191205 181000;3109.5;3110;3109.5;3110;228
20191205 181100;3110;3111;3109.75;3110.75;564
20191205 181200;3110.75;3111;3110.25;3110.5;247
20191205 181300;3110.75;3111;3110.5;3111;142
20191205 181400;3111;3111.25;3111;3111.25;104
20191205 181500;3111.5;3111.75;3111;3111.25;496
20191205 181600;3111.25;3111.5;3111;3111.5;251
20191205 181700;3111.25;3111.5;3111.25;3111.25;159
20191205 181800;3111.25;3111.5;3110.5;3111;267
20191205 181900;3111;3111;3110.5;3111;281
20191205 182000;3111;3111.25;3111;3111;71
20191205 182100;3111.25;3111.25;3110.75;3111;109
20191205 182200;3110.75;3111.25;3110.75;3111;82
20191205 182300;3110.75;3111.25;3110.5;3111;291
20191205 182400;3111;3111.25;3111;3111.25;84
20191205 182500;3111.25;3111.25;3110.75;3110.75;118
20191205 182600;3110.75;3111;3110.75;3111;41
20191205 182700;3111;3111.25;3110.75;3110.75;142
20191205 182800;3110.75;3110.75;3110.25;3110.25;117
20191205 182900;3110.25;3110.75;3110.25;3110.75;113
20191205 183000;3110.75;3111;3110.75;3111;131
20191205 183100;3111;3111.25;3111;3111.25;160
20191205 183200;3111.25;3111.5;3111.25;3111.5;45
20191205 183300;3111.5;3111.75;3111.5;3111.5;87
20191205 183400;3111.75;3113.5;3111;3111.25;1268
20191205 183500;3111;3111.25;3110.25;3110.75;519
20191205 183600;3110.5;3112.5;3110.5;3112.25;413
20191205 183700;3112.25;3113;3112;3113;536
20191205 183800;3112.75;3113.25;3112.75;3112.75;273
20191205 183900;3113;3113.25;3112.5;3113;317
20191205 184000;3113;3113.5;3112.75;3113.5;197
20191205 184100;3113.5;3113.5;3113;3113;287
20191205 184200;3113;3113;3112.5;3112.75;200
20191205 184300;3112.75;3113.25;3112.5;3112.75;154
20191205 184400;3113;3113;3112.75;3112.75;56
20191205 184500;3113;3114.75;3113;3114.5;1234
20191205 184600;3114.25;3114.5;3114;3114.25;216
20191205 184700;3114.25;3114.25;3113.75;3114.25;157
20191205 184800;3114.25;3114.25;3113.75;3114.25;350
20191205 184900;3114;3114.25;3113.5;3113.75;192
20191205 185000;3113.5;3113.75;3113.25;3113.5;109
20191205 185100;3113.5;3113.5;3113;3113.25;175
20191205 185200;3113.25;3113.25;3112.25;3113;487
20191205 185300;3112.75;3113.5;3112.75;3113.5;71
20191205 185400;3113.25;3114;3113.25;3113.25;571
20191205 185500;3113.25;3114;3113.25;3114;112
20191205 185600;3113.75;3114.25;3113.5;3114;173
20191205 185700;3113.75;3113.75;3113.25;3113.25;66
20191205 185800;3113.5;3114;3113.5;3113.5;88
20191205 185900;3113.75;3113.75;3113.25;3113.5;129
20191205 190000;3113.5;3113.75;3113.25;3113.25;210
20191205 190100;3113.25;3113.75;3113;3113.25;378
20191205 190200;3113.25;3113.25;3113;3113;101
20191205 190300;3113;3113;3112.25;3112.5;375
20191205 190400;3112.5;3112.75;3112.25;3112.75;183
20191205 190500;3112.75;3112.75;3112.5;3112.75;91
20191205 190600;3112.5;3113;3112.5;3112.75;127
20191205 190700;3113;3113.25;3113;3113.25;78
20191205 190800;3113.25;3113.5;3113;3113.25;216
20191205 190900;3113.25;3113.5;3112.75;3112.75;218
20191205 191000;3113;3113.5;3113;3113.5;122
20191205 191100;3113.5;3114;3113.5;3113.75;201
20191205 191200;3113.75;3114.5;3113.75;3114.25;399
20191205 191300;3114.5;3114.5;3114;3114;153
20191205 191400;3114.25;3115;3114;3114.75;576
20191205 191500;3114.75;3115.5;3114.5;3114.75;454
20191205 191600;3114.5;3114.75;3114.25;3114.5;74
20191205 191700;3114.75;3115.25;3114.5;3114.75;241
20191205 191800;3114.5;3114.75;3114;3114;138
20191205 191900;3114.25;3115;3114.25;3114.25;276
20191205 192000;3114.25;3114.5;3114;3114.25;200
20191205 192100;3114.5;3115;3114.25;3114.75;185
20191205 192200;3114.75;3114.75;3114.25;3114.25;59
20191205 192300;3114.5;3114.5;3114;3114.25;49
20191205 192400;3114.5;3114.75;3114.5;3114.5;94
20191205 192500;3114.75;3115;3114.5;3115;79
20191205 192600;3115;3115;3114.5;3114.5;167
20191205 192700;3114.75;3115;3114.75;3115;84
20191205 192800;3115;3115.5;3115;3115.25;83
20191205 192900;3115.25;3115.5;3115;3115.25;300
20191205 193000;3115.25;3116.25;3115.25;3115.75;694
20191205 193100;3115.75;3116;3115.5;3115.75;87
20191205 193200;3115.75;3116.25;3115.5;3115.75;121
20191205 193300;3115.75;3116;3115.5;3116;70
20191205 193400;3116;3116;3115.25;3115.25;210
20191205 193500;3115.5;3116;3115;3115.75;246
20191205 193600;3115.75;3116.75;3115.75;3116.25;463
20191205 193700;3116.5;3116.5;3115.75;3116;234
20191205 193800;3116;3116.25;3115.75;3116;137
20191205 193900;3116.25;3116.75;3116.25;3116.75;198
20191205 194000;3116.75;3116.75;3116.5;3116.75;180
20191205 194100;3116.75;3117.5;3116.5;3116.75;579
20191205 194200;3116.5;3117;3116.5;3116.75;153
20191205 194300;3117;3117;3116.75;3116.75;96
20191205 194400;3116.75;3117;3116.5;3117;201
20191205 194500;3117;3117.5;3117;3117.25;233
20191205 194600;3117.5;3117.5;3116.75;3117;261
20191205 194700;3116.75;3116.75;3115.75;3116.25;361
20191205 194800;3116.25;3116.5;3115.5;3115.75;309
20191205 194900;3116;3116.75;3115.75;3116.5;263
20191205 195000;3116.75;3116.75;3116;3116.25;200
20191205 195100;3116.25;3116.75;3116.25;3116.75;188
20191205 195200;3116.75;3117;3116.5;3116.5;253
20191205 195300;3116.75;3117.25;3116.75;3117.25;262
20191205 195400;3117.25;3117.25;3117;3117.25;159
20191205 195500;3117;3117.5;3117;3117;181
20191205 195600;3117;3117;3116.75;3116.75;238
20191205 195700;3116.75;3117;3116.5;3117;141
20191205 195800;3116.75;3116.75;3108.5;3112;6856
20191205 195900;3112;3113.25;3110.5;3113;3483
20191205 200000;3112.75;3114;3111.75;3113.5;1914
20191205 200100;3113.5;3114.5;3113;3113.5;873
20191205 200200;3113.75;3114.5;3113;3113.5;1182
20191205 200300;3113.75;3114.25;3113.5;3114;387
20191205 200400;3114;3114.5;3113.75;3114;591
20191205 200500;3114.25;3116.25;3114.25;3116;1280
20191205 200600;3116;3116.25;3115.25;3115.5;868
20191205 200700;3115.5;3116.25;3115.5;3116.25;392
20191205 200800;3116.25;3117.25;3116;3116.75;660
20191205 200900;3117;3117.25;3116;3116.25;374
20191205 201000;3116.25;3116.25;3115.25;3115.75;316
20191205 201100;3115.75;3116.75;3115.5;3116.5;517
20191205 201200;3116.5;3117.75;3116.25;3116.25;1360
20191205 201300;3116.25;3116.5;3116.25;3116.5;222
20191205 201400;3116.5;3117.25;3116.25;3117.25;260
20191205 201500;3117.25;3117.25;3116.75;3117;201
20191205 201600;3117;3117.5;3117;3117.25;118
20191205 201700;3117.5;3117.5;3117;3117.5;526
20191205 201800;3117.5;3117.5;3116.75;3117;89
20191205 201900;3117.25;3117.25;3116.5;3117.25;251
20191205 202000;3117;3117.75;3117;3117.25;376
20191205 202100;3117.5;3117.75;3117.25;3117.5;282
20191205 202200;3117.5;3118.25;3117.5;3118;446
20191205 202300;3118;3118;3117.75;3117.75;232
20191205 202400;3117.75;3117.75;3116.5;3117.25;389
20191205 202500;3117;3117.75;3117;3117.75;96
20191205 202600;3117.5;3117.75;3117.5;3117.75;75
20191205 202700;3117.5;3117.75;3117;3117.25;280
20191205 202800;3117.25;3118;3117.25;3117.5;295
20191205 202900;3117.25;3117.5;3117.25;3117.5;207
20191205 203000;3117.75;3118.75;3117.75;3118.5;580
20191205 203100;3118.5;3118.75;3117.75;3118.5;302
20191205 203200;3118.25;3119;3118.25;3118.75;240
20191205 203300;3118.75;3119.25;3118.5;3118.75;634
20191205 203400;3118.75;3118.75;3118.25;3118.75;313
20191205 203500;3118.75;3119;3118.5;3118.5;213
20191205 203600;3118.5;3119;3118;3118;305
20191205 203700;3118.25;3118.75;3118;3118.5;395
20191205 203800;3118.75;3119;3118.25;3118.75;261
20191205 203900;3119;3119;3118.5;3118.75;218
20191205 204000;3118.75;3119;3118.75;3118.75;176
20191205 204100;3119;3119.5;3119;3119.5;704
20191205 204200;3119.5;3119.5;3119;3119.25;206
20191205 204300;3119.25;3119.25;3118.5;3118.75;280
20191205 204400;3118.75;3118.75;3118.25;3118.5;245
20191205 204500;3118.5;3119;3118.5;3118.75;172
20191205 204600;3118.75;3119.25;3118.25;3118.25;327
20191205 204700;3118.25;3118.75;3118;3118.25;224
20191205 204800;3118;3119;3118;3118.75;199
20191205 204900;3118.75;3119;3118.5;3118.5;321
20191205 205000;3118.75;3118.75;3117.5;3117.5;552
20191205 205100;3117.5;3117.75;3116.75;3117.75;875
20191205 205200;3117.75;3117.75;3116.75;3117;306
20191205 205300;3117.25;3117.25;3116.25;3116.25;787
20191205 205400;3116.5;3117;3116.25;3117;335
20191205 205500;3116.75;3117;3116.5;3117;284
20191205 205600;3116.75;3117.25;3115.5;3115.75;725
20191205 205700;3115.75;3116;3115.25;3115.75;371
20191205 205800;3116;3116.5;3116;3116.25;447
20191205 205900;3116.5;3117.25;3116;3117.25;523
20191205 210000;3117;3118.5;3116;3118.25;1698
20191205 210100;3118.25;3118.75;3117.25;3117.25;982
20191205 210200;3117.25;3117.75;3116.75;3117.25;398
20191205 210300;3117.25;3118.25;3117.25;3117.5;217
20191205 210400;3117.75;3118;3117.5;3117.75;199
20191205 210500;3117.75;3118;3117.5;3117.75;104
20191205 210600;3118;3118;3117.25;3117.25;75
20191205 210700;3117.5;3117.5;3117.25;3117.5;80
20191205 210800;3117.5;3117.75;3117.25;3117.25;71
20191205 210900;3117.25;3117.25;3117;3117;18
20191205 211000;3117.25;3117.25;3117;3117;39
20191205 211100;3117;3117;3116.5;3116.75;107
20191205 211200;3117;3117.5;3117;3117.25;25
20191205 211300;3117.25;3117.25;3117;3117.25;48
20191205 211400;3117.25;3118;3117;3118;111
20191205 211500;3118;3118.25;3117.25;3117.25;386
20191205 213100;3117.5;3118;3117.25;3117.75;269
20191205 213200;3117.75;3118;3117.75;3117.75;95
20191205 213300;3117.75;3118.25;3117.75;3118.25;33
20191205 213400;3118;3118;3117.75;3117.75;27
20191205 213500;3117.75;3118;3117.5;3117.75;28
20191205 213600;3117.5;3117.75;3117.5;3117.75;14
20191205 213700;3117.75;3118;3117.75;3117.75;21
20191205 213800;3117.75;3117.75;3117.75;3117.75;9
20191205 213900;3117.75;3118;3117.75;3118;7
20191205 214000;3117.75;3118;3117.5;3117.75;16
20191205 214100;3117.75;3117.75;3117.5;3117.5;23
20191205 214200;3117.5;3117.5;3117.5;3117.5;11
20191205 214300;3117.5;3117.75;3117.5;3117.5;29
20191205 214400;3117.25;3117.5;3117.25;3117.5;10
20191205 214500;3117.5;3117.5;3117.25;3117.25;29
20191205 214600;3117.5;3117.5;3117.25;3117.5;28
20191205 214700;3117.5;3118;3117.5;3118;48
20191205 214800;3118;3118;3117.75;3117.75;28
20191205 214900;3117.75;3117.75;3117.75;3117.75;3
20191205 215000;3118;3118;3117.75;3117.75;35
20191205 215100;3118;3118;3117.75;3118;9
20191205 215200;3118;3118;3117.75;3117.75;13
20191205 215300;3117.75;3117.75;3117.75;3117.75;6
20191205 215400;3117.75;3118;3117.75;3117.75;5
20191205 215500;3117.75;3118;3117.5;3117.5;40
20191205 215600;3117.75;3118;3117.5;3117.75;138
20191205 215700;3118;3118;3117.75;3118;12
20191205 215800;3117.75;3118;3117.75;3118;35
20191205 215900;3118;3118;3117.75;3117.75;7
20191205 220000;3118;3118;3117.75;3118;26
20191205 230100;3117.5;3118.25;3117.25;3117.5;147
20191205 230200;3117.5;3118;3117;3117.75;77
20191205 230300;3117.75;3118;3117;3117.25;76
20191205 230400;3117.5;3117.5;3117;3117.5;20
20191205 230500;3117.5;3118;3117.25;3117.5;80
20191205 230600;3117.5;3117.75;3117.5;3117.75;57
20191205 230700;3117.5;3117.75;3117.5;3117.5;21
20191205 230800;3117.75;3117.75;3117.5;3117.75;23
20191205 230900;3117.75;3118;3117.5;3117.5;45
20191205 231000;3117.75;3118;3117.75;3118;6
20191205 231100;3118;3118.25;3118;3118.25;41
20191205 231200;3118.5;3118.75;3118.5;3118.5;24
20191205 231300;3118.5;3118.75;3118.5;3118.75;10
20191205 231400;3118.5;3118.75;3118.5;3118.75;7
20191205 231500;3118.75;3118.75;3118.75;3118.75;23
20191205 231600;3118.5;3119;3118.5;3118.75;20
20191205 231700;3118.75;3119;3118.75;3119;3
20191205 231800;3119;3119;3118.75;3118.75;4
20191205 231900;3119;3119;3118.75;3119;5
20191205 232000;3118.75;3119;3118.75;3119;4
20191205 232100;3119;3119;3118.75;3118.75;10
20191205 232200;3119;3119;3118.75;3118.75;4
20191205 232400;3119;3119;3119;3119;69
20191205 232500;3118.75;3118.75;3118.5;3118.5;20
20191205 232600;3118.5;3118.75;3118.5;3118.75;8
20191205 232700;3118.75;3118.75;3118.5;3118.5;11
20191205 232800;3118.75;3118.75;3118.75;3118.75;31
20191205 232900;3118.75;3119;3118.75;3119;7
20191205 233000;3118.75;3119;3118.25;3118.25;34
20191205 233100;3118.5;3119;3118.5;3118.75;22
20191205 233200;3118.75;3118.75;3118.75;3118.75;6
20191205 233300;3118.75;3118.75;3118.75;3118.75;3
20191205 233400;3118.75;3118.75;3118.75;3118.75;11
20191205 233500;3118.5;3119;3118.5;3119;5
20191205 233600;3118.75;3119;3118.75;3119;5
20191205 233700;3118.75;3118.75;3118.75;3118.75;10
20191205 233800;3118.75;3118.75;3118.75;3118.75;9
20191205 233900;3119;3119;3119;3119;3
20191205 234000;3118.75;3118.75;3118.5;3118.75;30
20191205 234100;3118.75;3119;3118.75;3119;70
20191205 234200;3119;3119.25;3119;3119;103
20191205 234300;3119.25;3119.25;3119;3119;34
20191205 234400;3119;3119;3119;3119;10
20191205 234500;3119;3119;3119;3119;2
20191205 234600;3118.75;3118.75;3118.5;3118.75;13
20191205 234700;3118.75;3118.75;3118.5;3118.5;10
20191205 234800;3118.5;3118.5;3118.25;3118.5;19
20191205 234900;3118.25;3118.25;3118;3118.25;37
20191205 235000;3118.5;3118.5;3118.25;3118.25;4
20191205 235100;3118.5;3118.5;3118.25;3118.5;4
20191205 235200;3118.5;3118.5;3118.5;3118.5;9
20191205 235300;3118.5;3118.5;3118.5;3118.5;39
20191205 235400;3118.75;3118.75;3118.75;3118.75;6
20191205 235500;3118.75;3118.75;3118.75;3118.75;4
20191205 235600;3118.75;3118.75;3118.5;3118.5;21
20191205 235700;3118.5;3118.75;3118.5;3118.75;13
20191205 235800;3118.75;3119;3118.75;3118.75;11
20191205 235900;3118.75;3118.75;3118.75;3118.75;2
20191206 000000;3118.75;3118.75;3118.75;3118.75;6
20191206 000100;3118.75;3122.25;3118.5;3121.75;826
20191206 000200;3122;3122;3119.75;3120.25;292
20191206 000300;3120.5;3120.5;3119.25;3119.75;185
20191206 000400;3119.75;3120.5;3119.75;3120;81
20191206 000500;3120.25;3120.25;3120;3120;42
20191206 000600;3120;3120.25;3120;3120;54
20191206 000700;3120;3120;3119.75;3120;41
20191206 000800;3120;3120.25;3120;3120;28
20191206 000900;3120.25;3120.25;3119.5;3120.25;100
20191206 001000;3120.25;3120.25;3120;3120.25;35
20191206 001100;3120.25;3120.25;3119.75;3120;40
20191206 001200;3120.25;3120.25;3120.25;3120.25;18
20191206 001300;3120.5;3120.75;3120.5;3120.75;33
20191206 001400;3121;3121.25;3120.5;3120.5;120
20191206 001500;3120.5;3120.75;3120.25;3120.25;25
20191206 001600;3120.5;3120.75;3120.5;3120.75;27
20191206 001700;3120.75;3121;3120.75;3121;41
20191206 001800;3121;3121.25;3121;3121;34
20191206 001900;3121;3121.25;3120.75;3120.75;57
20191206 002000;3120.75;3120.75;3120.75;3120.75;15
20191206 002100;3120.5;3120.5;3120.25;3120.25;10
20191206 002200;3120.25;3120.25;3119.25;3119.25;62
20191206 002300;3119.5;3120;3119.5;3120;39
20191206 002400;3120.25;3120.25;3119.75;3119.75;32
20191206 002500;3119.75;3119.75;3119.5;3119.75;29
20191206 002600;3119.75;3120.25;3119.75;3120.25;46
20191206 002700;3120.25;3120.75;3120.25;3120.5;11
20191206 002800;3120.5;3121;3120.5;3121;33
20191206 002900;3121;3121;3120;3120;37
20191206 003000;3120.25;3120.5;3120.25;3120.5;46
20191206 003100;3120.75;3120.75;3120.5;3120.75;57
20191206 003200;3120.75;3120.75;3120.5;3120.5;15
20191206 003300;3120.5;3121;3120.5;3121;49
20191206 003400;3120.75;3121.5;3120.75;3121.5;88
20191206 003500;3121.25;3121.5;3121.25;3121.5;126
20191206 003600;3121.5;3122;3121.5;3121.75;106
20191206 003700;3121.75;3121.75;3121;3121;50
20191206 003800;3121.25;3121.75;3121;3121.25;84
20191206 003900;3121.5;3121.75;3121.5;3121.5;54
20191206 004000;3121.5;3122.75;3121.5;3122;208
20191206 004100;3122;3122;3121.75;3122;85
20191206 004200;3121.75;3121.75;3121.75;3121.75;69
20191206 004300;3121.75;3122;3121.5;3121.75;48
20191206 004400;3122;3122;3121.5;3121.75;27
20191206 004500;3121.75;3121.75;3121.5;3121.75;12
20191206 004600;3121.5;3121.5;3121.5;3121.5;31
20191206 004700;3121.5;3122.5;3121.25;3122.5;74
20191206 004800;3122.5;3122.5;3122.25;3122.5;85
20191206 004900;3122.5;3122.5;3122;3122.25;49
20191206 005000;3122.25;3122.75;3122.25;3122.5;53
20191206 005100;3122.5;3123;3122.5;3123;124
20191206 005200;3123;3123.25;3122.5;3122.75;167
20191206 005300;3122.75;3123;3122.75;3123;39
20191206 005400;3122.75;3123;3122.75;3123;42
20191206 005500;3123;3123.25;3122.75;3122.75;31
20191206 005600;3122.75;3122.75;3122.5;3122.75;51
20191206 005700;3122.75;3123;3122.5;3122.5;16
20191206 005800;3122.75;3122.75;3122.75;3122.75;21
20191206 005900;3122.75;3123;3122.75;3122.75;16
20191206 010000;3122.5;3122.5;3122.25;3122.25;23
20191206 010100;3122.5;3122.75;3122.5;3122.5;93
20191206 010200;3122.75;3122.75;3122.25;3122.25;43
20191206 010300;3122;3122.25;3122;3122.25;32
20191206 010400;3122.5;3122.75;3122.25;3122.25;31
20191206 010500;3122.25;3122.5;3122;3122;12
20191206 010600;3122;3122.25;3122;3122;47
20191206 010700;3122.25;3122.5;3122;3122;15
20191206 010800;3122.25;3122.25;3122;3122.25;19
20191206 010900;3122.25;3122.25;3121.25;3122;237
20191206 011000;3122;3122;3121.25;3121.75;132
20191206 011100;3122;3122;3121.75;3121.75;16
20191206 011200;3122;3122;3122;3122;30
20191206 011300;3122;3122.25;3122;3122.25;22
20191206 011400;3122.25;3122.25;3121.5;3122;228
20191206 011500;3121.75;3122;3121.75;3122;17
20191206 011600;3122;3122.5;3121.75;3121.75;271
20191206 011700;3122;3122.25;3121.75;3122;156
20191206 011800;3122;3123;3122;3122.75;199
20191206 011900;3122.75;3123;3122.75;3123;33
20191206 012000;3123;3123;3122.75;3122.75;24
20191206 012100;3122.75;3122.75;3122.75;3122.75;76
20191206 012200;3122.75;3122.75;3122.5;3122.5;45
20191206 012300;3122.5;3122.5;3122.25;3122.25;18
20191206 012400;3122.25;3122.25;3121.75;3121.75;36
20191206 012500;3122;3122;3121.75;3122;33
20191206 012600;3122;3122;3122;3122;11
20191206 012700;3122;3122.25;3122;3122;37
20191206 012800;3122;3122;3122;3122;27
20191206 012900;3122.25;3122.25;3122.25;3122.25;16
20191206 013000;3122.25;3122.25;3122;3122;14
20191206 013100;3121.75;3121.75;3121;3121.25;149
20191206 013200;3121.25;3121.75;3121.25;3121.75;45
20191206 013300;3121.75;3121.75;3121.25;3121.5;27
20191206 013400;3121.75;3121.75;3121.75;3121.75;20
20191206 013500;3121.5;3121.5;3120.75;3120.75;47
20191206 013600;3120.75;3121;3120.25;3121;121
20191206 013700;3121;3121;3120.75;3121;22
20191206 013800;3121;3121;3120.75;3121;42
20191206 013900;3121;3121.25;3121;3121.25;41
20191206 014000;3121.5;3121.75;3121.25;3121.75;119
20191206 014100;3121.75;3121.75;3121.25;3121.5;38
20191206 014200;3121.5;3121.5;3121.25;3121.25;46
20191206 014300;3121.25;3121.25;3121.25;3121.25;39
20191206 014400;3121.25;3121.25;3120.75;3121;30
20191206 014500;3121;3121;3121;3121;48
20191206 014600;3121;3121.25;3121;3121.25;27
20191206 014700;3121.25;3121.25;3121.25;3121.25;68
20191206 014800;3121.5;3121.75;3121.5;3121.75;44
20191206 014900;3121.75;3121.75;3121.5;3121.5;69
20191206 015000;3121.5;3121.5;3121.5;3121.5;1
20191206 015100;3121.75;3121.75;3121.5;3121.75;66
20191206 015200;3121.75;3121.75;3121.5;3121.75;29
20191206 015300;3121.75;3121.75;3121.75;3121.75;17
20191206 015400;3122;3122.25;3121.75;3122;168
20191206 015500;3122;3122;3122;3122;23
20191206 015600;3121.75;3122;3121.75;3121.75;59
20191206 015700;3122;3122;3122;3122;41
20191206 015800;3122.25;3122.25;3122.25;3122.25;6
20191206 015900;3122.25;3122.25;3122;3122;17
20191206 020000;3122;3122;3122;3122;10
20191206 020100;3121.75;3121.75;3121.75;3121.75;8
20191206 020200;3121.75;3122;3121.75;3122;53
20191206 020300;3122;3122;3122;3122;11
20191206 020400;3122;3122.25;3122;3122.25;3
20191206 020500;3122;3122;3122;3122;24
20191206 020600;3122;3122.25;3122;3122;31
20191206 020700;3122.25;3122.25;3121.75;3122;13
20191206 020800;3121.75;3121.75;3121.75;3121.75;2
20191206 020900;3122;3122.25;3122;3122.25;59
20191206 021000;3122.25;3122.75;3122.25;3122.25;100
20191206 021100;3122.5;3122.75;3122.25;3122.25;71
20191206 021200;3122.25;3122.25;3122;3122.25;67
20191206 021300;3122.25;3122.25;3122;3122;5
20191206 021400;3122;3122;3121.25;3121.5;104
20191206 021500;3121.5;3121.5;3121.25;3121.25;28
20191206 021600;3121.25;3121.75;3121.25;3121.75;39
20191206 021700;3121.5;3121.75;3121.5;3121.5;45
20191206 021800;3121.5;3121.5;3121;3121;45
20191206 021900;3121;3121.25;3120.75;3121;80
20191206 022000;3121;3121.25;3121;3121.25;36
20191206 022100;3121.25;3121.25;3121;3121.25;55
20191206 022200;3121.25;3121.25;3121.25;3121.25;17
20191206 022300;3121.5;3121.5;3121.5;3121.5;9
20191206 022400;3121.75;3122;3121.75;3121.75;38
20191206 022500;3121.75;3121.75;3121.75;3121.75;30
20191206 022600;3121.75;3122.25;3121.75;3122;39
20191206 022700;3122;3122.25;3122;3122.25;26
20191206 022800;3122;3122.25;3122;3122;34
20191206 022900;3122;3122.25;3121.75;3122.25;25
20191206 023000;3122.25;3122.5;3122.25;3122.25;36
20191206 023100;3122.25;3122.25;3122.25;3122.25;10
20191206 023200;3122;3122;3121.75;3121.75;24
20191206 023300;3122;3122;3122;3122;25
20191206 023400;3122;3122;3122;3122;12
20191206 023500;3122;3122;3122;3122;16
20191206 023600;3122;3122.25;3122;3122;13
20191206 023700;3122.25;3122.25;3122.25;3122.25;17
20191206 023800;3122.25;3122.5;3122.25;3122.25;40
20191206 023900;3122;3122;3122;3122;29
20191206 024000;3121.75;3121.75;3121.25;3121.5;48
20191206 024100;3121.75;3122;3121.75;3121.75;37
20191206 024200;3121.75;3121.75;3121.75;3121.75;8
20191206 024300;3121.5;3121.5;3121.5;3121.5;21
20191206 024400;3121.5;3121.75;3121.5;3121.75;83
20191206 024500;3121.5;3121.5;3121.5;3121.5;13
20191206 024600;3121.5;3121.75;3121.5;3121.75;13
20191206 024700;3121.5;3121.5;3121.5;3121.5;18
20191206 024800;3121.5;3121.5;3121.25;3121.5;24
20191206 024900;3121.5;3121.5;3121.5;3121.5;14
20191206 025000;3121.5;3121.5;3121.5;3121.5;31
20191206 025300;3121.5;3121.5;3121.25;3121.25;28
20191206 025400;3121.25;3121.5;3121.25;3121.5;4
20191206 025500;3121.5;3121.5;3121.5;3121.5;13
20191206 025600;3121.25;3121.5;3121.25;3121.25;49
20191206 025700;3121.25;3121.25;3121;3121;29
20191206 025800;3120.75;3120.75;3120;3120;297
20191206 025900;3119.75;3120;3119.25;3120;110
20191206 030000;3119.75;3120;3119.75;3120;41
20191206 030100;3119.75;3120;3119.5;3120;83
20191206 030200;3120;3120;3119.75;3119.75;46
20191206 030300;3120;3120;3119.75;3119.75;62
20191206 030400;3119.5;3120;3119.5;3120;63
20191206 030500;3120;3120.25;3120;3120.25;36
20191206 030600;3120;3120.5;3120;3120.25;86
20191206 030700;3120;3120.25;3120;3120.25;31
20191206 030800;3120.25;3120.5;3120.25;3120.5;23
20191206 030900;3120.25;3120.5;3120.25;3120.5;34
20191206 031000;3120.5;3120.5;3120.5;3120.5;9
20191206 031100;3120.5;3120.75;3120.5;3120.75;59
20191206 031200;3120.75;3121;3120.75;3120.75;25
20191206 031300;3120.75;3120.75;3120.75;3120.75;5
20191206 031400;3120.75;3121;3120.75;3121;5
20191206 031500;3120.75;3121;3120.75;3121;6
20191206 031600;3121;3121;3120.5;3120.5;23
20191206 031700;3120.5;3120.75;3120.5;3120.75;37
20191206 031800;3121;3121;3121;3121;3
20191206 031900;3120.75;3120.75;3120.75;3120.75;2
20191206 032000;3120.75;3120.75;3120.75;3120.75;6
20191206 032100;3120.5;3120.5;3120.5;3120.5;18
20191206 032200;3120.5;3120.75;3120.5;3120.75;14
20191206 032300;3120.75;3121;3120.75;3121;17
20191206 032400;3120.75;3120.75;3120.75;3120.75;4
20191206 032500;3121;3121;3120.75;3120.75;41
20191206 032600;3121;3121.25;3121;3121.25;63
20191206 032700;3121.25;3121.25;3121;3121.25;17
20191206 032800;3121.5;3121.5;3121.25;3121.25;8
20191206 032900;3121.5;3121.5;3121.5;3121.5;2
20191206 033000;3121.25;3121.75;3121.25;3121.5;28
20191206 033100;3121.75;3122;3121.75;3121.75;78
20191206 033200;3121.75;3122;3121.75;3122;92
20191206 033300;3122;3122;3122;3122;24
20191206 033400;3121.75;3121.75;3121.75;3121.75;17
20191206 033500;3122;3122.25;3122;3122;59
20191206 033600;3122;3122;3121.75;3121.75;17
20191206 033700;3121.75;3121.75;3121.5;3121.5;32
20191206 033800;3121.5;3121.75;3121.5;3121.5;6
20191206 034000;3121.5;3121.5;3121.5;3121.5;2
20191206 034100;3121.5;3121.5;3121.5;3121.5;7
20191206 034200;3121.75;3121.75;3121.75;3121.75;7
20191206 034300;3121.5;3121.5;3121.25;3121.25;37
20191206 034400;3121.5;3121.5;3121.25;3121.25;18
20191206 034500;3121.25;3121.25;3121.25;3121.25;5
20191206 034600;3121.25;3121.5;3121.25;3121.25;25
20191206 034700;3121.25;3121.25;3121.25;3121.25;24
20191206 034800;3121.25;3121.25;3121;3121;5
20191206 034900;3121;3121.25;3121;3121.25;14
20191206 035000;3121.25;3121.25;3121.25;3121.25;45
20191206 035100;3121.25;3121.5;3121.25;3121.5;12
20191206 035200;3121.75;3121.75;3121.75;3121.75;7
20191206 035300;3121.5;3121.5;3121.5;3121.5;2
20191206 035400;3121.5;3121.5;3121.5;3121.5;1
20191206 035700;3121.5;3121.5;3121.5;3121.5;1
20191206 035800;3121.5;3121.5;3121.5;3121.5;2
20191206 035900;3121.5;3121.5;3121.5;3121.5;1
20191206 040000;3121.75;3121.75;3121.5;3121.5;4
20191206 040100;3121.5;3121.75;3121.5;3121.75;26
20191206 040300;3121.75;3121.75;3121.75;3121.75;3
20191206 040400;3121.5;3121.5;3121.5;3121.5;4
20191206 040500;3121.5;3121.5;3121.5;3121.5;2
20191206 040600;3121.75;3121.75;3121.75;3121.75;8
20191206 040700;3121.75;3121.75;3121.75;3121.75;5
20191206 040800;3122;3122;3121.75;3121.75;19
20191206 040900;3121.5;3121.5;3121.5;3121.5;3
20191206 041000;3121.5;3121.5;3121.5;3121.5;21
20191206 041100;3121.5;3121.5;3121.25;3121.25;37
20191206 041200;3121.5;3121.75;3121.5;3121.5;12
20191206 041300;3121.75;3121.75;3121.5;3121.5;13
20191206 041400;3121.5;3121.5;3121.5;3121.5;6
20191206 041600;3121.5;3121.5;3121.5;3121.5;26
20191206 041700;3121.5;3121.5;3121.5;3121.5;17
20191206 041900;3121.5;3121.5;3121.5;3121.5;5
20191206 042000;3121.75;3121.75;3121.75;3121.75;2
20191206 042100;3121.5;3121.5;3121.5;3121.5;2
20191206 042200;3121.5;3121.75;3121.5;3121.75;25
20191206 042400;3121.75;3121.75;3121.75;3121.75;3
20191206 042500;3121.75;3122;3121.75;3122;9
20191206 042600;3121.75;3121.75;3121.75;3121.75;20
20191206 042700;3121.75;3121.75;3121.75;3121.75;10
20191206 042800;3121.5;3121.5;3121.5;3121.5;34
20191206 042900;3121.5;3121.75;3121.5;3121.75;22
20191206 043000;3121.75;3121.75;3121.75;3121.75;4
20191206 043100;3121.75;3121.75;3121.75;3121.75;4
20191206 043300;3121.75;3122;3121.75;3121.75;28
20191206 043400;3121.75;3121.75;3121.75;3121.75;12
20191206 043500;3121.75;3121.75;3121.75;3121.75;2
20191206 043700;3121.75;3121.75;3121.75;3121.75;1
20191206 043800;3121.5;3121.75;3121.5;3121.5;3
20191206 043900;3121.5;3121.5;3121.5;3121.5;21
20191206 044200;3121.75;3121.75;3121.75;3121.75;1
20191206 044300;3121.5;3121.75;3121.5;3121.75;5
20191206 044400;3121.5;3121.5;3121.5;3121.5;4
20191206 044500;3121.75;3121.75;3121.75;3121.75;47
20191206 044700;3121.5;3121.5;3121.5;3121.5;1
20191206 044800;3121.5;3121.5;3121.5;3121.5;28
20191206 044900;3121.5;3121.75;3121.5;3121.5;11
20191206 045000;3121.75;3121.75;3121.75;3121.75;17
20191206 045100;3121.75;3121.75;3121.75;3121.75;3
20191206 045200;3121.75;3121.75;3121.5;3121.75;21
20191206 045300;3121.5;3121.5;3121.5;3121.5;1
20191206 045400;3121.5;3121.5;3121.25;3121.5;7
20191206 045500;3121.25;3121.25;3121.25;3121.25;22
20191206 045600;3121.25;3121.25;3121;3121;23
20191206 045700;3121;3121.25;3121;3121.25;15
20191206 045900;3121;3121;3121;3121;2
20191206 050000;3121.25;3121.25;3121;3121.25;29
20191206 050100;3121.25;3121.25;3121;3121.25;24
20191206 050200;3121.25;3121.25;3121;3121;53
20191206 050300;3121;3121;3121;3121;21
20191206 050400;3121.25;3121.25;3121;3121.25;18
20191206 050500;3121.25;3121.25;3121.25;3121.25;8
20191206 050600;3121.5;3121.5;3121.25;3121.5;24
20191206 050700;3121.5;3121.75;3121.5;3121.75;17
20191206 050800;3121.5;3121.5;3121.5;3121.5;36
20191206 050900;3121.5;3121.5;3121.5;3121.5;23
20191206 051100;3121.5;3121.5;3121.5;3121.5;7
20191206 051200;3121.75;3121.75;3121.75;3121.75;1
20191206 051300;3121.75;3122;3121.5;3121.75;47
20191206 051400;3121.75;3121.75;3121.75;3121.75;11
20191206 051500;3121.75;3121.75;3121.75;3121.75;10
20191206 051600;3121.75;3121.75;3121.75;3121.75;23
20191206 051700;3121.5;3121.5;3121.5;3121.5;33
20191206 051900;3121.5;3121.75;3121.5;3121.5;27
20191206 052000;3121.5;3121.5;3121.5;3121.5;12
20191206 052100;3121.75;3121.75;3121.5;3121.5;14
20191206 052200;3121.5;3121.5;3121.5;3121.5;10
20191206 052300;3121.5;3121.5;3121.5;3121.5;7
20191206 052500;3121.5;3121.5;3121.5;3121.5;3
20191206 052600;3121.5;3121.5;3121.25;3121.25;13
20191206 052700;3121.5;3121.5;3121.5;3121.5;2
20191206 052900;3121.25;3121.25;3121;3121;8
20191206 053000;3121.25;3121.25;3121.25;3121.25;13
20191206 053100;3121;3121;3121;3121;10
20191206 053200;3121;3121;3121;3121;49
20191206 053300;3120.75;3120.75;3120.25;3120.25;86
20191206 053400;3120.5;3120.5;3119.75;3120;173
20191206 053500;3120;3120.5;3120;3120.5;37
20191206 053600;3120.25;3120.25;3120;3120.25;19
20191206 053700;3120.25;3120.25;3120;3120.25;17
20191206 053800;3120.25;3120.25;3120.25;3120.25;3
20191206 053900;3120.25;3120.5;3120.25;3120.5;17
20191206 054000;3120.25;3120.25;3120.25;3120.25;4
20191206 054100;3120.25;3120.25;3120.25;3120.25;19
20191206 054200;3120.25;3120.25;3120.25;3120.25;16
20191206 054400;3120.25;3120.25;3120.25;3120.25;31
20191206 054500;3120.25;3120.25;3120.25;3120.25;4
20191206 054600;3120.25;3120.5;3120.25;3120.5;7
20191206 054900;3120.5;3120.5;3120.5;3120.5;1
20191206 055000;3120.25;3120.25;3120.25;3120.25;6
20191206 055100;3120.25;3120.25;3120.25;3120.25;7
20191206 055200;3120.5;3120.5;3120.5;3120.5;1
20191206 055300;3120.5;3120.5;3120.25;3120.25;53
20191206 055400;3120;3120;3120;3120;2
20191206 055500;3120;3120.25;3119.75;3120.25;48
20191206 055600;3120.25;3120.5;3120.25;3120.5;24
20191206 055800;3120.5;3120.5;3120.25;3120.25;21
20191206 055900;3120.5;3120.5;3120.5;3120.5;12
20191206 060000;3120.25;3120.5;3120.25;3120.5;22
20191206 060100;3120.5;3120.75;3120.25;3120.75;29
20191206 060200;3121;3126;3121;3125.5;1447
20191206 060300;3125.75;3125.75;3124.5;3125;196
20191206 060400;3125;3125.25;3124;3124;196
20191206 060500;3124.25;3125.25;3124.25;3124.75;69
20191206 060600;3124.75;3125.75;3124.75;3125.5;110
20191206 060700;3125.5;3126;3125.25;3125.25;199
20191206 060800;3125.5;3125.75;3125.25;3125.75;45
20191206 060900;3125.5;3126.5;3125.5;3126.5;134
20191206 061000;3126.25;3127.25;3126.25;3127;542
20191206 061100;3127;3127.5;3126.5;3126.5;196
20191206 061200;3126.5;3126.75;3125.75;3126;58
20191206 061300;3126;3126.25;3125.75;3125.75;41
20191206 061400;3126;3126.75;3126;3126;106
20191206 061500;3126;3126;3126;3126;33
20191206 061600;3125.75;3126;3125.75;3125.75;14
20191206 061700;3125.75;3126;3125.5;3125.75;155
20191206 061800;3125.75;3125.75;3125;3125.25;57
20191206 061900;3125.5;3126;3125.5;3126;52
20191206 062000;3126;3126.25;3125.75;3125.75;36
20191206 062100;3125.5;3125.75;3125.5;3125.75;27
20191206 062200;3125.75;3125.75;3125.25;3125.75;41
20191206 062300;3125.75;3125.75;3125.5;3125.75;19
20191206 062400;3125.75;3125.75;3125.5;3125.5;26
20191206 062500;3125.5;3125.5;3125.25;3125.25;33
20191206 062600;3125;3125;3124.5;3124.75;94
20191206 062700;3124.75;3124.75;3124.75;3124.75;38
20191206 062800;3125;3125;3124.75;3124.75;79
20191206 062900;3124.75;3125;3124.75;3124.75;78
20191206 063000;3125;3125.5;3125;3125.5;49
20191206 063100;3125.5;3125.5;3125.25;3125.25;57
20191206 063200;3125.25;3125.25;3124.75;3124.75;95
20191206 063300;3125;3125;3124.75;3125;104
20191206 063400;3124.75;3125;3124.75;3125;43
20191206 063500;3125;3125;3125;3125;30
20191206 063600;3125;3125.25;3125;3125.25;16
20191206 063700;3125.5;3125.5;3125.25;3125.25;61
20191206 063800;3125.25;3125.25;3124.75;3124.75;70
20191206 063900;3125;3125;3124.75;3124.75;32
20191206 064000;3124.75;3124.75;3124.5;3124.5;56
20191206 064100;3124.5;3124.75;3124.5;3124.5;140
20191206 064200;3124.75;3124.75;3124.75;3124.75;65
20191206 064300;3124.75;3125;3124.75;3124.75;8
20191206 064400;3124.75;3124.75;3124.75;3124.75;2
20191206 064500;3124.75;3124.75;3124.75;3124.75;11
20191206 064600;3124.75;3124.75;3124.5;3124.5;28
20191206 064700;3124.25;3124.75;3124.25;3124.75;28
20191206 064800;3124.5;3124.5;3124.5;3124.5;18
20191206 064900;3124.25;3124.25;3124.25;3124.25;48
20191206 065000;3124.25;3124.25;3124;3124;12
20191206 065100;3124;3124.25;3123.5;3124.25;82
20191206 065200;3124.25;3124.25;3124;3124;26
20191206 065300;3124;3124.25;3124;3124.25;30
20191206 065400;3124.25;3124.25;3124;3124;12
20191206 065500;3124;3124;3124;3124;28
20191206 065600;3124;3124;3124;3124;12
20191206 065700;3124;3124.25;3124;3124.25;28
20191206 065800;3124.25;3124.25;3124.25;3124.25;35
20191206 065900;3124.25;3124.25;3124;3124.25;29
20191206 070000;3124;3124.25;3124;3124.25;16
20191206 070100;3124.25;3124.75;3123.5;3123.5;303
20191206 070200;3123.5;3123.75;3122.5;3123.25;181
20191206 070300;3123.75;3124.25;3123.75;3124;160
20191206 070400;3124;3124.5;3124;3124.5;248
20191206 070500;3124.25;3124.25;3123.75;3124;31
20191206 070600;3124;3124.25;3124;3124;65
20191206 070700;3124.25;3124.25;3123.75;3124;51
20191206 070800;3124;3124;3124;3124;37
20191206 070900;3124;3124;3124;3124;29
20191206 071000;3124.25;3124.25;3124;3124;34
20191206 071100;3124;3124.25;3124;3124;113
20191206 071200;3124;3124;3123.75;3123.75;45
20191206 071300;3124;3124.75;3124;3124.75;115
20191206 071400;3124.75;3125.25;3124.75;3124.75;106
20191206 071500;3124.75;3124.75;3124.5;3124.5;34
20191206 071600;3124.5;3124.5;3124.5;3124.5;18
20191206 071700;3124.5;3124.5;3124;3124.25;67
20191206 071800;3124.25;3124.5;3124.25;3124.25;25
20191206 071900;3124.25;3124.25;3124.25;3124.25;37
20191206 072000;3124.25;3124.75;3124.25;3124.75;17
20191206 072100;3124.5;3124.5;3124.5;3124.5;1
20191206 072200;3124.5;3124.75;3124.5;3124.75;80
20191206 072300;3124.75;3125;3124.75;3124.75;35
20191206 072400;3124.75;3124.75;3124.5;3124.75;12
20191206 072500;3124.75;3124.75;3124.5;3124.5;23
20191206 072600;3124.75;3125;3124.5;3124.75;106
20191206 072700;3124.75;3124.75;3124.5;3124.75;54
20191206 072800;3124.5;3124.5;3124.5;3124.5;19
20191206 072900;3124.5;3124.5;3124.25;3124.5;27
20191206 073000;3124.25;3124.75;3123.75;3124.75;74
20191206 073100;3124.75;3125;3124;3124;252
20191206 073200;3123.75;3124.25;3123.75;3124.25;133
20191206 073300;3124.25;3124.25;3124;3124;45
20191206 073400;3124.25;3124.25;3124.25;3124.25;11
20191206 073500;3124.25;3124.25;3124;3124;28
20191206 073600;3124;3124;3123.75;3123.75;34
20191206 073700;3123.5;3123.75;3123.5;3123.75;18
20191206 073800;3123.75;3124.25;3123.75;3124.25;103
20191206 073900;3124.25;3124.25;3123.75;3123.75;114
20191206 074000;3124;3124;3124;3124;44
20191206 074100;3124;3124.25;3124;3124.25;39
20191206 074200;3124;3124;3124;3124;51
20191206 074300;3124.25;3124.25;3124.25;3124.25;11
20191206 074400;3124;3124;3124;3124;70
20191206 074500;3124;3124;3124;3124;2
20191206 074600;3124.25;3124.5;3124.25;3124.25;28
20191206 074700;3124.25;3124.5;3124.25;3124.5;35
20191206 074800;3124.25;3124.25;3123.75;3124;47
20191206 074900;3124;3124;3123.75;3123.75;53
20191206 075000;3123.75;3124;3123.5;3124;47
20191206 075100;3124;3124;3123.75;3124;64
20191206 075200;3124.25;3124.25;3124;3124.25;21
20191206 075300;3124;3124;3124;3124;26
20191206 075400;3124;3124.25;3124;3124.25;35
20191206 075500;3124.25;3124.25;3124;3124.25;80
20191206 075600;3124;3124;3123.5;3123.75;22
20191206 075700;3123.75;3124;3123.75;3124;58
20191206 075800;3124.25;3124.25;3124.25;3124.25;6
20191206 075900;3124;3124.25;3124;3124.25;58
20191206 080000;3124;3124;3124;3124;83
20191206 080100;3123.75;3124.5;3123.5;3124;284
20191206 080200;3124;3124;3122.75;3123;319
20191206 080300;3123;3123.25;3122.75;3123.25;74
20191206 080400;3123.25;3123.75;3123;3123;112
20191206 080500;3123;3123.75;3123;3123.75;71
20191206 080600;3123.75;3124;3123.75;3124;45
20191206 080700;3124;3124;3123.75;3124;45
20191206 080800;3124;3125;3124;3125;114
20191206 080900;3124.75;3125;3124.5;3125;46
20191206 081000;3124.75;3125;3124.25;3124.25;63
20191206 081100;3124.25;3124.25;3123.75;3123.75;101
20191206 081200;3123.75;3123.75;3123;3123.25;79
20191206 081300;3123.25;3123.75;3123.25;3123.5;59
20191206 081400;3123.5;3123.75;3123.5;3123.75;17
20191206 081500;3123.5;3123.75;3123.5;3123.75;39
20191206 081600;3123.75;3123.75;3123.25;3123.25;60
20191206 081700;3123.25;3123.25;3122.5;3123;144
20191206 081800;3123;3123.5;3123;3123.5;45
20191206 081900;3123.5;3123.5;3123;3123;107
20191206 082000;3123;3123.25;3122.75;3122.75;108
20191206 082100;3123;3123.75;3122.75;3123.25;47
20191206 082200;3123.25;3123.5;3123.25;3123.5;82
20191206 082300;3123.5;3123.5;3123.5;3123.5;19
20191206 082400;3123.25;3123.5;3123.25;3123.25;48
20191206 082500;3123.25;3123.5;3123;3123.25;45
20191206 082600;3123.25;3123.5;3123.25;3123.5;11
20191206 082700;3123;3123.25;3123;3123;63
20191206 082800;3123;3123.25;3122.5;3122.75;123
20191206 082900;3122.5;3123;3122.5;3122.75;52
20191206 083000;3122.75;3123;3122.5;3122.5;76
20191206 083100;3122.25;3122.25;3121.75;3121.75;125
20191206 083200;3121.75;3122;3121.5;3121.75;66
20191206 083300;3121.75;3122.25;3121.75;3121.75;65
20191206 083400;3121.75;3122.25;3121.75;3122;82
20191206 083500;3122.25;3122.75;3122.25;3122.5;36
20191206 083600;3122.25;3122.5;3122.25;3122.5;44
20191206 083700;3122.75;3122.75;3122.5;3122.5;30
20191206 083800;3122.5;3122.5;3122.25;3122.5;39
20191206 083900;3122.5;3122.5;3122;3122;45
20191206 084000;3122;3122.25;3122;3122.25;57
20191206 084100;3122.25;3122.5;3122.25;3122.5;33
20191206 084200;3122.5;3122.5;3122.25;3122.5;86
20191206 084300;3122.5;3123;3122.5;3122.75;43
20191206 084400;3122.75;3123.25;3122.75;3123;78
20191206 084500;3123;3123;3122.75;3123;18
20191206 084600;3123;3123.5;3123;3123.25;44
20191206 084700;3123.25;3123.25;3122.75;3123;86
20191206 084800;3123;3123;3122.5;3122.75;156
20191206 084900;3122.75;3122.75;3122.5;3122.75;91
20191206 085000;3122.75;3122.75;3122.75;3122.75;35
20191206 085100;3122.75;3123.25;3122.75;3123.25;18
20191206 085200;3123.25;3123.25;3123;3123;12
20191206 085300;3123;3123;3122;3122;97
20191206 085400;3122.5;3122.5;3122.5;3122.5;64
20191206 085500;3122.5;3122.75;3122.5;3122.75;41
20191206 085600;3122.75;3123.5;3122.75;3123.25;51
20191206 085700;3123.5;3124.25;3123.25;3124.25;139
20191206 085800;3124.25;3124.75;3124;3124.5;84
20191206 085900;3124.5;3124.5;3124.25;3124.25;103
20191206 090000;3124.25;3124.75;3124.25;3124.5;45
20191206 090100;3124.5;3125;3124;3124.25;79
20191206 090200;3124;3124.25;3123.75;3124.25;52
20191206 090300;3124.25;3124.5;3124.25;3124.25;22
20191206 090400;3124.25;3124.5;3124;3124;26
20191206 090500;3124.25;3124.5;3124;3124;73
20191206 090600;3124.25;3124.75;3124.25;3124.25;42
20191206 090700;3124.5;3124.5;3124.5;3124.5;23
20191206 090800;3124.5;3124.75;3124.25;3124.75;22
20191206 090900;3124.75;3125;3124.75;3125;42
20191206 091000;3124.75;3125.25;3124.75;3125.25;69
20191206 091100;3124.75;3125.25;3124.75;3125.25;72
20191206 091200;3125.25;3125.25;3125;3125.25;76
20191206 091300;3125.25;3125.5;3125;3125.25;61
20191206 091400;3125;3125.25;3125;3125.25;14
20191206 091500;3125;3125;3125;3125;1
20191206 091600;3125;3125;3124.75;3125;146
20191206 091700;3124.75;3124.75;3124.5;3124.75;53
20191206 091800;3124.75;3125;3124.75;3124.75;32
20191206 091900;3124.75;3124.75;3124.5;3124.5;65
20191206 092000;3124.5;3124.5;3124.5;3124.5;17
20191206 092100;3124.5;3125;3124.5;3125;26
20191206 092200;3125.25;3125.25;3124.75;3125;44
20191206 092300;3125;3125;3124.75;3125;56
20191206 092400;3125;3125;3124.75;3125;30
20191206 092500;3125;3125;3124.75;3125;40
20191206 092600;3125;3125;3125;3125;6
20191206 092700;3124.75;3124.75;3124;3124.25;72
20191206 092800;3124.25;3124.5;3124.25;3124.5;8
20191206 092900;3124.5;3124.5;3124.5;3124.5;32
20191206 093000;3124.5;3124.5;3124.5;3124.5;59
20191206 093100;3124.25;3124.75;3124.25;3124.5;82
20191206 093200;3124.5;3124.75;3124.5;3124.75;71
20191206 093300;3124.75;3125;3124.5;3124.5;50
20191206 093400;3124.75;3124.75;3124.75;3124.75;6
20191206 093500;3125;3125.25;3124.75;3125;55
20191206 093600;3125;3125;3124.75;3124.75;45
20191206 093700;3124.75;3124.75;3124.5;3124.75;24
20191206 093800;3124.75;3124.75;3124.5;3124.5;2
20191206 093900;3124.5;3124.5;3124.5;3124.5;2
20191206 094000;3124.5;3124.5;3124.25;3124.5;28
20191206 094100;3124.5;3125;3124.5;3125;50
20191206 094200;3124.75;3124.75;3124.5;3124.5;45
20191206 094300;3124.5;3124.5;3124.5;3124.5;39
20191206 094400;3124.5;3124.5;3124.5;3124.5;70
20191206 094500;3124.5;3124.75;3124.5;3124.75;21
20191206 094600;3124.75;3125;3124.75;3125;43
20191206 094700;3125.25;3125.25;3125.25;3125.25;27
20191206 094800;3125.25;3125.25;3125.25;3125.25;12
20191206 094900;3125.25;3125.25;3124.75;3124.75;43
20191206 095000;3125;3125;3125;3125;33
20191206 095100;3125;3125.5;3125;3125.25;69
20191206 095200;3125.25;3125.25;3125;3125.25;51
20191206 095300;3125.5;3126.25;3125.5;3125.75;158
20191206 095400;3125.75;3125.75;3125.5;3125.75;41
20191206 095500;3126;3126.25;3126;3126;48
20191206 095600;3126;3126;3126;3126;27
20191206 095700;3126;3126;3125.5;3125.5;48
20191206 095800;3125.5;3125.5;3125.5;3125.5;27
20191206 095900;3125.5;3125.5;3125.25;3125.5;8
20191206 100000;3125.5;3125.5;3125.25;3125.25;24
20191206 100100;3125.5;3125.5;3125.25;3125.5;70
20191206 100200;3125.5;3125.5;3125.5;3125.5;30
20191206 100300;3125.5;3125.5;3125.5;3125.5;21
20191206 100400;3125.25;3125.25;3125.25;3125.25;18
20191206 100500;3125.25;3125.5;3125.25;3125.25;47
20191206 100600;3125.25;3125.25;3125.25;3125.25;24
20191206 100700;3125.25;3125.25;3124.5;3124.75;127
20191206 100800;3124.75;3124.75;3124.5;3124.75;55
20191206 100900;3124.75;3124.75;3124.5;3124.5;73
20191206 101000;3124.5;3124.5;3124.5;3124.5;105
20191206 101100;3124.25;3124.75;3124;3124.75;35
20191206 101200;3124.75;3124.75;3124.75;3124.75;4
20191206 101300;3124.5;3124.5;3124.5;3124.5;14
20191206 101400;3124.5;3124.5;3124.5;3124.5;12
20191206 101500;3124.5;3124.5;3124.25;3124.25;22
20191206 101600;3124.25;3124.5;3124.25;3124.5;36
20191206 101700;3124.5;3124.5;3124.5;3124.5;6
20191206 101900;3124.75;3124.75;3124.25;3124.25;17
20191206 102000;3124.5;3124.5;3124.5;3124.5;39
20191206 102100;3124.5;3124.5;3124.5;3124.5;32
20191206 102200;3124.5;3124.5;3124.5;3124.5;67
20191206 102300;3124.5;3124.5;3124.5;3124.5;45
20191206 102400;3124.5;3124.5;3124.5;3124.5;8
20191206 102500;3124.5;3124.5;3124.25;3124.25;6
20191206 102600;3124.5;3124.5;3124.25;3124.5;12
20191206 102700;3124.5;3124.5;3124.25;3124.25;22
20191206 102800;3124;3124;3123.5;3123.75;43
20191206 102900;3123.75;3124;3123.75;3123.75;27
20191206 103000;3123.75;3124;3123.75;3124;22
20191206 103100;3124;3124.25;3123.75;3123.75;50
20191206 103200;3123.75;3123.75;3123.75;3123.75;25
20191206 103300;3124;3124;3124;3124;39
20191206 103400;3124;3124;3123.75;3123.75;62
20191206 103500;3123.75;3123.75;3123.75;3123.75;65
20191206 103600;3124;3124.25;3124;3124.25;50
20191206 103700;3124.25;3124.25;3124;3124.25;32
20191206 103800;3124.25;3124.5;3124.25;3124.5;21
20191206 103900;3124.5;3125.25;3124.5;3125;128
20191206 104000;3124.75;3124.75;3124.5;3124.5;54
20191206 104100;3124.75;3125;3124.75;3124.75;40
20191206 104200;3124.75;3124.75;3124.75;3124.75;37
20191206 104300;3124.75;3124.75;3124.75;3124.75;32
20191206 104400;3125;3125.25;3125;3125;47
20191206 104500;3125;3125;3125;3125;29
20191206 104600;3125.25;3125.25;3125;3125;7
20191206 104700;3125;3125;3124.75;3125;11
20191206 104800;3124.75;3124.75;3124.75;3124.75;16
20191206 105000;3125;3125;3125;3125;45
20191206 105100;3125;3125.75;3125;3125.25;110
20191206 105200;3125;3125;3125;3125;2
20191206 105300;3125;3125.25;3125;3125;22
20191206 105400;3124.75;3124.75;3124.5;3124.5;41
20191206 105500;3124.5;3124.5;3124.25;3124.25;41
20191206 105600;3124.25;3124.25;3124.25;3124.25;54
20191206 105700;3124.25;3124.25;3124;3124;15
20191206 105800;3124;3124.25;3124;3124.25;62
20191206 105900;3124.25;3124.25;3123.75;3123.75;34
20191206 110000;3124;3124.25;3124;3124.25;98
20191206 110100;3124.25;3124.25;3124;3124;39
20191206 110200;3124;3124.25;3124;3124;56
20191206 110300;3124.25;3124.25;3124.25;3124.25;3
20191206 110400;3124.25;3124.25;3124.25;3124.25;2
20191206 110500;3124;3124.25;3124;3124.25;36
20191206 110600;3124.25;3124.5;3124.25;3124.5;9
20191206 110700;3124.5;3124.75;3124.25;3124.5;101
20191206 110800;3124.5;3124.5;3124.5;3124.5;9
20191206 110900;3124.5;3124.75;3124.5;3124.75;25
20191206 111000;3124.5;3124.75;3124.5;3124.5;12
20191206 111100;3124.5;3125;3124.5;3124.75;51
20191206 111200;3124.5;3124.75;3124.5;3124.75;16
20191206 111300;3124.75;3125;3124.75;3125;3
20191206 111400;3124.75;3124.75;3124.75;3124.75;39
20191206 111600;3124.5;3124.75;3124.25;3124.25;32
20191206 111700;3124.25;3124.75;3124.25;3124.75;39
20191206 111800;3124.5;3124.75;3124.5;3124.5;22
20191206 111900;3124.25;3124.25;3124.25;3124.25;74
20191206 112000;3124.5;3124.5;3124.5;3124.5;5
20191206 112100;3124.75;3124.75;3124.75;3124.75;39
20191206 112300;3124.75;3125.25;3124.75;3125;51
20191206 112400;3125.25;3125.25;3125.25;3125.25;36
20191206 112500;3125.25;3125.5;3125;3125.25;47
20191206 112600;3125.5;3125.5;3125.5;3125.5;69
20191206 112700;3125.5;3126;3125.5;3126;33
20191206 112800;3126;3126;3125.75;3126;15
20191206 112900;3126;3126.25;3126;3126;71
20191206 113000;3125.75;3126;3125.5;3125.5;42
20191206 113100;3125.75;3125.75;3125.5;3125.5;70
20191206 113200;3125.5;3125.5;3125.5;3125.5;49
20191206 113300;3125.5;3125.5;3125.5;3125.5;43
20191206 113400;3125.5;3125.5;3125.25;3125.25;31
20191206 113500;3125.25;3125.25;3125;3125;26
20191206 113600;3125;3125.25;3125;3125.25;16
20191206 113700;3125.5;3125.75;3125.5;3125.75;48
20191206 113800;3126;3126.5;3126;3126;81
20191206 113900;3126;3126.5;3126;3126.25;85
20191206 114000;3126.25;3126.25;3126;3126.25;34
20191206 114100;3126.25;3126.5;3126;3126;24
20191206 114200;3126;3126;3125.5;3125.75;48
20191206 114300;3125.5;3125.75;3125.5;3125.75;3
20191206 114400;3125.5;3125.75;3125.5;3125.5;37
20191206 114500;3125.5;3125.5;3125.5;3125.5;26
20191206 114600;3125.25;3125.25;3125;3125.25;30
20191206 114700;3125.25;3125.5;3125.25;3125.5;77
20191206 114800;3125.25;3125.5;3125.25;3125.5;86
20191206 114900;3125.25;3125.25;3125.25;3125.25;12
20191206 115000;3125.5;3125.5;3125.5;3125.5;73
20191206 115100;3125.5;3125.75;3125.5;3125.75;19
20191206 115200;3125.75;3125.75;3125.75;3125.75;13
20191206 115300;3125.5;3125.5;3125.5;3125.5;82
20191206 115400;3125.5;3125.5;3125.5;3125.5;33
20191206 115500;3125.5;3125.5;3125.25;3125.5;14
20191206 115600;3125.75;3126;3125.75;3126;104
20191206 115700;3126;3126;3125.75;3125.75;16
20191206 115900;3126;3126.25;3126;3126;39
20191206 120000;3126;3126;3126;3126;29
20191206 120100;3126;3126.25;3125.75;3125.75;104
20191206 120200;3126;3126;3125.75;3125.75;17
20191206 120300;3125.5;3125.5;3125.5;3125.5;12
20191206 120400;3125.5;3125.5;3125;3125;61
20191206 120500;3125;3125.5;3125;3125.5;48
20191206 120600;3125.25;3125.25;3125.25;3125.25;40
20191206 120700;3125;3125.25;3125;3125.25;17
20191206 120800;3125.5;3125.5;3125.25;3125.25;14
20191206 120900;3125.25;3125.25;3124.75;3125;34
20191206 121000;3125;3125;3125;3125;5
20191206 121100;3125;3125;3125;3125;10
20191206 121200;3125;3125.25;3125;3125;26
20191206 121300;3125;3125;3124.75;3125;21
20191206 121400;3124.75;3125.25;3124.75;3125;41
20191206 121500;3124.75;3125;3124.5;3124.75;32
20191206 121600;3124.75;3125;3124.5;3125;50
20191206 121700;3124.75;3124.75;3124.75;3124.75;16
20191206 121800;3124.5;3124.75;3124.5;3124.75;53
20191206 121900;3124.5;3125;3124.5;3125;79
20191206 122000;3125;3125;3124.5;3124.5;48
20191206 122100;3124.75;3125;3124.5;3124.5;99
20191206 122200;3124.5;3124.75;3124.5;3124.75;114
20191206 122300;3124.75;3124.75;3124.75;3124.75;12
20191206 122400;3124.75;3124.75;3124.25;3124.25;114
20191206 122500;3124.5;3124.5;3124.25;3124.5;42
20191206 122600;3124.5;3124.5;3123.25;3123.25;305
20191206 122700;3123.25;3123.75;3123.25;3123.5;57
20191206 122800;3123.75;3123.75;3123.5;3123.5;71
20191206 122900;3123.25;3123.75;3123;3123.25;192
20191206 123000;3123.25;3123.5;3123;3123;76
20191206 123100;3123;3123.25;3123;3123;255
20191206 123200;3123.25;3123.25;3123.25;3123.25;44
20191206 123300;3123.5;3123.5;3123.5;3123.5;34
20191206 123400;3123.5;3123.5;3123.5;3123.5;14
20191206 123500;3123.5;3123.5;3123.25;3123.25;31
20191206 123600;3123.5;3123.5;3123.25;3123.25;60
20191206 123700;3123.25;3123.25;3123;3123;15
20191206 123800;3123;3123.5;3123;3123.5;67
20191206 123900;3123.5;3123.5;3123.5;3123.5;2
20191206 124000;3123.5;3123.5;3123.25;3123.25;58
20191206 124100;3123.5;3123.5;3123.5;3123.5;3
20191206 124200;3123.5;3123.5;3123.25;3123.25;55
20191206 124300;3123.25;3123.25;3123.25;3123.25;24
20191206 124400;3123.25;3123.25;3123;3123;59
20191206 124500;3123;3123.5;3123;3123;98
20191206 124600;3123;3123.25;3122.75;3123.25;86
20191206 124700;3123;3123;3122.75;3122.75;10
20191206 124800;3123;3123.25;3123;3123.25;78
20191206 124900;3123.25;3123.5;3123.25;3123.5;23
20191206 125000;3123.5;3123.5;3123.5;3123.5;84
20191206 125100;3123.5;3123.5;3123.5;3123.5;1
20191206 125200;3123.25;3123.25;3123.25;3123.25;34
20191206 125300;3123.5;3123.75;3123.5;3123.5;38
20191206 125400;3123.5;3123.75;3123.5;3123.75;16
20191206 125500;3123.75;3123.75;3123.5;3123.5;61
20191206 125600;3123.5;3124;3123.5;3123.5;25
20191206 125700;3123.75;3123.75;3123.5;3123.5;26
20191206 125800;3123.5;3123.5;3123.5;3123.5;19
20191206 125900;3123.5;3123.5;3123.5;3123.5;8
20191206 130000;3123.75;3123.75;3123.5;3123.75;43
20191206 130100;3123.5;3123.5;3123.25;3123.5;76
20191206 130200;3123.5;3123.5;3123.5;3123.5;8
20191206 130300;3123.25;3123.5;3123.25;3123.25;5
20191206 130400;3123.25;3123.25;3123.25;3123.25;39
20191206 130500;3123.25;3123.25;3123.25;3123.25;5
20191206 130600;3123.5;3123.5;3123.5;3123.5;12
20191206 130700;3123.75;3123.75;3123.5;3123.5;4
20191206 130800;3123.5;3123.75;3123.5;3123.5;18
20191206 130900;3123.75;3123.75;3123.75;3123.75;42
20191206 131000;3124;3124;3123.75;3123.75;9
20191206 131100;3123.75;3124;3123.75;3123.75;60
20191206 131200;3123.5;3123.75;3123.5;3123.75;9
20191206 131300;3123.5;3123.5;3123.25;3123.25;14
20191206 131400;3123.5;3123.5;3123;3123;28
20191206 131500;3123;3123;3122.75;3123;39
20191206 131600;3122.75;3123;3122.25;3122.75;177
20191206 131700;3123;3123.25;3122.75;3123.25;73
20191206 131800;3123;3123.5;3123;3123.5;109
20191206 131900;3123.5;3123.5;3123;3123.25;55
20191206 132000;3123.5;3124;3123.25;3123.75;85
20191206 132100;3124;3124;3124;3124;61
20191206 132200;3124;3124;3123.5;3123.5;59
20191206 132300;3123.5;3123.75;3123.5;3123.75;52
20191206 132400;3123.75;3123.75;3123.5;3123.5;25
20191206 132500;3123.75;3124;3123.75;3123.75;21
20191206 132600;3123.75;3124;3123.75;3123.75;21
20191206 132700;3123.75;3124;3123.75;3123.75;15
20191206 132800;3123.75;3124;3123.75;3123.75;44
20191206 132900;3123.75;3124;3123;3123.75;90
20191206 133000;3123.75;3126.75;3122;3122;364
20191206 133100;3122;3129.25;3120;3128.75;1997
20191206 133200;3128.75;3132;3128.5;3130.25;1695
20191206 133300;3130.25;3132;3130.25;3131.25;768
20191206 133400;3131.25;3133.25;3131;3133;1053
20191206 133500;3133.25;3134.75;3133;3133.25;1178
20191206 133600;3133.5;3133.75;3131.75;3132;625
20191206 133700;3131.75;3132;3131.25;3132;612
20191206 133800;3131.75;3132;3131;3132;597
20191206 133900;3132;3133.25;3132;3132.75;490
20191206 134000;3133;3134;3132.75;3133.75;408
20191206 134100;3133.75;3135;3133.5;3134.75;690
20191206 134200;3134.5;3137;3134.5;3136.25;1559
20191206 134300;3136.5;3136.5;3135;3135;430
20191206 134400;3135.25;3136.25;3135;3136;302
20191206 134500;3136.25;3136.25;3134.75;3135;245
20191206 134600;3135.25;3136.25;3135;3136;354
20191206 134700;3136;3136.25;3135.75;3136;183
20191206 134800;3136;3136.5;3135.75;3136;207
20191206 134900;3136;3137.5;3135.75;3136.25;457
20191206 135000;3136.5;3137.25;3136.25;3137;208
20191206 135100;3137.25;3137.5;3137;3137;405
20191206 135200;3137.25;3137.25;3136.25;3136.25;480
20191206 135300;3136.25;3137.25;3136.25;3136.75;329
20191206 135400;3137;3138.25;3136.5;3137.75;490
20191206 135500;3137.75;3139;3137.75;3138.25;591
20191206 135600;3138;3138.75;3138;3138.5;286
20191206 135700;3138.5;3138.5;3137.75;3137.75;296
20191206 135800;3137.75;3138.25;3137.25;3137.5;196
20191206 135900;3137.5;3137.5;3136.75;3137;247
20191206 140000;3137;3137.25;3136.5;3137.25;300
20191206 140100;3137.25;3138;3136.5;3136.75;181
20191206 140200;3136.75;3137.25;3136.75;3137;175
20191206 140300;3137;3137;3136.75;3136.75;177
20191206 140400;3136.75;3137.25;3136.75;3137;189
20191206 140500;3137.25;3137.75;3137.25;3137.25;223
20191206 140600;3137.25;3138.25;3137.25;3137.75;180
20191206 140700;3137.75;3137.75;3137.5;3137.5;49
20191206 140800;3137.5;3137.5;3137;3137.25;202
20191206 140900;3137.25;3138;3137.25;3138;194
20191206 141000;3138;3138;3137.75;3137.75;101
20191206 141100;3138;3138.25;3137.5;3137.75;96
20191206 141200;3137.5;3139.25;3137.5;3138.75;529
20191206 141300;3139;3139;3138.25;3138.75;154
20191206 141400;3138.5;3139.25;3138.5;3139;230
20191206 141500;3139;3139;3138.5;3138.75;64
20191206 141600;3138.75;3139.5;3138.75;3139.25;176
20191206 141700;3139;3139.25;3138.75;3138.75;152
20191206 141800;3138.75;3139;3138.25;3138.5;258
20191206 141900;3138.5;3139;3138.5;3138.5;137
20191206 142000;3138.5;3139;3138.5;3138.75;170
20191206 142100;3139;3139;3138.5;3138.5;122
20191206 142200;3138.5;3138.75;3138.5;3138.5;110
20191206 142300;3138.5;3139;3138.5;3138.5;119
20191206 142400;3138.75;3139;3138.75;3138.75;121
20191206 142500;3138.75;3139;3138.25;3138.25;148
20191206 142600;3138.25;3138.75;3138.25;3138.5;63
20191206 142700;3138.75;3139.25;3138.75;3138.75;203
20191206 142800;3138.75;3139.5;3138.75;3139.25;195
20191206 142900;3139.25;3139.5;3138.75;3139;443
20191206 143000;3139;3139.25;3138.5;3138.5;223
20191206 143100;3138.75;3141.75;3138.75;3141;3105
20191206 143200;3141;3142;3140.5;3140.5;2008
20191206 143300;3140.5;3141;3139;3139.25;1702
20191206 143400;3139.25;3142;3139.25;3141.25;1389
20191206 143500;3141.25;3142.25;3140.75;3141.25;1251
20191206 143600;3141.25;3142.75;3140.25;3140.75;2475
20191206 143700;3140.75;3141;3139;3140.5;2818
20191206 143800;3140.25;3141.25;3139.75;3140;1467
20191206 143900;3139.75;3141;3139.25;3140.5;1364
20191206 144000;3140.5;3141.5;3140;3140.25;1343
20191206 144100;3140.25;3142;3140.25;3142;978
20191206 144200;3141.75;3142.25;3141.5;3142;844
20191206 144300;3142;3142.5;3141.75;3142.5;833
20191206 144400;3142.75;3143.25;3142;3142.75;1031
20191206 144500;3142.75;3143.25;3142.75;3143.25;641
20191206 144600;3143.25;3144.5;3143;3144.25;1536
20191206 144700;3144.5;3144.75;3144.25;3144.25;847
20191206 144800;3144.5;3144.75;3143.25;3143.5;1090
20191206 144900;3143.75;3144.5;3143.75;3144.25;624
20191206 145000;3144.5;3144.5;3143.5;3143.5;837
20191206 145100;3143.5;3144.5;3143.25;3144;1149
20191206 145200;3144;3144.25;3142.5;3142.5;1311
20191206 145300;3142.5;3143.25;3142.5;3142.75;774
20191206 145400;3142.75;3143.5;3142.75;3143.25;623
20191206 145500;3143.5;3143.5;3142.5;3142.5;609
20191206 145600;3142.5;3143.5;3142.25;3143;998
20191206 145700;3143.25;3143.75;3142.75;3143.5;391
20191206 145800;3143.5;3143.75;3143.25;3143.75;397
20191206 145900;3144;3144.25;3143.5;3143.5;373
20191206 150000;3143.75;3144;3143.5;3143.75;237
20191206 150100;3143.75;3144.5;3143.75;3144.5;540
20191206 150200;3144.5;3144.75;3144.25;3144.5;501
20191206 150300;3144.5;3145;3143.75;3144.5;636
20191206 150400;3144.75;3145.25;3143.5;3144.75;1024
20191206 150500;3144.75;3145;3144.25;3144.75;509
20191206 150600;3144.75;3144.75;3144;3144.25;578
20191206 150700;3144.25;3144.5;3143.5;3144;526
20191206 150800;3144;3144.75;3143.5;3144.5;633
20191206 150900;3144.25;3144.5;3143.75;3143.75;455
20191206 151000;3143.75;3144.75;3143.75;3144.5;403
20191206 151100;3144.5;3145.25;3144.5;3145;637
20191206 151200;3145;3145.5;3145;3145;415
20191206 151300;3145.25;3145.5;3144.5;3145;530
20191206 151400;3145;3145.25;3144.5;3144.75;389
20191206 151500;3144.75;3147;3144.75;3145.5;1417
20191206 151600;3145.75;3146.25;3142.25;3145.25;6668
20191206 151700;3145.25;3145.75;3144.25;3144.25;1167
20191206 151800;3144;3144;3142.5;3143;1463
20191206 151900;3143;3144;3142.75;3144;863
20191206 152000;3144;3144.5;3143.75;3144.25;680
20191206 152100;3144.5;3145;3144;3145;482
20191206 152200;3145;3145;3144.5;3144.5;242
20191206 152300;3144.75;3145;3143.75;3144;403
20191206 152400;3144;3144.5;3143.75;3144.25;505
20191206 152500;3144;3144.75;3143.5;3144;587
20191206 152600;3144;3144.25;3144;3144.25;175
20191206 152700;3144.25;3144.5;3143.75;3144.25;405
20191206 152800;3144.25;3144.75;3144;3144.25;346
20191206 152900;3144.25;3144.5;3144.25;3144.5;429
20191206 153000;3144.5;3144.5;3144;3144;417
20191206 153100;3144.25;3144.75;3144;3144;553
20191206 153200;3144;3144.75;3144;3144.75;219
20191206 153300;3144.75;3145.75;3144.75;3145.5;779
20191206 153400;3145.75;3146.25;3145;3145.5;730
20191206 153500;3145.5;3145.5;3144.75;3144.75;183
20191206 153600;3144.5;3145;3144;3144.25;479
20191206 153700;3144.25;3144.5;3142.75;3142.75;764
20191206 153800;3142.5;3143.5;3142.5;3143.25;500
20191206 153900;3143.25;3143.75;3143;3143.5;357
20191206 154000;3143.5;3144.75;3143.5;3144.5;379
20191206 154100;3144.75;3145.5;3144.5;3145;541
20191206 154200;3144.75;3145.5;3144.5;3145;279
20191206 154300;3145.25;3145.75;3145;3145.5;289
20191206 154400;3145.5;3146;3145.5;3145.75;432
20191206 154500;3145.75;3146;3145.5;3145.75;171
20191206 154600;3145.75;3146;3145.25;3145.75;144
20191206 154700;3146;3146.25;3145.5;3146;296
20191206 154800;3146.25;3146.75;3146.25;3146.5;475
20191206 154900;3146.5;3147.25;3146;3147;631
20191206 155000;3147;3147.25;3146.5;3147;406
20191206 155100;3147.25;3148.25;3147;3148.25;905
20191206 155200;3148.25;3148.25;3147.25;3147.75;524
20191206 155300;3147.75;3147.75;3147;3147.25;245
20191206 155400;3147.25;3147.5;3147;3147.25;230
20191206 155500;3147.5;3147.5;3147;3147.25;83
20191206 155600;3147.25;3147.75;3147.25;3147.5;182
20191206 155700;3147.5;3147.75;3147.25;3147.5;104
20191206 155800;3147.5;3148;3147.5;3148;231
20191206 155900;3147.75;3148;3147.25;3147.25;149
20191206 160000;3147.5;3147.5;3146.5;3146.75;433
20191206 160100;3147;3148;3146.75;3148;396
20191206 160200;3147.75;3148.25;3147.75;3148;422
20191206 160300;3148.25;3148.5;3148;3148.5;573
20191206 160400;3148.5;3148.5;3147.75;3148;222
20191206 160500;3148;3148;3147.5;3148;292
20191206 160600;3148;3148.5;3147.75;3148;188
20191206 160700;3147.75;3147.75;3146.75;3147;351
20191206 160800;3147.25;3147.5;3146.75;3146.75;294
20191206 160900;3146.75;3147;3146.5;3146.75;237
20191206 161000;3146.75;3147;3146;3146.5;1017
20191206 161100;3146.25;3147;3146.25;3147;323
20191206 161200;3147;3147.5;3146.5;3146.75;484
20191206 161300;3146.75;3147;3146.25;3147;369
20191206 161400;3146.75;3147;3146.75;3146.75;195
20191206 161500;3147;3147.5;3146.75;3147.25;177
20191206 161600;3147.5;3147.5;3147;3147.25;138
20191206 161700;3147.5;3147.5;3147;3147;77
20191206 161800;3147;3147.25;3146.75;3146.75;137
20191206 161900;3147;3147.25;3146.5;3147.25;333
20191206 162000;3147.25;3147.75;3147.25;3147.25;195
20191206 162100;3147.25;3147.5;3147;3147.25;199
20191206 162200;3147.25;3147.25;3147;3147.25;175
20191206 162300;3147.5;3147.75;3147.25;3147.5;92
20191206 162400;3147.25;3148;3147.25;3148;107
20191206 162500;3147.75;3148.5;3147.75;3148.25;271
20191206 162600;3148.25;3149;3148.25;3148.75;491
20191206 162700;3148.75;3149.25;3148.5;3148.75;445
20191206 162800;3148.75;3149.25;3148.5;3149;290
20191206 162900;3149.25;3149.5;3149;3149.25;278
20191206 163000;3149.25;3149.5;3149;3149.25;193
20191206 163100;3149.25;3149.5;3148.75;3148.75;240
20191206 163200;3148.75;3149.25;3148.5;3148.5;331
20191206 163300;3148.75;3149;3148.5;3148.75;200
20191206 163400;3149;3149.25;3148.75;3149;164
20191206 163500;3149;3149.5;3149;3149.5;244
20191206 163600;3149.25;3149.5;3149;3149;143
20191206 163700;3149.25;3150;3149.25;3150;334
20191206 163800;3150;3150;3149.5;3149.75;127
20191206 163900;3149.75;3150.5;3149.75;3150.5;600
20191206 164000;3150.5;3150.5;3150;3150.25;166
20191206 164100;3150.25;3150.5;3150;3150.25;184
20191206 164200;3150.25;3150.25;3149.25;3149.25;568
20191206 164300;3149.5;3149.75;3149.25;3149.5;210
20191206 164400;3149.5;3149.75;3149.25;3149.5;171
20191206 164500;3149.5;3149.75;3149.25;3149.75;46
20191206 164600;3149.75;3149.75;3149.5;3149.5;87
20191206 164700;3149.5;3150;3149.5;3149.75;71
20191206 164800;3149.5;3149.5;3149.25;3149.5;20
20191206 164900;3149.5;3149.5;3149;3149.5;378
20191206 165000;3149.75;3149.75;3149;3149;208
20191206 165100;3149;3149.5;3149;3149.25;126
20191206 165200;3149;3149.25;3148.75;3149.25;178
20191206 165300;3149;3149.25;3149;3149;34
20191206 165400;3149;3149.25;3148.75;3149;74
20191206 165500;3148.75;3149;3148.5;3148.75;93
20191206 165600;3149;3149;3149;3149;105
20191206 165700;3149;3149;3148.75;3149;15
20191206 165800;3148.75;3149;3148.5;3148.5;59
20191206 165900;3148.5;3149.25;3148.25;3149;294
20191206 170000;3149;3149.25;3148.5;3148.75;155
20191206 170100;3148.75;3149;3148.5;3149;133
20191206 170200;3148.75;3148.75;3148.5;3148.75;103
20191206 170300;3148.75;3149;3148.75;3148.75;57
20191206 170400;3148.75;3148.75;3148.75;3148.75;20
20191206 170500;3148.5;3148.5;3148;3148.5;501
20191206 170600;3148.5;3148.75;3148.5;3148.75;99
20191206 170700;3148.75;3149;3148.5;3148.5;193
20191206 170800;3148.5;3148.5;3148.25;3148.5;134
20191206 170900;3148.5;3148.5;3148;3148;192
20191206 171000;3148;3148.5;3148;3148.5;37
20191206 171100;3148.5;3148.75;3148.5;3148.5;156
20191206 171200;3148.25;3148.75;3148.25;3148.5;78
20191206 171300;3148.5;3148.75;3148.25;3148.5;135
20191206 171400;3148.5;3148.75;3148.5;3148.5;14
20191206 171500;3148.75;3149;3148.75;3148.75;57
20191206 171600;3148.75;3148.75;3148.5;3148.75;59
20191206 171700;3148.75;3149;3148.75;3149;5
20191206 171800;3149;3149.25;3148.75;3149.25;225
20191206 171900;3149;3149.25;3149;3149.25;186
20191206 172000;3149.25;3149.75;3149;3149.5;193
20191206 172100;3149.5;3149.5;3149.25;3149.5;106
20191206 172200;3149.25;3149.75;3149;3149.5;178
20191206 172300;3149.25;3149.25;3149;3149.25;133
20191206 172400;3149;3149;3148.75;3149;222
20191206 172500;3149;3149.5;3149;3149.25;94
20191206 172600;3149.25;3149.25;3149;3149;96
20191206 172700;3149;3149.5;3149;3149.25;205
20191206 172800;3149.25;3149.25;3149;3149.25;101
20191206 172900;3149.25;3149.5;3149.25;3149.5;54
20191206 173000;3149.5;3149.75;3149.25;3149.5;140
20191206 173100;3149.5;3149.5;3149;3149;92
20191206 173200;3149;3149.25;3149;3149;56
20191206 173300;3149;3149.25;3149;3149.25;51
20191206 173400;3149.25;3149.25;3149;3149.25;87
20191206 173500;3149.5;3149.5;3149;3149.25;172
20191206 173600;3149.25;3149.25;3149;3149;70
20191206 173700;3149.25;3149.75;3149;3149;160
20191206 173800;3149.25;3149.25;3149.25;3149.25;100
20191206 173900;3149.25;3149.5;3149.25;3149.5;126
20191206 174000;3149.25;3149.75;3149.25;3149.5;52
20191206 174100;3149.75;3149.75;3149.5;3149.75;156
20191206 174200;3149.75;3149.75;3149.5;3149.75;10
20191206 174300;3149.75;3150;3149.75;3150;133
20191206 174400;3150;3150;3149.75;3150;12
20191206 174500;3150;3150;3149.75;3150;5
20191206 174600;3150;3150;3149.75;3150;117
20191206 174700;3149.75;3150;3149.75;3149.75;14
20191206 174800;3149.75;3150;3149.75;3150;15
20191206 174900;3149.75;3150;3149.75;3149.75;20
20191206 175000;3150;3150.25;3150;3150;195
20191206 175100;3150.25;3150.5;3150;3150.5;328
20191206 175200;3150.25;3150.5;3150;3150;119
20191206 175300;3150;3150;3149.5;3149.5;183
20191206 175400;3149.5;3150.25;3149.5;3150.25;210
20191206 175500;3150.5;3150.75;3150.25;3150.5;191
20191206 175600;3150.75;3150.75;3150.25;3150.25;105
20191206 175700;3150.25;3150.5;3150.25;3150.25;109
20191206 175800;3150.25;3150.25;3149.25;3149.5;359
20191206 175900;3149.5;3149.75;3149.5;3149.75;85
20191206 180000;3149.75;3150;3149.75;3149.75;8
20191206 180100;3149.75;3150;3149.75;3149.75;38
20191206 180200;3149.75;3150;3149.75;3150;107
20191206 180300;3150;3150.25;3149.75;3150;84
20191206 180400;3150.25;3150.25;3150;3150.25;40
20191206 180500;3150.25;3150.25;3150;3150;9
20191206 180600;3150.25;3150.25;3150;3150;61
20191206 180700;3150.25;3150.25;3149.75;3150;109
20191206 180800;3149.75;3149.75;3149.75;3149.75;7
20191206 180900;3150;3150;3149;3149.25;128
20191206 181000;3149.25;3149.5;3149.25;3149.5;55
20191206 181100;3149.5;3149.75;3149.5;3149.5;110
20191206 181200;3149.75;3150;3149.5;3149.75;156
20191206 181300;3149.75;3150.25;3149.75;3150.25;154
20191206 181400;3150.25;3150.25;3150;3150.25;303
20191206 181500;3150.25;3150.5;3150.25;3150.5;146
20191206 181600;3150.5;3150.5;3150.25;3150.5;21
20191206 181700;3150.25;3150.25;3150;3150.25;104
20191206 181800;3150.5;3150.75;3150.5;3150.5;92
20191206 181900;3150.75;3151.25;3150.5;3150.75;370
20191206 182000;3150.75;3150.75;3150.5;3150.5;62
20191206 182100;3150.5;3150.75;3150.5;3150.75;71
20191206 182200;3150.5;3150.75;3150.5;3150.5;37
20191206 182300;3150.75;3150.75;3150.5;3150.75;10
20191206 182400;3150.5;3151;3150.5;3150.5;50
20191206 182500;3150.5;3150.5;3150;3150.25;168
20191206 182600;3150.25;3150.25;3150;3150;162
20191206 182700;3150;3150.25;3149.75;3150;163
20191206 182800;3150;3150;3150;3150;33
20191206 182900;3150.25;3150.25;3149.75;3150;68
20191206 183000;3150;3150;3149.75;3149.75;40
20191206 183100;3149.75;3150;3149.75;3150;42
20191206 183200;3149.75;3150;3149.5;3150;148
20191206 183300;3149.75;3150;3149.75;3150;13
20191206 183400;3149.75;3150;3149.75;3149.75;35
20191206 183500;3149.75;3149.75;3149.5;3149.75;121
20191206 183600;3149.5;3149.75;3149.5;3149.75;100
20191206 183700;3149.5;3149.75;3149.25;3149.5;161
20191206 183800;3149.5;3150;3149.5;3149.75;129
20191206 183900;3149.75;3150.25;3149.75;3150.25;73
20191206 184000;3150.25;3150.5;3150;3150.5;333
20191206 184100;3150.5;3150.5;3150.25;3150.25;54
20191206 184200;3150;3150.25;3150;3150;11
20191206 184300;3150.25;3150.25;3150.25;3150.25;58
20191206 184400;3150;3150;3150;3150;16
20191206 184500;3149.75;3150;3149.75;3150;115
20191206 184600;3150;3150.25;3149.75;3149.75;88
20191206 184700;3149.75;3149.75;3149.5;3149.5;121
20191206 184800;3149.5;3149.75;3149.25;3149.5;121
20191206 184900;3149.5;3149.75;3149.25;3149.5;99
20191206 185000;3149.5;3149.5;3149.25;3149.25;12
20191206 185100;3149.25;3149.25;3148.75;3149;356
20191206 185200;3149;3149.5;3148.75;3149;264
20191206 185300;3149;3149.25;3148.75;3149;67
20191206 185400;3149;3149;3148.75;3149;82
20191206 185500;3149;3149.25;3149;3149.25;14
20191206 185600;3149.25;3149.5;3149;3149;150
20191206 185700;3149;3149.25;3148.75;3149;216
20191206 185800;3149.25;3149.25;3149;3149;19
20191206 185900;3149;3149;3149;3149;40
20191206 190000;3149;3149;3148.5;3148.5;146
20191206 190100;3148.5;3148.75;3148.5;3148.5;195
20191206 190200;3148.75;3149;3148.75;3149;73
20191206 190300;3149;3149;3149;3149;115
20191206 190400;3149;3149;3149;3149;66
20191206 190500;3149.25;3149.5;3149.25;3149.5;91
20191206 190600;3149.25;3149.5;3149.25;3149.25;49
20191206 190700;3149.25;3149.25;3148.75;3148.75;122
20191206 190800;3148.75;3148.75;3148.5;3148.75;85
20191206 190900;3148.75;3149;3148.5;3148.75;131
20191206 191000;3148.75;3148.75;3148.75;3148.75;76
20191206 191100;3148.75;3149;3148.75;3148.75;141
20191206 191200;3148.5;3148.75;3148.25;3148.25;155
20191206 191300;3148;3148.25;3147.75;3147.75;372
20191206 191400;3147.75;3148;3147.75;3147.75;73
20191206 191500;3148;3148.25;3147.75;3148.25;219
20191206 191600;3148;3148.25;3147.5;3147.75;161
20191206 191700;3147.75;3147.75;3147.25;3147.5;221
20191206 191800;3147.25;3147.5;3147.25;3147.5;27
20191206 191900;3147.5;3147.5;3147;3147.25;153
20191206 192000;3147.25;3147.5;3147;3147.25;64
20191206 192100;3147.25;3147.25;3147.25;3147.25;40
20191206 192200;3147.5;3148;3147.25;3148;146
20191206 192300;3147.75;3148.25;3147.75;3148.25;135
20191206 192400;3148.25;3148.25;3147.75;3148;41
20191206 192500;3148;3148.25;3148;3148.25;191
20191206 192600;3148.5;3148.75;3148.25;3148.5;268
20191206 192700;3148.5;3148.75;3148.5;3148.75;198
20191206 192800;3148.5;3148.75;3148.5;3148.5;16
20191206 192900;3148.75;3149;3148.5;3148.75;115
20191206 193000;3149;3149.25;3148.75;3149;103
20191206 193100;3149;3149;3148.5;3148.5;110
20191206 193200;3148.5;3148.75;3148.25;3148.25;41
20191206 193300;3148.25;3148.5;3148.25;3148.25;18
20191206 193400;3148.25;3148.25;3147.75;3148.25;160
20191206 193500;3148.25;3148.25;3148;3148.25;27
20191206 193600;3148;3148.25;3148;3148;26
20191206 193700;3147.75;3147.75;3147.5;3147.5;48
20191206 193800;3147.5;3148.25;3147.5;3148.25;93
20191206 193900;3148.25;3148.5;3148.25;3148.5;73
20191206 194000;3148.75;3148.75;3148.5;3148.5;64
20191206 194100;3148.5;3149;3148.5;3149;125
20191206 194200;3148.75;3148.75;3148.25;3148.25;83
20191206 194300;3148.5;3148.5;3148.25;3148.5;43
20191206 194400;3148.25;3148.5;3148.25;3148.5;99
20191206 194500;3148.5;3148.5;3148.25;3148.25;46
20191206 194600;3148.25;3148.5;3148;3148.25;67
20191206 194700;3148.25;3148.5;3148.25;3148.5;26
20191206 194800;3148.5;3148.5;3148.25;3148.25;210
20191206 194900;3148.25;3148.25;3148;3148.25;127
20191206 195000;3148.25;3148.25;3147.5;3147.5;79
20191206 195100;3147.75;3147.75;3147.25;3147.5;311
20191206 195200;3147.25;3147.5;3147.25;3147.5;62
20191206 195300;3147.25;3147.75;3147.25;3147.5;81
20191206 195400;3147.5;3147.5;3147.25;3147.25;189
20191206 195500;3147.25;3147.75;3147.25;3147.5;79
20191206 195600;3147.5;3147.5;3147;3147.25;102
20191206 195700;3147.5;3147.5;3147;3147.25;82
20191206 195800;3147.25;3147.75;3147.25;3147.75;94
20191206 195900;3147.75;3147.75;3147.5;3147.75;12
20191206 200000;3147.75;3147.75;3147.25;3147.5;120
20191206 200100;3147.5;3147.75;3147.25;3147.25;39
20191206 200200;3147.25;3147.5;3147;3147;166
20191206 200300;3147.25;3147.5;3147.25;3147.5;122
20191206 200400;3147.25;3147.5;3147;3147.5;60
20191206 200500;3147.25;3147.5;3147;3147.5;151
20191206 200600;3147.75;3147.75;3147.25;3147.25;85
20191206 200700;3147.25;3147.25;3146.5;3147;532
20191206 200800;3147;3147.5;3147;3147.5;73
20191206 200900;3147.25;3147.5;3147;3147.5;108
20191206 201000;3147.25;3147.5;3147.25;3147.5;71
20191206 201100;3147.25;3147.75;3147.25;3147.25;301
20191206 201200;3147.25;3147.25;3147;3147.25;78
20191206 201300;3147.25;3147.5;3147.25;3147.25;9
20191206 201400;3147.25;3147.25;3146.25;3146.5;340
20191206 201500;3146.5;3146.75;3146.5;3146.75;76
20191206 201600;3146.5;3147;3146.5;3146.75;108
20191206 201700;3146.75;3146.75;3146.25;3146.5;121
20191206 201800;3146.5;3146.5;3145.75;3146.25;364
20191206 201900;3146.25;3146.5;3146.25;3146.25;100
20191206 202000;3146.25;3146.75;3146.25;3146.5;173
20191206 202100;3146.5;3146.5;3146.25;3146.5;55
20191206 202200;3146.25;3146.25;3146;3146.25;162
20191206 202300;3146.25;3147.25;3146;3147.25;258
20191206 202400;3147;3147.25;3147;3147.25;115
20191206 202500;3147.25;3147.5;3147;3147.25;208
20191206 202600;3147.25;3147.5;3147.25;3147.5;192
20191206 202700;3147.5;3148;3147.25;3148;198
20191206 202800;3147.75;3148;3147.5;3147.5;193
20191206 202900;3147.5;3147.5;3147.25;3147.5;111
20191206 203000;3147.5;3147.75;3147.5;3147.5;24
20191206 203100;3147.25;3147.5;3147;3147.5;205
20191206 203200;3147.5;3148.25;3147.25;3148.25;375
20191206 203300;3148;3148.5;3147.75;3148.25;387
20191206 203400;3148.25;3148.75;3148;3148.5;290
20191206 203500;3148.5;3148.75;3148.5;3148.5;96
20191206 203600;3148.5;3148.75;3148.25;3148.25;32
20191206 203700;3148.25;3148.5;3148;3148;93
20191206 203800;3148;3148.25;3148;3148;130
20191206 203900;3148.25;3148.75;3148.25;3148.25;208
20191206 204000;3148.5;3149.25;3148.25;3149;748
20191206 204100;3149;3149.75;3148.75;3149.5;437
20191206 204200;3149.5;3150.25;3149.5;3149.75;811
20191206 204300;3149.75;3150;3149;3149.5;289
20191206 204400;3149.5;3149.75;3149.25;3149.5;153
20191206 204500;3149.5;3150;3149.5;3149.75;234
20191206 204600;3149.5;3149.75;3148.75;3149;210
20191206 204700;3148.75;3149.25;3148.75;3149;85
20191206 204800;3149;3149.25;3148.5;3148.5;445
20191206 204900;3148.75;3148.75;3147.5;3147.75;646
20191206 205000;3147.75;3147.75;3146.75;3147;602
20191206 205100;3147;3147.75;3146.5;3146.5;586
20191206 205200;3146.5;3147;3146;3146.25;491
20191206 205300;3146;3146.25;3144.75;3144.75;1280
20191206 205400;3144.75;3145.5;3144.5;3145.25;970
20191206 205500;3145.25;3146.25;3144.75;3145.25;832
20191206 205600;3145;3146;3144.5;3145.75;847
20191206 205700;3145.75;3145.75;3144.25;3144.5;616
20191206 205800;3144.5;3145.5;3144.5;3145.5;388
20191206 205900;3145.5;3146.5;3145.25;3146.25;765
20191206 210000;3146.25;3146.75;3145.25;3146;1776
20191206 210100;3146;3146.75;3145.5;3145.5;751
20191206 210200;3145.5;3146.25;3145;3145.5;528
20191206 210300;3145.5;3146.5;3145.5;3145.75;189
20191206 210400;3145.75;3146.25;3145.5;3146;266
20191206 210500;3145.75;3145.75;3145.5;3145.75;73
20191206 210600;3145.75;3145.75;3145;3145.5;320
20191206 210700;3145.5;3145.75;3145;3145.5;124
20191206 210800;3145.5;3145.5;3145.25;3145.25;63
20191206 210900;3145.5;3146.25;3145.25;3145.75;139
20191206 211000;3146;3146;3145.25;3145.25;133
20191206 211100;3145.5;3145.5;3145;3145.25;55
20191206 211200;3145.5;3145.75;3145.5;3145.75;64
20191206 211300;3146;3146;3145.5;3145.5;37
20191206 211400;3145.75;3145.75;3145.25;3145.75;40
20191206 211500;3145.5;3146.5;3145.5;3146.25;280
20191206 213100;3146.5;3146.5;3146;3146.25;114
20191206 213200;3146.25;3146.75;3146;3146.5;48
20191206 213300;3146.75;3146.75;3146.75;3146.75;9
20191206 213400;3146.75;3147;3146.5;3146.5;103
20191206 213500;3146.75;3147.25;3146.75;3147;106
20191206 213600;3147;3147;3147;3147;17
20191206 213700;3147;3147;3146.5;3146.5;70
20191206 213800;3146.5;3146.5;3146.5;3146.5;28
20191206 213900;3146.5;3146.75;3146.5;3146.75;6
20191206 214000;3146.75;3146.75;3146.75;3146.75;1
20191206 214100;3146.5;3146.75;3146.5;3146.5;18
20191206 214200;3146.25;3146.5;3146.25;3146.25;5
20191206 214300;3146.5;3146.5;3146.25;3146.25;12
20191206 214400;3146;3146.25;3146;3146;20
20191206 214500;3146;3146.25;3146;3146;41
20191206 214600;3146.25;3146.5;3146.25;3146.25;41
20191206 214700;3146.5;3146.5;3146.25;3146.5;36
20191206 214800;3146.25;3146.5;3146.25;3146.5;16
20191206 214900;3146.5;3146.5;3146.5;3146.5;26
20191206 215000;3146.5;3146.5;3146.5;3146.5;9
20191206 215100;3146.25;3146.5;3146.25;3146.5;15
20191206 215200;3146.5;3146.75;3146.5;3146.75;9
20191206 215300;3146.75;3146.75;3146.75;3146.75;2
20191206 215400;3146.5;3146.75;3146.5;3146.5;19
20191206 215500;3146.75;3146.75;3146.5;3146.5;42
20191206 215600;3146.5;3146.75;3146.25;3146.75;68
20191206 215700;3146.75;3146.75;3146.5;3146.75;11
20191206 215800;3146.5;3146.75;3146.5;3146.5;37
20191206 215900;3146.75;3146.75;3146.25;3146.25;51
20191206 220000;3146.25;3146.75;3146;3146.75;77
20191207 202800;3146.75;3146.75;3146.75;3146.75;1
20191208 230100;3146.5;3148.75;3146.5;3147.5;333
20191208 230200;3147.25;3147.5;3146.75;3146.75;224
20191208 230300;3146.75;3147.25;3146.75;3147.25;32
20191208 230400;3147;3147.25;3146.75;3147;36
20191208 230500;3147;3147;3147;3147;31
20191208 230600;3147;3147;3147;3147;18
20191208 230700;3146.75;3146.75;3146.75;3146.75;6
20191208 230800;3146.75;3146.75;3146.75;3146.75;17
20191208 230900;3146.75;3147;3146.5;3147;46
20191208 231000;3146.75;3146.75;3146.75;3146.75;1
20191208 231100;3146.75;3147.25;3146.5;3147.25;11
20191208 231200;3147.25;3147.5;3147.25;3147.5;42
20191208 231300;3147.5;3147.5;3147.5;3147.5;29
20191208 231400;3147.25;3147.75;3147.25;3147.75;19
20191208 231500;3147.75;3148;3147.5;3147.75;36
20191208 231600;3147.75;3148;3147.75;3148;21
20191208 231700;3148;3148;3147.75;3147.75;24
20191208 231800;3147.75;3147.75;3147.75;3147.75;1
20191208 231900;3147.5;3147.5;3147.25;3147.25;53
20191208 232000;3147.5;3147.5;3147.25;3147.5;32
20191208 232100;3147.75;3147.75;3147.75;3147.75;5
20191208 232200;3147.75;3147.75;3147.5;3147.5;6
20191208 232300;3147.25;3147.5;3147.25;3147.5;11
20191208 232400;3147.25;3147.25;3147.25;3147.25;16
20191208 232500;3147.25;3147.5;3147;3147.5;12
20191208 232600;3147.25;3147.5;3147.25;3147.25;10
20191208 232700;3147.25;3147.25;3147.25;3147.25;1
20191208 232800;3147.25;3147.25;3147.25;3147.25;3
20191208 232900;3147.25;3147.25;3147.25;3147.25;6
20191208 233000;3147.25;3147.5;3147;3147.25;21
20191208 233100;3147.25;3147.5;3147.25;3147.25;28
20191208 233200;3147;3147;3146.75;3147;50
20191208 233300;3147;3147;3147;3147;21
20191208 233400;3147;3147;3147;3147;7
20191208 233500;3146.75;3147;3146.75;3147;37
20191208 233600;3147.25;3147.25;3147.25;3147.25;7
20191208 233700;3147.25;3147.25;3147.25;3147.25;29
20191208 233800;3147.25;3147.25;3147;3147;2
20191208 233900;3147;3147;3147;3147;10
20191208 234100;3147;3147;3147;3147;10
20191208 234200;3147;3147;3147;3147;1
20191208 234300;3146.75;3147;3146.75;3146.75;6
20191208 234400;3147;3147;3146.75;3147;14
20191208 234500;3146.75;3147;3146.5;3146.5;29
20191208 234600;3146.75;3147;3146.5;3147;33
20191208 234700;3147;3147.25;3147;3147;13
20191208 234800;3146.75;3147;3146.75;3146.75;14
20191208 234900;3147;3147;3146.75;3147;11
20191208 235000;3147;3147;3146.5;3146.75;27
20191208 235100;3146.75;3147;3146.75;3147;22
20191208 235200;3146.75;3146.75;3146.75;3146.75;10
20191208 235300;3147;3147;3146.75;3146.75;19
20191208 235400;3147;3147;3147;3147;1
20191208 235500;3146.75;3146.75;3146.5;3146.5;69
20191208 235600;3146.5;3146.5;3146.5;3146.5;28
20191208 235700;3146.5;3146.5;3146.5;3146.5;1
20191208 235800;3146.5;3146.5;3146;3146;81
20191208 235900;3146;3146.25;3146;3146;11
20191209 000000;3146;3146;3146;3146;7
20191209 000100;3146;3146;3145;3145.25;304
20191209 000200;3145.25;3145.25;3144.25;3144.25;143
20191209 000300;3144.25;3144.5;3143.75;3144;178
20191209 000400;3144;3144.75;3143.75;3144.75;253
20191209 000500;3144.75;3144.75;3144.25;3144.25;90
20191209 000600;3144.25;3144.25;3143.5;3143.5;75
20191209 000700;3143.5;3143.5;3142.25;3143;210
20191209 000800;3143;3143;3141.5;3141.75;275
20191209 000900;3142;3142;3140.75;3141.5;399
20191209 001000;3141.5;3142;3141.25;3141.75;159
20191209 001100;3141.5;3142;3141.25;3141.5;70
20191209 001200;3141.5;3142;3141.25;3142;76
20191209 001300;3142.25;3143;3142;3143;150
20191209 001400;3142.75;3143.25;3142.75;3142.75;91
20191209 001500;3142.75;3142.75;3142;3142.25;41
20191209 001600;3142.25;3142.25;3142;3142.25;54
20191209 001700;3142.5;3142.5;3141.5;3141.75;77
20191209 001800;3141.75;3141.75;3141.25;3141.75;91
20191209 001900;3141.75;3141.75;3141.5;3141.5;48
20191209 002000;3141.25;3141.25;3140.75;3140.75;80
20191209 002100;3141.25;3141.75;3141.25;3141.5;77
20191209 002200;3141.75;3141.75;3141.25;3141.25;36
20191209 002300;3141.5;3141.75;3141.5;3141.75;19
20191209 002400;3141.75;3142;3141.5;3141.5;38
20191209 002500;3141.5;3141.5;3140.75;3141;75
20191209 002600;3141;3141.25;3141;3141.25;12
20191209 002700;3141.25;3142;3141.25;3141.75;72
20191209 002800;3141.75;3141.75;3141;3141;48
20191209 002900;3141.5;3141.5;3141;3141.25;80
20191209 003000;3141.25;3141.5;3141.25;3141.25;49
20191209 003100;3141.5;3141.75;3141.25;3141.25;72
20191209 003200;3141.25;3141.25;3141.25;3141.25;47
20191209 003300;3141.25;3141.5;3141.25;3141.25;22
20191209 003400;3141;3141.5;3141;3141.5;18
20191209 003500;3141.5;3141.75;3141.5;3141.5;38
20191209 003600;3141.75;3141.75;3141.75;3141.75;4
20191209 003700;3141.5;3141.75;3141.25;3141.75;36
20191209 003800;3141.5;3141.5;3141.25;3141.25;30
20191209 003900;3141.25;3141.25;3141;3141.25;41
20191209 004000;3141.25;3141.25;3141;3141;30
20191209 004100;3141.25;3141.5;3141.25;3141.25;39
20191209 004200;3141.5;3141.5;3141.25;3141.5;32
20191209 004300;3141.25;3141.75;3141.25;3141.75;33
20191209 004400;3141.5;3141.75;3141.5;3141.75;24
20191209 004500;3141.5;3142.25;3141.5;3142.25;86
20191209 004600;3142.25;3142.5;3142.25;3142.25;57
20191209 004700;3142;3142;3142;3142;37
20191209 004800;3142;3142.25;3141.75;3141.75;25
20191209 004900;3141.75;3142;3141.75;3142;3
20191209 005000;3142;3142;3141.75;3141.75;22
20191209 005100;3141.75;3141.75;3141.5;3141.5;6
20191209 005200;3141.5;3141.75;3141.5;3141.75;17
20191209 005300;3141.75;3141.75;3141.5;3141.75;14
20191209 005400;3141.5;3141.5;3140.5;3140.75;185
20191209 005500;3140.5;3140.75;3140.25;3140.75;114
20191209 005600;3141;3141;3140.25;3140.25;57
20191209 005700;3140.25;3140.5;3140;3140.5;95
20191209 005800;3140.5;3141;3140.25;3141;21
20191209 005900;3141.25;3141.25;3140.75;3141;48
20191209 010000;3141;3141.25;3141;3141;21
20191209 010100;3141.25;3141.5;3140.5;3141.25;52
20191209 010200;3141.25;3141.75;3141.25;3141.25;63
20191209 010300;3141.25;3141.5;3141;3141.25;18
20191209 010400;3141.5;3141.5;3141;3141;16
20191209 010600;3141.25;3141.5;3141;3141;35
20191209 010700;3141;3141;3140.25;3140.25;56
20191209 010800;3140.5;3140.5;3140.25;3140.25;9
20191209 010900;3140.25;3140.25;3139.75;3140.25;109
20191209 011000;3140.5;3140.5;3140.5;3140.5;24
20191209 011100;3140.5;3140.75;3140.25;3140.5;26
20191209 011200;3140.5;3140.75;3140.25;3140.25;27
20191209 011300;3140.5;3140.5;3140.5;3140.5;11
20191209 011400;3140.5;3140.5;3140.25;3140.25;10
20191209 011500;3140.5;3140.5;3140.25;3140.25;51
20191209 011600;3140.25;3140.25;3139.75;3140.25;141
20191209 011700;3140.5;3141;3140.25;3140.5;81
20191209 011800;3140.5;3140.75;3140.5;3140.75;48
20191209 011900;3140.75;3142.25;3140.75;3142.25;150
20191209 012000;3141.75;3142;3141.5;3141.75;74
20191209 012100;3141.5;3141.5;3141;3141;86
20191209 012200;3141.25;3141.75;3141;3141.5;41
20191209 012300;3141.5;3141.5;3141.25;3141.5;29
20191209 012400;3141.5;3141.75;3141.25;3141.25;31
20191209 012500;3141.25;3141.5;3141.25;3141.5;59
20191209 012600;3141.5;3141.75;3141.5;3141.5;35
20191209 012700;3141.5;3141.75;3141.5;3141.75;3
20191209 012800;3141.75;3141.75;3141;3141;91
20191209 012900;3141.25;3141.25;3140.75;3141;58
20191209 013000;3141.25;3141.25;3141.25;3141.25;13
20191209 013100;3141;3142.25;3141;3141.5;125
20191209 013200;3141.5;3141.5;3141;3141;30
20191209 013300;3141;3142.25;3141;3141.5;88
20191209 013400;3141.5;3142.5;3141.25;3142.25;91
20191209 013500;3142.25;3142.25;3141.75;3141.75;75
20191209 013600;3141.75;3142.25;3141.25;3141.25;124
20191209 013700;3141.25;3141.75;3141.25;3141.25;50
20191209 013800;3141.25;3141.5;3141.25;3141.5;26
20191209 013900;3141.5;3141.5;3141;3141.25;43
20191209 014000;3141;3141.25;3141;3141;46
20191209 014100;3141;3141;3140.5;3140.75;95
20191209 014200;3140.75;3140.75;3140.25;3140.25;81
20191209 014300;3140.5;3140.5;3140;3140.25;80
20191209 014400;3140.25;3140.5;3140;3140.5;36
20191209 014500;3140.5;3141;3140.5;3141;83
20191209 014600;3141;3141;3140.5;3140.75;45
20191209 014700;3140.5;3140.5;3140.25;3140.25;25
20191209 014800;3140.25;3140.5;3140.25;3140.5;4
20191209 014900;3140.25;3140.5;3140;3140.5;29
20191209 015000;3140.5;3140.5;3140.25;3140.5;4
20191209 015100;3140.75;3140.75;3140.25;3140.5;29
20191209 015200;3140.25;3140.25;3140.25;3140.25;40
20191209 015300;3140;3140;3140;3140;70
20191209 015400;3140;3140.5;3140;3140.5;48
20191209 015500;3140.25;3140.25;3140.25;3140.25;5
20191209 015600;3140.5;3140.5;3140.25;3140.25;10
20191209 015700;3140;3140.25;3140;3140.25;34
20191209 015800;3140.25;3140.25;3140.25;3140.25;14
20191209 015900;3140.5;3140.5;3140.5;3140.5;25
20191209 020000;3140.25;3140.25;3140.25;3140.25;19
20191209 020100;3140.25;3140.75;3140.25;3140.5;18
20191209 020200;3140.75;3141.5;3140.75;3141.25;140
20191209 020300;3141.25;3141.25;3141.25;3141.25;4
20191209 020400;3141;3141.25;3141;3141.25;22
20191209 020500;3141.25;3141.25;3140.75;3140.75;29
20191209 020600;3140.75;3141;3140.75;3141;45
20191209 020700;3141;3141;3141;3141;1
20191209 020800;3140.75;3140.75;3140.75;3140.75;46
20191209 020900;3140.5;3140.75;3140.5;3140.75;15
20191209 021000;3141;3141;3141;3141;19
20191209 021100;3140.75;3140.75;3140.75;3140.75;33
20191209 021200;3140.75;3141;3140.75;3141;5
20191209 021400;3141;3141.25;3141;3141.25;21
20191209 021500;3141.25;3141.5;3141.25;3141.5;21
20191209 021600;3141.25;3141.5;3141.25;3141.5;3
20191209 021700;3141.25;3141.25;3141.25;3141.25;41
20191209 021800;3141;3141.25;3141;3141.25;33
20191209 021900;3141;3141.5;3141;3141.5;31
20191209 022000;3141.75;3141.75;3141.5;3141.75;32
20191209 022100;3141.5;3141.5;3141.25;3141.25;97
20191209 022200;3141.25;3141.25;3141.25;3141.25;14
20191209 022300;3141.25;3141.75;3141.25;3141.75;4
20191209 022400;3141.5;3141.5;3141.5;3141.5;12
20191209 022500;3141.5;3141.5;3141.25;3141.5;35
20191209 022600;3141.5;3141.75;3141.5;3141.75;45
20191209 022700;3141.75;3141.75;3141.75;3141.75;22
20191209 022800;3141.75;3141.75;3141.5;3141.75;14
20191209 022900;3141.75;3142;3141.75;3141.75;32
20191209 023000;3141.75;3141.75;3141.5;3141.75;6
20191209 023100;3141.75;3142;3141.75;3142;2
20191209 023200;3142;3142.25;3142;3142;45
20191209 023300;3142;3142.25;3142;3142.25;37
20191209 023400;3142.5;3142.75;3142.25;3142.5;89
20191209 023500;3142.5;3143;3142.5;3143;59
20191209 023600;3143;3143;3142.25;3142.5;83
20191209 023700;3142.5;3142.75;3142.25;3142.5;27
20191209 023800;3142.5;3142.5;3142.25;3142.25;31
20191209 023900;3142.25;3143;3142.25;3143;30
20191209 024000;3143;3143;3142.75;3142.75;37
20191209 024100;3142.75;3143;3142.75;3142.75;38
20191209 024200;3143;3143;3142.75;3143;49
20191209 024300;3143.25;3143.25;3143;3143;36
20191209 024400;3142.75;3143;3142.75;3143;27
20191209 024500;3143;3143;3142.75;3142.75;38
20191209 024600;3142.75;3143;3142.75;3143;6
20191209 024700;3142.75;3142.75;3142.75;3142.75;1
20191209 024800;3143;3143;3143;3143;3
20191209 024900;3143;3143;3143;3143;27
20191209 025000;3143.25;3143.5;3143;3143;71
20191209 025100;3143;3143.25;3143;3143;91
20191209 025200;3143;3143.25;3143;3143;53
20191209 025300;3143;3143;3143;3143;10
20191209 025400;3143;3143.25;3143;3143.25;33
20191209 025500;3143.25;3143.25;3143;3143;74
20191209 025600;3143.25;3143.25;3143;3143;52
20191209 025700;3143.25;3143.25;3143.25;3143.25;18
20191209 025800;3143;3143.25;3142.75;3142.75;71
20191209 025900;3142.75;3143;3142.75;3142.75;30
20191209 030000;3142.75;3142.75;3142.25;3142.25;39
20191209 030100;3142.25;3142.5;3142.25;3142.25;62
20191209 030200;3142.25;3142.25;3142.25;3142.25;4
20191209 030300;3142.25;3142.5;3142.25;3142.25;19
20191209 030400;3142.25;3142.25;3142.25;3142.25;2
20191209 030500;3142.25;3142.25;3142.25;3142.25;13
20191209 030600;3142.25;3142.25;3142.25;3142.25;23
20191209 030700;3142.25;3142.25;3142;3142;15
20191209 030800;3142;3142;3141.75;3141.75;29
20191209 030900;3141.75;3142;3141.5;3141.5;48
20191209 031000;3141.5;3141.75;3141.5;3141.5;13
20191209 031100;3141.5;3141.75;3141.5;3141.5;4
20191209 031200;3141.75;3141.75;3141.75;3141.75;2
20191209 031300;3141.75;3141.75;3141.75;3141.75;3
20191209 031400;3141.75;3141.75;3141.75;3141.75;8
20191209 031500;3142;3142;3141.5;3141.5;19
20191209 031600;3141.75;3141.75;3141.75;3141.75;7
20191209 031700;3142;3142;3142;3142;6
20191209 031800;3142;3142.25;3142;3142.25;19
20191209 031900;3142.25;3142.25;3142.25;3142.25;2
20191209 032000;3142.25;3142.25;3142;3142;24
20191209 032100;3142;3142;3142;3142;19
20191209 032200;3142;3142;3142;3142;17
20191209 032300;3141.75;3142;3141.75;3142;10
20191209 032400;3142;3142;3142;3142;1
20191209 032500;3141.75;3141.75;3141.75;3141.75;26
20191209 032600;3141.75;3142;3141.75;3141.75;25
20191209 032700;3141.75;3141.75;3141.75;3141.75;1
20191209 032800;3141.5;3141.5;3141.5;3141.5;1
20191209 032900;3141.5;3141.75;3141.5;3141.75;19
20191209 033000;3141.5;3141.5;3141.5;3141.5;9
20191209 033100;3141.75;3141.75;3141.75;3141.75;48
20191209 033200;3141.75;3141.75;3141.75;3141.75;3
20191209 033300;3141.5;3141.5;3141.5;3141.5;6
20191209 033400;3141.5;3141.5;3141.25;3141.5;12
20191209 033500;3141.5;3141.5;3141.5;3141.5;4
20191209 033600;3141.5;3141.5;3141.5;3141.5;12
20191209 033700;3141.5;3141.5;3141.5;3141.5;6
20191209 033800;3141.25;3141.25;3141.25;3141.25;1
20191209 033900;3141.5;3141.5;3141.25;3141.25;11
20191209 034000;3141.25;3141.5;3141.25;3141.5;5
20191209 034100;3141.25;3141.25;3140.75;3141;115
20191209 034200;3140.75;3141;3140.75;3140.75;24
20191209 034300;3140.75;3141;3140.75;3141;13
20191209 034400;3140.75;3140.75;3140.75;3140.75;24
20191209 034500;3140.75;3141;3140.75;3141;4
20191209 034600;3140.75;3141;3140.75;3140.75;19
20191209 034700;3140.75;3140.75;3140.5;3140.75;88
20191209 034800;3140.75;3141;3140.75;3141;25
20191209 034900;3140.75;3141;3140.75;3141;29
20191209 035000;3141;3141.25;3141;3141.25;31
20191209 035100;3141.25;3141.5;3141.25;3141.5;59
20191209 035200;3141.5;3141.5;3141.25;3141.5;39
20191209 035300;3141.25;3141.25;3141.25;3141.25;9
20191209 035500;3141.5;3141.5;3141.25;3141.25;6
20191209 035600;3141.25;3141.25;3141.25;3141.25;4
20191209 035700;3141.25;3141.25;3141.25;3141.25;11
20191209 035800;3141.25;3141.25;3141.25;3141.25;3
20191209 035900;3141.25;3141.25;3141.25;3141.25;28
20191209 040000;3141.25;3141.5;3141.25;3141.5;15
20191209 040100;3141.5;3141.5;3141.25;3141.25;5
20191209 040200;3141.25;3141.25;3141.25;3141.25;1
20191209 040300;3141.5;3141.5;3141.25;3141.25;6
20191209 040400;3141.25;3141.25;3141;3141;15
20191209 040700;3141;3141;3141;3141;4
20191209 040800;3141;3141.5;3141;3141.5;21
20191209 040900;3141.25;3141.25;3141.25;3141.25;4
20191209 041000;3141.25;3141.25;3141.25;3141.25;9
20191209 041100;3141;3141;3141;3141;1
20191209 041200;3141;3141;3141;3141;1
20191209 041300;3141;3141;3141;3141;43
20191209 041500;3140.75;3140.75;3140.75;3140.75;6
20191209 041600;3140.75;3141;3140.75;3141;5
20191209 041700;3141;3141;3140.75;3140.75;26
20191209 041800;3140.75;3140.75;3140.75;3140.75;2
20191209 041900;3140.75;3141;3140.75;3141;7
20191209 042000;3140.75;3141;3140.75;3141;3
20191209 042200;3141;3141;3140.75;3140.75;8
20191209 042300;3141;3141;3141;3141;14
20191209 042400;3141;3141;3140.75;3140.75;6
20191209 042500;3140.75;3141;3140.75;3140.75;8
20191209 042600;3141;3141;3141;3141;18
20191209 042700;3141;3141.5;3141;3141.25;16
20191209 042800;3141.25;3141.25;3141.25;3141.25;7
20191209 042900;3141.25;3141.5;3141.25;3141.25;20
20191209 043000;3141.25;3141.5;3141.25;3141.5;13
20191209 043100;3141.5;3141.5;3141.5;3141.5;3
20191209 043200;3141.5;3141.75;3141.25;3141.75;67
20191209 043300;3141.75;3142;3141.5;3141.75;21
20191209 043400;3141.5;3141.75;3141.5;3141.5;6
20191209 043600;3141.5;3141.5;3141.5;3141.5;10
20191209 043700;3141.5;3141.5;3141.25;3141.25;5
20191209 043800;3141.5;3141.5;3141.5;3141.5;21
20191209 044100;3141.5;3141.5;3141.5;3141.5;18
20191209 044200;3141.5;3141.5;3141.5;3141.5;8
20191209 044600;3141.5;3141.75;3141.5;3141.75;6
20191209 044700;3141.5;3141.75;3141.5;3141.5;28
20191209 044800;3141.5;3141.5;3141.5;3141.5;6
20191209 044900;3141.5;3141.75;3141.5;3141.75;31
20191209 045000;3141.5;3141.75;3141.5;3141.75;6
20191209 045100;3141.5;3141.5;3141.5;3141.5;12
20191209 045200;3141.5;3141.5;3141.5;3141.5;11
20191209 045400;3141.25;3141.25;3141.25;3141.25;7
20191209 045500;3141.5;3141.5;3141.5;3141.5;5
20191209 045700;3141.5;3141.5;3141.5;3141.5;10
20191209 045800;3141.5;3141.5;3141.5;3141.5;1
20191209 045900;3141.25;3141.25;3141.25;3141.25;3
20191209 050000;3141.25;3141.25;3141.25;3141.25;12
20191209 050100;3141.25;3141.25;3141;3141.25;14
20191209 050200;3141.25;3141.25;3141.25;3141.25;11
20191209 050300;3141.25;3141.25;3141.25;3141.25;5
20191209 050500;3141.25;3141.25;3141.25;3141.25;4
20191209 050600;3141;3141.5;3141;3141.25;99
20191209 050700;3141.25;3141.25;3141;3141;49
20191209 050800;3141.25;3141.25;3141.25;3141.25;3
20191209 050900;3141.5;3141.5;3141.5;3141.5;2
20191209 051000;3141.5;3141.5;3141.25;3141.25;14
20191209 051100;3141;3141;3141;3141;8
20191209 051200;3141;3141;3141;3141;12
20191209 051300;3141;3141;3141;3141;3
20191209 051400;3141.25;3141.25;3141.25;3141.25;1
20191209 051500;3141;3141;3141;3141;5
20191209 051700;3141;3141.25;3141;3141;3
20191209 051800;3141;3141;3141;3141;2
20191209 052000;3141;3141;3140.5;3140.5;28
20191209 052100;3140.25;3140.25;3140.25;3140.25;18
20191209 052200;3140.25;3140.25;3140.25;3140.25;53
20191209 052300;3140.25;3140.5;3140.25;3140.5;23
20191209 052400;3140.5;3140.75;3140.5;3140.75;9
20191209 052500;3140.75;3140.75;3140.75;3140.75;10
20191209 052600;3141;3141;3140.75;3140.75;14
20191209 052700;3141;3141;3140.75;3141;32
20191209 052800;3141;3141;3140.75;3140.75;13
20191209 052900;3140.75;3140.75;3140.75;3140.75;7
20191209 053000;3141;3141;3140.75;3140.75;30
20191209 053100;3140.75;3141.25;3140.75;3141.25;48
20191209 053200;3141;3141.25;3141;3141.25;45
20191209 053300;3141;3141.5;3141;3141.25;23
20191209 053500;3141.25;3141.25;3141.25;3141.25;17
20191209 053600;3141.5;3141.5;3141;3141.25;19
20191209 053700;3141.25;3141.25;3141.25;3141.25;13
20191209 053800;3141;3141;3141;3141;17
20191209 053900;3141;3141;3141;3141;25
20191209 054000;3141;3141;3141;3141;5
20191209 054100;3140.75;3141;3140.75;3141;14
20191209 054200;3140.75;3140.75;3140.75;3140.75;3
20191209 054300;3141;3141;3141;3141;5
20191209 054500;3140.75;3141;3140.75;3141;16
20191209 054700;3140.75;3141;3140.75;3140.75;4
20191209 054800;3140.75;3141;3140.75;3141;5
20191209 054900;3141;3141;3141;3141;2
20191209 055100;3141;3141;3141;3141;18
20191209 055200;3141.25;3141.25;3141.25;3141.25;1
20191209 055300;3141.25;3141.25;3141.25;3141.25;1
20191209 055400;3141.25;3141.25;3141.25;3141.25;17
20191209 055500;3141.5;3141.5;3141.25;3141.25;29
20191209 055600;3141.25;3141.25;3141;3141;4
20191209 055700;3141.25;3141.25;3141.25;3141.25;40
20191209 055800;3141.25;3141.25;3141.25;3141.25;9
20191209 055900;3141.25;3141.25;3141.25;3141.25;2
20191209 060000;3141.25;3141.25;3141;3141.25;28
20191209 060100;3141.25;3142.25;3141.25;3142;96
20191209 060200;3142.25;3142.25;3141.75;3141.75;54
20191209 060300;3141.75;3141.75;3141.75;3141.75;13
20191209 060400;3141.5;3141.75;3141.25;3141.25;49
20191209 060500;3141.25;3141.5;3141.25;3141.5;10
20191209 060600;3141.5;3141.5;3141.25;3141.25;28
20191209 060700;3141.25;3141.25;3141.25;3141.25;29
20191209 060800;3141.25;3141.25;3141;3141;22
20191209 060900;3141;3141;3141;3141;14
20191209 061000;3141;3141;3141;3141;29
20191209 061100;3141;3141.25;3141;3141;35
20191209 061200;3140.75;3140.75;3140.75;3140.75;9
20191209 061300;3140.75;3140.75;3140.75;3140.75;1
20191209 061400;3140.75;3140.75;3140.75;3140.75;7
20191209 061500;3140.75;3141;3140.75;3141;7
20191209 061600;3141.25;3141.25;3141;3141;19
20191209 061700;3141;3141;3141;3141;1
20191209 061800;3141.25;3141.5;3141.25;3141.5;17
20191209 061900;3141.75;3142;3141.75;3142;23
20191209 062000;3141.75;3141.75;3141.75;3141.75;23
20191209 062100;3141.75;3141.75;3141.75;3141.75;4
20191209 062200;3141.5;3141.5;3141.5;3141.5;8
20191209 062300;3141.75;3141.75;3141.75;3141.75;32
20191209 062400;3141.75;3142;3141.75;3142;64
20191209 062500;3142.25;3142.25;3142;3142;6
20191209 062600;3142;3142;3142;3142;34
20191209 062700;3142;3142.25;3142;3142.25;37
20191209 062800;3142.25;3142.25;3142;3142.25;6
20191209 062900;3142.25;3142.5;3142;3142.25;25
20191209 063000;3142.25;3142.25;3142.25;3142.25;1
20191209 063100;3142.5;3142.5;3142.5;3142.5;18
20191209 063200;3142.5;3142.5;3142.25;3142.25;17
20191209 063300;3142.25;3142.25;3142.25;3142.25;4
20191209 063400;3142;3142.25;3142;3142.25;21
20191209 063500;3142;3142.25;3142;3142;41
20191209 063600;3141.75;3141.75;3141.75;3141.75;2
20191209 063700;3141.75;3141.75;3141.75;3141.75;1
20191209 063800;3142;3142;3142;3142;3
20191209 063900;3141.75;3142;3141.75;3142;6
20191209 064100;3141.75;3141.75;3141.75;3141.75;6
20191209 064200;3141.75;3142;3141.75;3141.75;30
20191209 064300;3141.75;3141.75;3141.75;3141.75;30
20191209 064400;3141.75;3141.75;3141.75;3141.75;5
20191209 064500;3141.5;3141.75;3141.5;3141.75;10
20191209 064600;3142;3142;3141.75;3141.75;38
20191209 064700;3141.75;3142;3141.75;3142;9
20191209 064800;3141.75;3142;3141.75;3142;15
20191209 064900;3142;3142;3141.75;3142;11
20191209 065000;3142;3142.5;3142;3142.5;14
20191209 065100;3142.5;3142.5;3142.25;3142.5;40
20191209 065200;3142.75;3142.75;3142.5;3142.5;18
20191209 065300;3142.75;3144.25;3142.75;3144;264
20191209 065400;3143.75;3143.75;3143.5;3143.5;76
20191209 065500;3143.5;3143.75;3143.5;3143.5;43
20191209 065600;3143.5;3143.75;3143.5;3143.5;21
20191209 065800;3143.5;3143.5;3143.5;3143.5;2
20191209 065900;3143.5;3143.5;3143.5;3143.5;20
20191209 070000;3143.75;3143.75;3143.75;3143.75;37
20191209 070100;3143.75;3144;3143.5;3143.5;48
20191209 070200;3143.5;3143.75;3143.5;3143.75;45
20191209 070300;3144;3144.25;3143.75;3144.25;35
20191209 070400;3144;3144;3143.75;3143.75;25
20191209 070500;3144;3144;3143.75;3143.75;42
20191209 070600;3143.75;3143.75;3143.5;3143.5;7
20191209 070700;3143.5;3143.5;3143.5;3143.5;18
20191209 070800;3143.5;3143.5;3143.25;3143.25;21
20191209 070900;3143.25;3143.5;3143.25;3143.5;16
20191209 071000;3143.5;3143.75;3143.5;3143.75;39
20191209 071100;3143.75;3143.75;3143.5;3143.75;46
20191209 071200;3143.5;3143.75;3143.5;3143.75;15
20191209 071300;3143.75;3143.75;3143.5;3143.5;10
20191209 071400;3143.25;3143.5;3143.25;3143.5;6
20191209 071500;3143.5;3143.5;3143.5;3143.5;21
20191209 071600;3143.5;3143.5;3143.5;3143.5;18
20191209 071700;3143.5;3143.75;3143.5;3143.75;20
20191209 071800;3143.75;3143.75;3143.5;3143.5;30
20191209 071900;3143.5;3143.5;3143.5;3143.5;11
20191209 072000;3143.25;3143.5;3143.25;3143.25;14
20191209 072100;3143.25;3143.25;3143;3143;38
20191209 072200;3143;3143.25;3143;3143.25;38
20191209 072300;3143.25;3143.5;3143.25;3143.5;10
20191209 072400;3143.25;3143.5;3143.25;3143.5;40
20191209 072500;3143.75;3144;3143.5;3143.75;87
20191209 072600;3143.5;3143.5;3143.5;3143.5;9
20191209 072700;3143.75;3143.75;3143.75;3143.75;17
20191209 072800;3143.5;3144;3143.5;3144;21
20191209 072900;3143.75;3144;3143.75;3144;7
20191209 073000;3143.75;3144;3143.75;3144;2
20191209 073100;3143.75;3143.75;3143.5;3143.75;33
20191209 073200;3143.75;3143.75;3143.75;3143.75;16
20191209 073300;3144;3144;3143.5;3143.75;14
20191209 073400;3144;3144;3143.75;3143.75;6
20191209 073500;3144;3144;3144;3144;8
20191209 073600;3144.25;3145;3144.25;3144.5;159
20191209 073700;3144.5;3144.75;3144.5;3144.75;39
20191209 073800;3144.25;3144.25;3144.25;3144.25;14
20191209 073900;3144.5;3144.75;3144.25;3144.25;20
20191209 074000;3144.25;3145.25;3144.25;3145;141
20191209 074100;3145;3145.5;3145;3145.25;78
20191209 074200;3145;3145;3145;3145;5
20191209 074300;3145;3145.25;3144.75;3144.75;43
20191209 074400;3145;3145;3145;3145;11
20191209 074500;3145;3145;3144.75;3144.75;44
20191209 074600;3144.75;3144.75;3144.5;3144.75;29
20191209 074700;3144.75;3144.75;3144.75;3144.75;19
20191209 074800;3144.75;3145;3144.75;3145;17
20191209 074900;3145.25;3145.25;3145;3145;33
20191209 075000;3145;3145;3145;3145;29
20191209 075100;3145;3145;3144.25;3144.5;56
20191209 075200;3144.5;3144.5;3144.5;3144.5;21
20191209 075300;3144.5;3144.5;3144.5;3144.5;16
20191209 075400;3144.5;3144.5;3144.5;3144.5;1
20191209 075500;3144.5;3144.5;3144.25;3144.5;44
20191209 075600;3144.5;3144.75;3144.5;3144.5;40
20191209 075700;3144.5;3144.75;3144.5;3144.75;13
20191209 075800;3144.75;3144.75;3144.5;3144.75;6
20191209 075900;3144.75;3144.75;3144.75;3144.75;23
20191209 080000;3144.75;3144.75;3144.75;3144.75;14
20191209 080100;3144.75;3144.75;3143.5;3144.25;286
20191209 080200;3144.25;3144.75;3144;3144.75;120
20191209 080300;3144.5;3144.5;3144.25;3144.25;77
20191209 080400;3144;3145.5;3144;3145;210
20191209 080500;3145.25;3145.5;3145.25;3145.25;83
20191209 080600;3145.25;3145.25;3144;3144.5;143
20191209 080700;3144.5;3144.5;3143.75;3144.25;113
20191209 080800;3144;3144;3143.75;3143.75;71
20191209 080900;3143.75;3144;3143.75;3144;64
20191209 081000;3143.75;3144;3143.5;3143.75;111
20191209 081100;3143.75;3144;3143.5;3144;92
20191209 081200;3143.75;3144;3143.75;3144;82
20191209 081300;3143.75;3143.75;3143.75;3143.75;60
20191209 081400;3143.75;3144;3143.5;3144;76
20191209 081500;3143.75;3143.75;3143.5;3143.5;29
20191209 081600;3143.5;3144;3143.5;3143.75;23
20191209 081700;3143.75;3144.25;3143.75;3144;139
20191209 081800;3144;3144.75;3144;3144.75;69
20191209 081900;3144.75;3145;3144.5;3144.75;47
20191209 082000;3144.5;3144.75;3144.5;3144.75;43
20191209 082100;3144.5;3144.75;3144;3144.25;33
20191209 082200;3144.25;3144.25;3143.75;3144;34
20191209 082300;3144;3144.25;3144;3144;53
20191209 082400;3144;3144;3143.75;3143.75;59
20191209 082500;3143.75;3144;3143.75;3144;37
20191209 082600;3144;3144;3144;3144;4
20191209 082700;3143.75;3143.75;3143.75;3143.75;13
20191209 082800;3143.5;3143.75;3143.5;3143.75;26
20191209 082900;3143.75;3143.75;3143.75;3143.75;3
20191209 083000;3144;3144.25;3144;3144.25;57
20191209 083100;3144.25;3144.5;3143.75;3143.75;50
20191209 083200;3144;3144;3143.75;3144;49
20191209 083300;3144;3144;3144;3144;35
20191209 083400;3144;3144;3144;3144;48
20191209 083500;3144;3144;3143.75;3143.75;47
20191209 083600;3143.75;3144;3143.75;3144;36
20191209 083700;3144;3144;3144;3144;11
20191209 083800;3144;3144;3144;3144;19
20191209 083900;3144;3144;3144;3144;26
20191209 084000;3144;3144.25;3144;3144.25;11
20191209 084100;3144;3144;3143.75;3143.75;9
20191209 084200;3143.75;3143.75;3143.75;3143.75;29
20191209 084300;3143.75;3143.75;3143;3143.5;85
20191209 084400;3143.5;3143.5;3143.5;3143.5;47
20191209 084500;3143.5;3143.5;3143.25;3143.25;66
20191209 084600;3143.5;3143.75;3143.25;3143.75;25
20191209 084700;3143.75;3143.75;3143.75;3143.75;17
20191209 084800;3143.75;3143.75;3143.5;3143.5;12
20191209 084900;3143.5;3143.5;3143.5;3143.5;22
20191209 085000;3143.75;3143.75;3143.75;3143.75;16
20191209 085100;3144;3145;3144;3144.75;89
20191209 085200;3144.75;3144.75;3144.5;3144.5;21
20191209 085300;3144.25;3144.25;3143.5;3143.5;42
20191209 085400;3143.5;3143.5;3143.5;3143.5;16
20191209 085500;3143.25;3143.75;3143.25;3143.25;37
20191209 085600;3143.25;3143.25;3143;3143.25;29
20191209 085700;3143.25;3143.25;3143.25;3143.25;15
20191209 085800;3143;3143.5;3143;3143.25;33
20191209 085900;3143.25;3143.25;3143;3143;71
20191209 090000;3143;3143;3142.75;3142.75;15
20191209 090100;3143;3143;3142.75;3142.75;28
20191209 090200;3142.75;3143;3142.75;3143;7
20191209 090300;3142.75;3142.75;3142.25;3142.5;75
20191209 090400;3142.75;3143;3142.75;3143;33
20191209 090500;3143;3143;3142.75;3143;17
20191209 090600;3143;3143;3143;3143;2
20191209 090700;3143;3143;3142.5;3142.5;51
20191209 090800;3142.5;3142.5;3141.75;3141.75;163
20191209 090900;3141.75;3142;3141.5;3141.75;22
20191209 091000;3141.75;3141.75;3141.25;3141.25;167
20191209 091100;3141.25;3141.5;3141.25;3141.5;40
20191209 091200;3141.25;3141.5;3140.25;3140.25;232
20191209 091300;3140.25;3141;3140;3141;61
20191209 091400;3141;3141.25;3141;3141;75
20191209 091500;3141;3141.25;3141;3141.25;77
20191209 091600;3141.5;3142;3141.5;3141.75;112
20191209 091700;3141.75;3141.75;3141.5;3141.5;82
20191209 091800;3141.5;3141.75;3141.25;3141.25;59
20191209 091900;3141;3141;3140.75;3140.75;94
20191209 092000;3141;3141.25;3141;3141.25;28
20191209 092100;3141.5;3141.75;3141.5;3141.5;65
20191209 092200;3141.25;3141.5;3141.25;3141.5;66
20191209 092300;3141.5;3141.5;3141;3141;214
20191209 092400;3141;3141.25;3141;3141.25;10
20191209 092600;3141.25;3141.25;3141;3141;18
20191209 092700;3141.25;3141.5;3141.25;3141.5;40
20191209 092800;3141.75;3142;3141.75;3141.75;72
20191209 092900;3142;3142;3141.75;3141.75;96
20191209 093000;3141.75;3141.75;3141.75;3141.75;17
20191209 093100;3141.75;3141.75;3141.5;3141.5;73
20191209 093200;3141.5;3141.5;3141.5;3141.5;34
20191209 093300;3141.75;3141.75;3141.75;3141.75;51
20191209 093500;3142;3142.25;3141.75;3142;32
20191209 093600;3142;3142;3141.75;3142;39
20191209 093700;3142;3142;3141.75;3142;27
20191209 093800;3142;3142;3141.75;3141.75;15
20191209 093900;3142;3142;3142;3142;32
20191209 094100;3141.75;3141.75;3141.75;3141.75;3
20191209 094200;3141.75;3142;3141.75;3142;2
20191209 094300;3142;3142;3142;3142;4
20191209 094400;3142;3142;3142;3142;13
20191209 094500;3142;3142;3142;3142;9
20191209 094600;3142;3142.5;3142;3142.5;51
20191209 094700;3142.25;3142.75;3142.25;3142.25;66
20191209 094800;3142.25;3142.25;3142.25;3142.25;29
20191209 094900;3142.25;3142.5;3142.25;3142.5;15
20191209 095000;3142.5;3142.5;3142.5;3142.5;21
20191209 095100;3142.75;3143;3142.75;3142.75;55
20191209 095200;3142.75;3142.75;3142.5;3142.75;20
20191209 095300;3142.5;3142.75;3142.5;3142.5;21
20191209 095400;3142.75;3142.75;3142.5;3142.75;45
20191209 095500;3142.75;3142.75;3142.75;3142.75;13
20191209 095600;3142.75;3143;3142.75;3143;40
20191209 095700;3142.75;3142.75;3142.75;3142.75;7
20191209 095800;3143;3143;3143;3143;5
20191209 095900;3142.75;3143.25;3142.75;3143.25;25
20191209 100000;3143.25;3143.25;3143.25;3143.25;9
20191209 100100;3143;3143.25;3142.75;3143;78
20191209 100200;3143.25;3143.25;3143;3143;26
20191209 100300;3143.25;3143.5;3143.25;3143.5;29
20191209 100400;3143.5;3143.5;3143;3143;24
20191209 100500;3143;3143.5;3143;3143;34
20191209 100600;3143.25;3143.25;3142.75;3142.75;109
20191209 100700;3142.75;3142.75;3142.5;3142.75;132
20191209 100800;3142.5;3142.5;3142.5;3142.5;15
20191209 100900;3142.5;3142.5;3142.5;3142.5;23
20191209 101000;3142.5;3142.5;3142.5;3142.5;13
20191209 101100;3142.75;3143;3142.5;3142.5;34
20191209 101200;3142.75;3142.75;3142.75;3142.75;7
20191209 101300;3142.5;3143;3142.5;3143;6
20191209 101400;3142.75;3142.75;3142.75;3142.75;38
20191209 101500;3142.75;3142.75;3142.5;3142.75;110
20191209 101600;3142.75;3142.75;3142.75;3142.75;6
20191209 101700;3143;3143;3143;3143;9
20191209 101800;3143.25;3144;3143.25;3144;70
20191209 101900;3144;3144;3143.75;3143.75;61
20191209 102000;3143.75;3144;3143.75;3144;44
20191209 102100;3144;3144;3143.5;3143.5;100
20191209 102200;3143.5;3144;3143.5;3144;13
20191209 102300;3144;3144.25;3144;3144.25;69
20191209 102400;3144.5;3144.5;3144;3144.25;56
20191209 102500;3144.25;3144.25;3144.25;3144.25;17
20191209 102600;3144.25;3144.25;3144;3144.25;4
20191209 102700;3144;3144.25;3144;3144;36
20191209 102800;3144;3144.5;3144;3144.5;9
20191209 102900;3144.5;3144.5;3144.25;3144.25;20
20191209 103000;3144.25;3144.25;3143.75;3144;38
20191209 103100;3144;3144;3144;3144;78
20191209 103200;3144;3144;3143.75;3143.75;10
20191209 103300;3143.75;3143.75;3143.75;3143.75;20
20191209 103400;3143.75;3143.75;3143.75;3143.75;4
20191209 103500;3143.75;3143.75;3143.75;3143.75;59
20191209 103600;3143.75;3144;3143.75;3143.75;52
20191209 103700;3143.5;3143.75;3143.5;3143.75;4
20191209 103900;3144;3144;3144;3144;12
20191209 104000;3143.75;3143.75;3143.75;3143.75;9
20191209 104100;3143.75;3143.75;3143.5;3143.5;60
20191209 104200;3143.5;3143.75;3143.25;3143.75;36
20191209 104300;3143.75;3143.75;3143.25;3143.25;10
20191209 104400;3143.25;3143.75;3143.25;3143.75;64
20191209 104500;3143.5;3143.5;3143.25;3143.5;39
20191209 104600;3143.5;3143.75;3143.5;3143.5;25
20191209 104700;3143.75;3143.75;3143.75;3143.75;17
20191209 104800;3143.75;3143.75;3143.75;3143.75;23
20191209 105000;3143.75;3143.75;3143.5;3143.75;5
20191209 105100;3143.5;3143.5;3143.5;3143.5;19
20191209 105300;3143.75;3143.75;3143.75;3143.75;25
20191209 105400;3144;3144.25;3144;3144;15
20191209 105500;3144.25;3144.5;3144.25;3144.5;40
20191209 105600;3144.75;3144.75;3144.5;3144.5;25
20191209 105700;3144.5;3145;3144.5;3144.75;51
20191209 105800;3144.75;3145;3144.5;3145;83
20191209 105900;3144.75;3145;3144.75;3145;24
20191209 110000;3145;3145.5;3145;3145.5;104
20191209 110100;3145.5;3145.5;3144.75;3144.75;108
20191209 110200;3144.75;3145;3144.75;3145;38
20191209 110300;3145;3145;3144.75;3144.75;40
20191209 110400;3144.75;3144.75;3144.75;3144.75;1
20191209 110500;3144.75;3144.75;3144.75;3144.75;12
20191209 110600;3145;3145;3144.5;3144.5;35
20191209 110700;3144.75;3144.75;3144.25;3144.25;15
20191209 110800;3144.5;3144.5;3144.25;3144.5;28
20191209 110900;3144.25;3144.25;3144.25;3144.25;2
20191209 111000;3144;3144;3144;3144;16
20191209 111100;3144;3144;3143.75;3144;32
20191209 111200;3143.75;3143.75;3143.75;3143.75;7
20191209 111300;3144;3144;3144;3144;1
20191209 111400;3143.75;3143.75;3143.75;3143.75;18
20191209 111500;3143.5;3143.5;3142.75;3143.25;261
20191209 111600;3143.25;3143.25;3143;3143;26
20191209 111700;3143;3143.25;3142.75;3143;60
20191209 111800;3143;3143;3143;3143;13
20191209 111900;3142.75;3143;3142.5;3143;172
20191209 112000;3143;3143.25;3143;3143;35
20191209 112100;3143.25;3143.25;3143.25;3143.25;2
20191209 112300;3143;3143;3143;3143;5
20191209 112400;3143.25;3143.25;3143.25;3143.25;50
20191209 112500;3143.25;3143.25;3143.25;3143.25;11
20191209 112600;3143.25;3143.25;3143.25;3143.25;1
20191209 112800;3143.25;3143.25;3143.25;3143.25;5
20191209 112900;3143.5;3144;3143.5;3144;77
20191209 113000;3144;3144;3144;3144;1
20191209 113100;3143.75;3143.75;3143.75;3143.75;10
20191209 113200;3143.5;3143.5;3143.5;3143.5;5
20191209 113400;3143.5;3143.5;3143.5;3143.5;9
20191209 113600;3143.75;3144;3143.75;3144;35
20191209 113700;3143.75;3144;3143.75;3143.75;33
20191209 113800;3143.75;3143.75;3143.75;3143.75;19
20191209 113900;3143.75;3143.75;3143.75;3143.75;11
20191209 114000;3143.75;3143.75;3143.5;3143.5;23
20191209 114100;3143.75;3143.75;3143.75;3143.75;11
20191209 114200;3143.75;3143.75;3143.75;3143.75;21
20191209 114300;3143.75;3144;3143.75;3144;10
20191209 114400;3143.75;3143.75;3143.75;3143.75;1
20191209 114500;3144;3144.5;3144;3144.5;64
20191209 114600;3144.5;3144.75;3144.25;3144.25;160
20191209 114700;3144;3144;3144;3144;38
20191209 114800;3144;3144.25;3144;3144.25;7
20191209 114900;3144.25;3144.25;3144.25;3144.25;59
20191209 115000;3144.25;3144.25;3144.25;3144.25;3
20191209 115100;3144;3144;3144;3144;3
20191209 115200;3143.75;3143.75;3143.5;3143.5;49
20191209 115300;3143.25;3143.25;3143;3143;75
20191209 115400;3143;3143;3142;3142.5;162
20191209 115500;3142.75;3142.75;3142.25;3142.25;65
20191209 115600;3142.25;3142.25;3142;3142;93
20191209 115700;3142;3142;3141.5;3141.5;159
20191209 115800;3141.5;3141.5;3140.75;3140.75;183
20191209 115900;3140.75;3141.75;3140.75;3141.5;106
20191209 120000;3141.5;3142;3141.5;3141.5;73
20191209 120100;3141.5;3142;3141.25;3142;36
20191209 120200;3142;3142.25;3141.75;3142.25;95
20191209 120300;3142;3142.75;3142;3142.75;45
20191209 120400;3142.5;3142.75;3142.5;3142.75;91
20191209 120500;3143;3143.25;3143;3143.25;78
20191209 120600;3143.25;3143.25;3143;3143;16
20191209 120700;3143;3143;3143;3143;12
20191209 120800;3143;3143;3143;3143;36
20191209 120900;3143;3143;3143;3143;1
20191209 121100;3143;3143;3142.75;3142.75;17
20191209 121200;3143;3143.25;3143;3143;17
20191209 121300;3143.25;3143.25;3143.25;3143.25;6
20191209 121400;3143.25;3143.75;3143.25;3143.5;35
20191209 121500;3143.75;3143.75;3143.75;3143.75;31
20191209 121600;3143.5;3143.75;3143.25;3143.5;73
20191209 121700;3143.5;3144;3143.5;3144;104
20191209 121800;3143.75;3143.75;3143.5;3143.5;75
20191209 121900;3143.5;3143.5;3143.5;3143.5;7
20191209 122000;3143.75;3143.75;3143.5;3143.5;4
20191209 122100;3143.5;3143.75;3143.5;3143.75;13
20191209 122200;3143.5;3143.5;3143.5;3143.5;26
20191209 122300;3143.5;3143.5;3143.5;3143.5;34
20191209 122400;3143.75;3143.75;3143.5;3143.75;54
20191209 122500;3143.75;3143.75;3143.75;3143.75;1
20191209 122600;3143.75;3143.75;3143.75;3143.75;6
20191209 122700;3143.75;3144.25;3143.75;3144.25;96
20191209 122800;3144.25;3144.25;3143.75;3144;31
20191209 122900;3144;3144.25;3144;3144.25;55
20191209 123000;3144.25;3144.25;3144.25;3144.25;29
20191209 123100;3144.25;3144.75;3144;3144;149
20191209 123200;3144;3144.25;3144;3144;70
20191209 123300;3144.25;3144.5;3144.25;3144.5;60
20191209 123400;3144.5;3144.75;3144.25;3144.25;77
20191209 123500;3144.25;3144.25;3144;3144.25;11
20191209 123600;3144.25;3144.5;3144.25;3144.5;63
20191209 123700;3144.25;3144.25;3144.25;3144.25;7
20191209 123800;3144.5;3144.5;3144.25;3144.25;8
20191209 123900;3144.25;3144.5;3144.25;3144.5;105
20191209 124000;3144.25;3144.25;3144.25;3144.25;1
20191209 124100;3144.25;3144.25;3144.25;3144.25;45
20191209 124200;3144.25;3144.25;3144.25;3144.25;29
20191209 124300;3144.25;3144.25;3144.25;3144.25;14
20191209 124400;3144.25;3144.25;3144;3144;107
20191209 124500;3144;3144;3143.75;3144;47
20191209 124600;3144;3144;3143.75;3143.75;8
20191209 124700;3144;3144;3144;3144;25
20191209 124800;3144;3144;3144;3144;20
20191209 124900;3144.25;3144.5;3144.25;3144.5;75
20191209 125000;3144.25;3144.25;3144.25;3144.25;4
20191209 125100;3144;3144;3144;3144;23
20191209 125200;3144;3144.25;3143.75;3144.25;24
20191209 125300;3144;3144;3144;3144;49
20191209 125400;3144;3144;3143.75;3144;70
20191209 125500;3143.75;3144;3143.75;3143.75;49
20191209 125600;3143.75;3143.75;3143.5;3143.75;166
20191209 125700;3143.75;3144;3143.75;3143.75;32
20191209 125800;3144;3144;3143.5;3143.5;28
20191209 125900;3143.5;3143.5;3143.5;3143.5;15
20191209 130000;3143.5;3143.75;3143.5;3143.5;34
20191209 130100;3143.5;3144;3143;3143.75;102
20191209 130200;3143.5;3143.5;3143.25;3143.5;31
20191209 130300;3143.5;3143.5;3143.25;3143.25;17
20191209 130400;3143.5;3143.5;3143.5;3143.5;18
20191209 130500;3143.75;3143.75;3143.75;3143.75;14
20191209 130600;3143.75;3143.75;3143.75;3143.75;9
20191209 130700;3144;3144.25;3144;3144.25;62
20191209 130800;3144;3144;3143.75;3143.75;38
20191209 130900;3143.75;3143.75;3143.75;3143.75;6
20191209 131000;3143.75;3143.75;3143.5;3143.5;6
20191209 131100;3143.75;3143.75;3143.75;3143.75;1
20191209 131200;3143.75;3144;3143.75;3144;46
20191209 131300;3144;3144;3144;3144;6
20191209 131400;3144;3144;3143.75;3144;31
20191209 131500;3143.75;3144;3143.75;3144;16
20191209 131600;3144.25;3144.25;3144;3144;20
20191209 131700;3144;3144;3143.75;3143.75;18
20191209 131800;3143.5;3143.5;3143.5;3143.5;22
20191209 131900;3143.75;3143.75;3143.5;3143.5;22
20191209 132000;3143.5;3143.5;3143.5;3143.5;26
20191209 132100;3143.5;3143.5;3143.25;3143.5;89
20191209 132200;3143.5;3144.25;3143.5;3144.25;47
20191209 132300;3144.25;3144.25;3144.25;3144.25;20
20191209 132400;3144;3144;3144;3144;3
20191209 132500;3144;3144;3143.75;3143.75;35
20191209 132600;3143.75;3143.75;3143.75;3143.75;50
20191209 132700;3144;3144;3143.75;3143.75;6
20191209 132800;3143.75;3143.75;3143.75;3143.75;15
20191209 132900;3143.75;3143.75;3143.5;3143.5;15
20191209 133000;3143.5;3143.5;3143;3143;78
20191209 133100;3143.25;3143.25;3143;3143.25;18
20191209 133200;3143.25;3143.25;3143;3143;11
20191209 133300;3143;3143.25;3143;3143.25;18
20191209 133400;3143.25;3143.5;3143.25;3143.5;10
20191209 133500;3143.25;3143.5;3143.25;3143.5;35
20191209 133600;3143.5;3143.5;3143.5;3143.5;2
20191209 133700;3143.25;3143.5;3143.25;3143.5;6
20191209 133800;3143.5;3143.5;3143.25;3143.25;5
20191209 133900;3143.25;3143.5;3142.75;3142.75;96
20191209 134000;3143;3143;3142.25;3142.5;113
20191209 134100;3142.5;3142.75;3142.25;3142.5;84
20191209 134200;3142.25;3142.25;3142;3142.25;64
20191209 134300;3142.25;3142.5;3142.25;3142.25;38
20191209 134400;3142.25;3142.5;3142;3142.5;96
20191209 134500;3142.25;3142.25;3142.25;3142.25;14
20191209 134600;3142.25;3142.5;3142.25;3142.25;47
20191209 134700;3142.25;3142.25;3142;3142;46
20191209 134800;3142;3142;3142;3142;35
20191209 134900;3142;3142.25;3142;3142;61
20191209 135000;3142;3142.5;3141.75;3142.25;121
20191209 135100;3142.25;3142.5;3142.25;3142.5;26
20191209 135200;3142.5;3142.5;3142.25;3142.25;43
20191209 135300;3142.25;3142.5;3142.25;3142.5;9
20191209 135400;3142.5;3142.5;3142.5;3142.5;4
20191209 135500;3142.5;3142.5;3142.5;3142.5;33
20191209 135600;3142.5;3142.75;3142.5;3142.5;54
20191209 135700;3142.5;3142.75;3142.5;3142.75;10
20191209 135800;3142.5;3142.75;3142.5;3142.75;56
20191209 135900;3142.75;3143;3142.5;3142.5;36
20191209 140000;3142.75;3142.75;3142.75;3142.75;25
20191209 140100;3142.75;3142.75;3142.5;3142.5;15
20191209 140200;3142.75;3142.75;3142.5;3142.5;24
20191209 140300;3142.75;3142.75;3142.75;3142.75;2
20191209 140400;3142.5;3143;3142.5;3143;34
20191209 140500;3142.75;3143;3142.75;3142.75;43
20191209 140600;3142.75;3143;3142.75;3143;19
20191209 140700;3143;3143;3142.5;3142.5;19
20191209 140800;3142.5;3142.75;3142.25;3142.75;77
20191209 140900;3142.75;3142.75;3142.5;3142.75;15
20191209 141000;3142.5;3142.5;3142.25;3142.5;39
20191209 141100;3142.25;3142.5;3142.25;3142.5;9
20191209 141200;3142.5;3142.5;3142.25;3142.5;23
20191209 141300;3142.25;3142.5;3142.25;3142.25;30
20191209 141400;3142.25;3142.25;3142;3142;52
20191209 141500;3142.25;3142.25;3142;3142;59
20191209 141600;3142;3142.25;3142;3142.25;4
20191209 141700;3142.25;3142.5;3142;3142.5;70
20191209 141800;3142.5;3142.5;3142.5;3142.5;6
20191209 141900;3142.5;3142.5;3142.5;3142.5;7
20191209 142000;3142.5;3142.5;3142.25;3142.5;54
20191209 142100;3142.75;3142.75;3142.75;3142.75;21
20191209 142200;3142.75;3142.75;3142.5;3142.5;14
20191209 142300;3142.75;3143;3142.75;3143;51
20191209 142400;3143;3143.25;3142.75;3142.75;26
20191209 142500;3142.75;3143.25;3142.75;3143;108
20191209 142600;3143;3143;3142.25;3142.75;66
20191209 142700;3142.75;3142.75;3141.75;3141.75;121
20191209 142800;3142;3142;3141.25;3141.5;115
20191209 142900;3141.75;3142;3141.5;3141.75;115
20191209 143000;3141.75;3142;3141.25;3141.75;185
20191209 143100;3142;3143.25;3141.75;3143;1444
20191209 143200;3143;3143.5;3141.5;3142.5;1262
20191209 143300;3142.25;3142.75;3141.5;3142.75;752
20191209 143400;3142.75;3143.5;3142;3142.25;718
20191209 143500;3142.5;3142.75;3142;3142.5;416
20191209 143600;3142.5;3144.25;3142.5;3144.25;1168
20191209 143700;3144;3144.5;3143.25;3144.5;1320
20191209 143800;3144.5;3146;3144.25;3146;994
20191209 143900;3146;3146.5;3145.25;3146.25;895
20191209 144000;3146.25;3146.75;3146;3146.25;605
20191209 144100;3146.25;3147;3146;3146.75;667
20191209 144200;3146.5;3147.75;3146.5;3147.75;756
20191209 144300;3147.5;3147.75;3147;3147.25;665
20191209 144400;3147.25;3148;3147.25;3148;477
20191209 144500;3148;3148.25;3147.25;3147.5;610
20191209 144600;3147.25;3148.5;3147.25;3148.25;709
20191209 144700;3148.25;3148.75;3148;3148.25;338
20191209 144800;3148.5;3148.75;3148;3148.25;577
20191209 144900;3148.5;3148.5;3147.25;3148;700
20191209 145000;3148;3148.5;3147.75;3148.5;419
20191209 145100;3148.25;3148.5;3147.75;3147.75;422
20191209 145200;3147.75;3148;3147.5;3147.5;221
20191209 145300;3147.5;3148.5;3147.25;3148;788
20191209 145400;3148;3148.5;3147.5;3148.25;507
20191209 145500;3148.25;3148.75;3148;3148.5;311
20191209 145600;3148.5;3149;3148;3148.25;581
20191209 145700;3148.25;3148.75;3148;3148.25;209
20191209 145800;3148.25;3148.25;3147.75;3148;346
20191209 145900;3147.75;3148;3147.5;3147.5;277
20191209 150000;3147.75;3147.75;3147;3147.25;639
20191209 150100;3147.5;3148;3147.25;3147.75;581
20191209 150200;3147.75;3148.25;3147.5;3148;501
20191209 150300;3147.75;3148.75;3147.75;3148.5;460
20191209 150400;3148.5;3148.75;3147.75;3148;465
20191209 150500;3148;3148.5;3147.75;3148.25;369
20191209 150600;3148.25;3148.5;3147.75;3147.75;349
20191209 150700;3147.5;3148.25;3147.5;3147.5;355
20191209 150800;3147.5;3148.5;3147.5;3148.5;425
20191209 150900;3148.25;3148.25;3147.75;3148;171
20191209 151000;3148.25;3148.25;3148;3148.25;277
20191209 151100;3148.5;3148.75;3147.75;3148;530
20191209 151200;3148;3148.25;3148;3148;128
20191209 151300;3148;3148.25;3147.75;3148.25;315
20191209 151400;3148.5;3148.75;3148;3148.75;388
20191209 151500;3148.75;3149;3148.5;3149;189
20191209 151600;3148.75;3149.5;3148.75;3148.75;779
20191209 151700;3148.75;3149.25;3148.5;3149;457
20191209 151800;3149;3149.5;3148.75;3149;792
20191209 151900;3149;3149.5;3149;3149;119
20191209 152000;3149.25;3149.25;3148;3148.25;533
20191209 152100;3148.25;3148.75;3147.75;3148.25;461
20191209 152200;3148.25;3148.25;3148;3148.25;275
20191209 152300;3148.25;3148.25;3147.75;3147.75;470
20191209 152400;3147.75;3148;3147.5;3147.75;432
20191209 152500;3147.75;3148;3147.25;3148;725
20191209 152600;3147.75;3148;3147.5;3147.75;273
20191209 152700;3147.75;3148;3147.75;3147.75;243
20191209 152800;3148;3148;3147.75;3147.75;72
20191209 152900;3147.75;3147.75;3147.25;3147.75;418
20191209 153000;3147.75;3147.75;3147.25;3147.5;333
20191209 153100;3147.25;3147.5;3147.25;3147.5;304
20191209 153200;3147.75;3147.75;3147.25;3147.75;161
20191209 153300;3147.75;3148.25;3147.5;3147.75;317
20191209 153400;3147.75;3148.75;3147.75;3148;422
20191209 153500;3148;3148.25;3147.5;3148;419
20191209 153600;3148;3148.25;3147.75;3148;278
20191209 153700;3148;3148;3147.75;3148;126
20191209 153800;3148.25;3148.5;3148;3148.5;287
20191209 153900;3148.25;3149.25;3148.25;3149;523
20191209 154000;3148.75;3149;3147.75;3148;429
20191209 154100;3148;3148;3147.5;3148;424
20191209 154200;3147.75;3148;3146;3146.75;1066
20191209 154300;3146.75;3147.75;3146;3147.75;876
20191209 154400;3147.5;3147.75;3146.75;3147.25;405
20191209 154500;3147.25;3147.25;3147;3147;223
20191209 154600;3147;3147.25;3146.75;3147.25;318
20191209 154700;3147.5;3147.75;3147;3147.5;232
20191209 154800;3147.5;3147.75;3147;3147.25;338
20191209 154900;3147.25;3148;3147;3147.5;284
20191209 155000;3147.75;3148;3147.25;3148;80
20191209 155100;3148;3148;3147.25;3147.25;262
20191209 155200;3147;3148;3147;3148;119
20191209 155300;3147.75;3148.25;3147.75;3147.75;250
20191209 155400;3148;3148;3147.5;3147.5;172
20191209 155500;3147.75;3148;3147.5;3147.75;197
20191209 155600;3147.75;3148;3147.5;3147.5;212
20191209 155700;3147.5;3147.75;3147.5;3147.75;79
20191209 155800;3147.75;3147.75;3147;3147.25;371
20191209 155900;3147.5;3148.25;3147.5;3148;322
20191209 160000;3148;3148.25;3147.75;3147.75;165
20191209 160100;3148;3148;3147.25;3147.5;192
20191209 160200;3147.5;3147.75;3147.25;3147.75;141
20191209 160300;3147.75;3147.75;3146.75;3147;493
20191209 160400;3147;3147;3146.5;3146.75;495
20191209 160500;3146.75;3147;3146.5;3146.75;325
20191209 160600;3146.75;3146.75;3146.25;3146.5;538
20191209 160700;3146.5;3146.5;3146.25;3146.25;154
20191209 160800;3146.5;3146.5;3146;3146.25;171
20191209 160900;3146;3146.25;3145.75;3146;404
20191209 161000;3146;3146.25;3145.75;3146.25;284
20191209 161100;3146;3146.25;3145.75;3146;296
20191209 161200;3146;3146.25;3145.75;3146.25;361
20191209 161300;3146.25;3146.25;3146;3146.25;246
20191209 161400;3146.25;3146.5;3146;3146.25;193
20191209 161500;3146.25;3146.25;3145.5;3146;406
20191209 161600;3145.75;3146.25;3145.25;3146;449
20191209 161700;3146;3146.25;3145.25;3145.25;358
20191209 161800;3145.25;3145.5;3145;3145;361
20191209 161900;3145;3145.75;3145;3145.75;162
20191209 162000;3145.75;3146;3145.25;3145.5;488
20191209 162100;3145.5;3145.5;3145;3145.25;328
20191209 162200;3145.25;3145.25;3144.75;3145;349
20191209 162300;3145;3145;3144.5;3144.5;314
20191209 162400;3144.75;3145;3144.5;3144.75;303
20191209 162500;3144.5;3145;3144.25;3144.5;389
20191209 162600;3144.25;3144.75;3143.75;3144.75;680
20191209 162700;3144.75;3145.25;3144.75;3145;290
20191209 162800;3145;3145.5;3145;3145.25;315
20191209 162900;3145.5;3145.5;3145;3145.5;330
20191209 163000;3145.25;3145.5;3145;3145.5;199
20191209 163100;3145.5;3145.5;3145;3145.25;185
20191209 163200;3145.25;3145.5;3145;3145;90
20191209 163300;3145.25;3145.25;3144.75;3145;114
20191209 163400;3145;3145.75;3145;3145.25;319
20191209 163500;3145.25;3145.75;3145.25;3145.5;290
20191209 163600;3145.5;3145.5;3145;3145.25;202
20191209 163700;3145.25;3145.5;3145.25;3145.5;206
20191209 163800;3145.25;3145.5;3145;3145;197
20191209 163900;3144.75;3145;3144.75;3145;279
20191209 164000;3144.75;3145;3144.5;3144.5;131
20191209 164100;3144.5;3145;3144.5;3144.5;124
20191209 164200;3144.5;3144.75;3144.25;3144.25;230
20191209 164300;3144.25;3144.25;3144;3144.25;167
20191209 164400;3144.25;3144.75;3144;3144.5;156
20191209 164500;3144.5;3144.75;3144.25;3144.25;178
20191209 164600;3144;3144.5;3144;3144.5;319
20191209 164700;3144.25;3144.75;3144.25;3144.75;65
20191209 164800;3144.5;3144.75;3144.25;3144.25;148
20191209 164900;3144.25;3144.75;3144;3144.75;172
20191209 165000;3144.75;3145;3144.5;3144.75;243
20191209 165100;3144.75;3144.75;3144.5;3144.5;211
20191209 165200;3144.5;3144.5;3144;3144;161
20191209 165300;3144;3144.5;3143.75;3144.25;195
20191209 165400;3144;3144.25;3143.75;3143.75;98
20191209 165500;3144;3144;3143.25;3143.5;479
20191209 165600;3143.5;3144;3143.25;3144;290
20191209 165700;3144;3144;3143.25;3143.75;261
20191209 165800;3143.5;3143.75;3143.5;3143.75;164
20191209 165900;3143.5;3143.75;3143.5;3143.5;295
20191209 170000;3143.25;3143.75;3143.25;3143.75;154
20191209 170100;3143.5;3144.5;3143.5;3143.75;390
20191209 170200;3144;3144.25;3144;3144;131
20191209 170300;3144.25;3144.75;3144.25;3144.5;180
20191209 170400;3144.75;3144.75;3144.5;3144.75;112
20191209 170500;3144.75;3144.75;3144.5;3144.5;105
20191209 170600;3144.75;3145;3144.25;3144.25;383
20191209 170700;3144.5;3144.5;3143.75;3144.25;329
20191209 170800;3144.25;3144.5;3143.75;3144;260
20191209 170900;3144;3144.25;3143.75;3143.75;63
20191209 171000;3143.75;3144;3143.25;3143.25;140
20191209 171100;3143.5;3144;3143.5;3144;291
20191209 171200;3144;3144.25;3143.75;3144;200
20191209 171300;3143.75;3144;3143.5;3143.75;77
20191209 171400;3143.75;3144.25;3143.75;3144;258
20191209 171500;3144.25;3144.25;3144;3144;156
20191209 171600;3144.25;3144.75;3144.25;3144.75;123
20191209 171700;3144.75;3144.75;3144.25;3144.5;57
20191209 171800;3144.25;3144.5;3144;3144.25;201
20191209 171900;3144.25;3144.25;3144;3144;44
20191209 172000;3144;3144.25;3144;3144;89
20191209 172100;3144;3144;3143.25;3143.75;262
20191209 172200;3143.5;3143.75;3143.25;3143.25;317
20191209 172300;3143.25;3143.5;3142.5;3142.5;543
20191209 172400;3142.75;3143;3142.25;3142.5;417
20191209 172500;3142.5;3142.75;3142.25;3142.5;134
20191209 172600;3142.75;3143;3142.5;3142.75;244
20191209 172700;3142.75;3143;3142.5;3142.5;151
20191209 172800;3142.5;3143;3142.5;3143;159
20191209 172900;3143;3143;3142.75;3142.75;187
20191209 173000;3142.75;3143.25;3142.75;3143.25;78
20191209 173100;3143;3143.25;3142.75;3142.75;73
20191209 173200;3142.75;3142.75;3142.25;3142.25;162
20191209 173300;3142.25;3142.5;3142.25;3142.5;96
20191209 173400;3142.5;3142.5;3142.25;3142.25;45
20191209 173500;3142.25;3142.75;3142.25;3142.5;249
20191209 173600;3142.75;3143.25;3142.5;3142.75;278
20191209 173700;3143;3143;3142.75;3143;293
20191209 173800;3142.75;3143.25;3142.75;3143.25;182
20191209 173900;3143.25;3143.25;3142.75;3143;75
20191209 174000;3143.25;3143.25;3143;3143;118
20191209 174100;3143.25;3143.75;3143.25;3143.5;276
20191209 174200;3143.5;3143.5;3143;3143.25;105
20191209 174300;3143.25;3143.25;3143;3143.25;13
20191209 174400;3143.25;3143.25;3143;3143;7
20191209 174500;3143;3143;3142.75;3142.75;138
20191209 174600;3142.75;3142.75;3142.5;3142.5;69
20191209 174700;3142.25;3142.5;3142;3142;361
20191209 174800;3142;3142.25;3141.75;3141.75;349
20191209 174900;3142;3142.25;3141.75;3141.75;213
20191209 175000;3142;3142;3141.5;3141.5;271
20191209 175100;3141.5;3141.75;3141.25;3141.5;384
20191209 175200;3141.5;3141.75;3141.25;3141.5;146
20191209 175300;3141.5;3141.5;3141;3141.5;149
20191209 175400;3141.5;3141.5;3141.25;3141.5;213
20191209 175500;3141.5;3141.5;3140.75;3141.5;215
20191209 175600;3141.25;3142;3141.25;3142;271
20191209 175700;3142;3142.5;3142;3142.25;431
20191209 175800;3142.25;3142.25;3142;3142.25;79
20191209 175900;3142;3142.75;3142;3142.5;346
20191209 180000;3142.5;3143;3142.5;3143;126
20191209 180100;3143;3143;3142.5;3142.75;94
20191209 180200;3142.75;3142.75;3142.25;3142.25;214
20191209 180300;3142;3142.75;3142;3142.5;86
20191209 180400;3142.5;3143;3142.5;3142.75;117
20191209 180500;3143;3143.5;3143;3143;331
20191209 180600;3143.25;3143.5;3143;3143;302
20191209 180700;3143;3143.25;3142.75;3142.75;309
20191209 180800;3142.5;3142.75;3142.5;3142.75;19
20191209 180900;3142.75;3142.75;3142.5;3142.5;83
20191209 181000;3142.5;3142.75;3142.25;3142.5;177
20191209 181100;3142.5;3142.5;3142;3142.25;391
20191209 181200;3142.25;3142.25;3141.75;3142;161
20191209 181300;3142;3142;3141.75;3142;24
20191209 181400;3142;3142.25;3141.75;3142.25;23
20191209 181500;3142.25;3142.25;3141.75;3142;166
20191209 181600;3142;3142;3141.75;3142;200
20191209 181700;3142;3142;3141.75;3141.75;77
20191209 181800;3141.75;3142;3141.5;3141.75;195
20191209 181900;3142;3142;3141.5;3141.75;49
20191209 182000;3141.75;3141.75;3141.75;3141.75;35
20191209 182100;3141.75;3141.75;3141.25;3141.25;195
20191209 182200;3141.25;3141.25;3141;3141;159
20191209 182300;3141.25;3142;3141.25;3142;249
20191209 182400;3142;3142.25;3141.75;3141.75;197
20191209 182500;3141.75;3142;3141.75;3141.75;72
20191209 182600;3142;3142;3141.75;3141.75;65
20191209 182700;3141.5;3141.5;3140.75;3141;338
20191209 182800;3141;3141.5;3140.75;3141.25;274
20191209 182900;3141.25;3141.5;3141;3141.25;124
20191209 183000;3141.5;3141.75;3141.25;3141.75;93
20191209 183100;3141.5;3141.5;3141;3141;137
20191209 183200;3141;3141.25;3140.75;3141;115
20191209 183300;3141.25;3141.75;3141;3141.25;59
20191209 183400;3141.25;3141.25;3141;3141.25;103
20191209 183500;3141;3141.5;3141;3141.5;141
20191209 183600;3141.5;3141.75;3141.25;3141.5;199
20191209 183700;3141.5;3142;3141.5;3141.75;336
20191209 183800;3142;3142;3141.5;3142;113
20191209 183900;3142;3142.5;3142;3142.25;521
20191209 184000;3142.25;3142.5;3142.25;3142.5;132
20191209 184100;3142.5;3142.5;3142.25;3142.25;242
20191209 184200;3142.25;3142.5;3142.25;3142.5;102
20191209 184300;3142.5;3142.75;3142.5;3142.5;117
20191209 184400;3142.75;3143;3142.75;3143;190
20191209 184500;3142.75;3143;3142.75;3143;127
20191209 184600;3143;3143;3142.25;3142.25;124
20191209 184700;3142.25;3142.25;3142;3142.25;155
20191209 184800;3142.25;3142.5;3142.25;3142.5;8
20191209 184900;3142.5;3142.5;3142;3142;134
20191209 185000;3142;3142.5;3142;3142.5;164
20191209 185100;3142.75;3143;3142.5;3143;239
20191209 185200;3143;3143;3142.5;3142.5;270
20191209 185300;3142.25;3142.5;3142.25;3142.25;149
20191209 185400;3142.25;3142.5;3142.25;3142.5;139
20191209 185500;3142.25;3142.5;3142;3142.5;293
20191209 185600;3142.5;3143;3142.5;3142.75;146
20191209 185700;3142.75;3142.75;3142;3142.25;130
20191209 185800;3142.25;3142.25;3141.5;3141.75;212
20191209 185900;3141.75;3142;3141.5;3142;201
20191209 190000;3142;3142.5;3141.75;3142;196
20191209 190100;3142;3142.25;3141.5;3141.5;297
20191209 190200;3141.5;3141.75;3141;3141;339
20191209 190300;3141;3141.25;3140.75;3140.75;420
20191209 190400;3140.75;3141;3140;3140.5;765
20191209 190500;3140.5;3140.5;3140;3140.5;218
20191209 190600;3140.5;3140.5;3139.75;3139.75;348
20191209 190700;3139.75;3140;3138.5;3138.75;1539
20191209 190800;3139;3139.25;3137.5;3138;1259
20191209 190900;3138;3138.75;3137.75;3138.5;690
20191209 191000;3138.75;3139;3138.25;3138.5;503
20191209 191100;3138.5;3138.5;3137.75;3138;279
20191209 191200;3138;3138.25;3137.75;3138.25;211
20191209 191300;3138.25;3138.25;3137.75;3138;187
20191209 191400;3138;3138;3137;3137.25;634
20191209 191500;3137.25;3138;3137;3137.75;614
20191209 191600;3137.75;3138.75;3137.75;3138.75;379
20191209 191700;3138.75;3139;3138;3138.5;438
20191209 191800;3138.25;3138.75;3138;3138.75;180
20191209 191900;3138.5;3138.75;3138;3138.25;188
20191209 192000;3138;3138.75;3138;3138.5;76
20191209 192100;3138.75;3139;3138.5;3138.75;362
20191209 192200;3139;3139.25;3138.75;3139.25;401
20191209 192300;3139.5;3139.5;3139;3139;360
20191209 192400;3139.25;3139.25;3138.75;3139;106
20191209 192500;3139;3139;3138.75;3138.75;106
20191209 192600;3138.75;3139.5;3138.75;3139.5;95
20191209 192700;3139.5;3139.5;3139;3139.25;172
20191209 192800;3139.5;3139.5;3139;3139;34
20191209 192900;3139.25;3139.25;3139;3139.25;58
20191209 193000;3139.25;3139.25;3139;3139;68
20191209 193100;3139;3139.25;3139;3139;57
20191209 193200;3139;3139.25;3138.75;3138.75;194
20191209 193300;3138.75;3139.25;3138.75;3139.25;207
20191209 193400;3139.25;3140.25;3139.25;3139.5;710
20191209 193500;3139.5;3140.25;3139.5;3140;281
20191209 193600;3139.75;3140;3139.75;3139.75;190
20191209 193700;3140;3140.5;3139.75;3140.5;280
20191209 193800;3140.5;3140.5;3140.25;3140.25;160
20191209 193900;3140.5;3140.5;3140;3140;287
20191209 194000;3140;3140.25;3139.75;3140.25;115
20191209 194100;3140.25;3140.25;3140;3140;239
20191209 194200;3140;3140;3139.5;3139.5;165
20191209 194300;3139.75;3140;3139.5;3139.75;182
20191209 194400;3140;3140;3139.75;3139.75;91
20191209 194500;3139.75;3140;3139.75;3140;13
20191209 194600;3140;3140.5;3139.75;3140.5;255
20191209 194700;3140.5;3140.75;3139.75;3140;296
20191209 194800;3140;3140.75;3140;3140.75;201
20191209 194900;3140.5;3140.75;3140.5;3140.5;83
20191209 195000;3140.5;3141;3140.5;3140.5;231
20191209 195100;3140.5;3140.75;3140.25;3140.25;101
20191209 195200;3140.25;3140.5;3140.25;3140.5;47
20191209 195300;3140.75;3141;3140.5;3140.75;283
20191209 195400;3141;3141;3140.75;3140.75;63
20191209 195500;3140.75;3141;3140.5;3140.75;180
20191209 195600;3140.75;3141;3140.5;3140.5;83
20191209 195700;3140.75;3141;3140.75;3140.75;20
20191209 195800;3141;3141.25;3141;3141.25;65
20191209 195900;3141.25;3141.25;3140.5;3140.5;295
20191209 200000;3140.5;3140.75;3140.25;3140.5;131
20191209 200100;3140.75;3141;3140.25;3140.25;129
20191209 200200;3140.25;3140.75;3140.25;3140.75;139
20191209 200300;3140.5;3141.25;3140.5;3141;364
20191209 200400;3140.75;3140.75;3140.5;3140.5;137
20191209 200500;3140.75;3140.75;3140.5;3140.75;136
20191209 200600;3140.5;3140.75;3140;3140;159
20191209 200700;3140;3140.5;3140;3140.5;222
20191209 200800;3140.5;3140.5;3140.25;3140.5;205
20191209 200900;3140.5;3140.75;3140.25;3140.5;210
20191209 201000;3140.75;3140.75;3140.25;3140.75;96
20191209 201100;3140.75;3140.75;3140.5;3140.5;192
20191209 201200;3140.5;3140.5;3140;3140;121
20191209 201300;3140;3140.25;3139.75;3139.75;133
20191209 201400;3139.75;3139.75;3139.5;3139.75;143
20191209 201500;3139.75;3140.75;3139.75;3140.75;308
20191209 201600;3140.75;3141;3140.5;3140.75;306
20191209 201700;3140.75;3141.25;3140.75;3141.25;151
20191209 201800;3141.25;3142;3141.25;3141.5;760
20191209 201900;3141.75;3142;3141.5;3141.5;330
20191209 202000;3141.5;3141.75;3141.25;3141.25;283
20191209 202100;3141.5;3141.75;3141.5;3141.75;67
20191209 202200;3141.75;3141.75;3141.25;3141.25;20
20191209 202300;3141.25;3141.5;3141.25;3141.5;180
20191209 202400;3141.5;3141.75;3141.25;3141.25;126
20191209 202500;3141.25;3141.5;3141.25;3141.5;106
20191209 202600;3141.75;3141.75;3141.5;3141.5;265
20191209 202700;3141.5;3141.5;3141;3141.5;172
20191209 202800;3141.25;3142;3141.25;3142;381
20191209 202900;3142;3142;3141.5;3141.5;128
20191209 203000;3141.25;3141.75;3141.25;3141.75;141
20191209 203100;3141.5;3141.75;3140.75;3140.75;416
20191209 203200;3140.75;3140.75;3139.75;3140;897
20191209 203300;3139.75;3140;3139.25;3139.5;509
20191209 203400;3139.5;3140.25;3139.5;3140;163
20191209 203500;3139.75;3140.25;3139.75;3140;179
20191209 203600;3140;3140;3138.5;3139.25;1004
20191209 203700;3139.25;3139.75;3139.25;3139.5;328
20191209 203800;3139.5;3139.5;3138.75;3139;376
20191209 203900;3138.75;3138.75;3138;3138.25;715
20191209 204000;3138.5;3138.75;3138;3138.75;369
20191209 204100;3138.5;3139.25;3138.25;3139;551
20191209 204200;3139.25;3139.5;3138.75;3139.5;594
20191209 204300;3139.5;3139.5;3139;3139.5;637
20191209 204400;3139.25;3139.5;3139;3139.25;181
20191209 204500;3139.25;3139.25;3138.75;3139.25;265
20191209 204600;3139.25;3139.25;3138.75;3139;173
20191209 204700;3139;3139;3138.75;3138.75;97
20191209 204800;3138.75;3139;3138.25;3138.5;405
20191209 204900;3138.5;3139.25;3138.5;3139;242
20191209 205000;3138.75;3139.5;3138.75;3139.5;308
20191209 205100;3139.5;3140;3138.5;3139.5;967
20191209 205200;3139.5;3139.75;3139.25;3139.5;273
20191209 205300;3139.25;3139.5;3138.5;3138.5;329
20191209 205400;3138.5;3138.75;3138;3138.5;592
20191209 205500;3138.25;3138.75;3138;3138.5;289
20191209 205600;3138.5;3138.75;3137.75;3137.75;636
20191209 205700;3137.75;3138;3137.5;3137.5;669
20191209 205800;3137.5;3137.75;3136.5;3137;1111
20191209 205900;3136.75;3137.75;3136.25;3136.75;834
20191209 210000;3136.5;3137.25;3135.5;3136.25;2236
20191209 210100;3136.5;3136.75;3135.75;3136;488
20191209 210200;3136;3136.25;3133.75;3134.25;1375
20191209 210300;3134.25;3134.25;3132.75;3133.5;615
20191209 210400;3133.75;3134.5;3133.5;3133.5;509
20191209 210500;3133.25;3134;3133;3134;440
20191209 210600;3134;3134.25;3133;3133.25;271
20191209 210700;3133.25;3134.5;3133.25;3134.5;250
20191209 210800;3134.5;3134.5;3134;3134;143
20191209 210900;3134.25;3134.25;3134;3134;73
20191209 211000;3134;3134.5;3134;3134.5;85
20191209 211100;3134.5;3134.5;3133.75;3133.75;134
20191209 211200;3133.75;3134;3133.5;3133.5;65
20191209 211300;3133.75;3133.75;3133.5;3133.75;66
20191209 211400;3133.75;3135;3133.75;3134.75;432
20191209 211500;3134.75;3135;3134;3134.25;367
20191209 213100;3134.25;3134.75;3134;3134.25;173
20191209 213200;3134.5;3134.5;3134.25;3134.25;43
20191209 213400;3134.25;3134.5;3133.75;3133.75;52
20191209 213500;3133.75;3133.75;3133.5;3133.75;91
20191209 213600;3133.5;3133.75;3133;3133.5;175
20191209 213700;3133.5;3133.5;3133.25;3133.5;11
20191209 213800;3133.5;3133.5;3133.5;3133.5;3
20191209 213900;3133.5;3133.5;3132.75;3132.75;73
20191209 214000;3133;3133;3132.75;3132.75;56
20191209 214100;3132.75;3132.75;3131.75;3132;157
20191209 214200;3132;3132.25;3131.75;3132;115
20191209 214300;3132;3132.25;3131.75;3132;55
20191209 214400;3132;3132.25;3131.75;3132;40
20191209 214500;3132;3132.25;3132;3132;32
20191209 214600;3132.25;3132.5;3132;3132.5;93
20191209 214700;3132.5;3132.75;3132.25;3132.5;73
20191209 214800;3132.5;3132.5;3132;3132.25;59
20191209 214900;3132;3132.25;3131.75;3132;47
20191209 215000;3131.75;3132;3131.75;3131.75;25
20191209 215100;3132;3132;3131.75;3131.75;28
20191209 215200;3131.75;3132;3131.5;3131.5;26
20191209 215300;3131.5;3131.75;3131.5;3131.5;55
20191209 215400;3131.5;3131.75;3131.25;3131.75;34
20191209 215500;3131.5;3131.75;3131.5;3131.75;17
20191209 215600;3131.75;3131.75;3131.5;3131.5;63
20191209 215700;3131.5;3132;3131.5;3132;26
20191209 215800;3132.25;3132.5;3132;3132.5;25
20191209 215900;3132.25;3132.5;3132.25;3132.5;56
20191209 220000;3132.5;3133.25;3132.5;3133;49
20191209 230100;3133.25;3134;3133;3133.5;270
20191209 230200;3133.75;3134.25;3133.5;3134.25;83
20191209 230300;3134.25;3134.25;3134;3134;128
20191209 230400;3134;3134.25;3133.75;3134;59
20191209 230500;3134.25;3134.25;3134;3134;24
20191209 230600;3134.25;3134.25;3133.75;3133.75;33
20191209 230700;3134;3134;3134;3134;27
20191209 230800;3134;3134.25;3134;3134;36
20191209 230900;3134;3134;3134;3134;15
20191209 231000;3134;3134.25;3134;3134.25;13
20191209 231100;3134.25;3134.25;3134.25;3134.25;29
20191209 231200;3134.25;3134.25;3133.75;3133.75;31
20191209 231300;3133.75;3133.75;3133.25;3133.5;60
20191209 231400;3133.5;3134;3133.5;3133.75;69
20191209 231500;3133.75;3133.75;3133.75;3133.75;26
20191209 231600;3133.75;3133.75;3133.5;3133.75;45
20191209 231700;3133.5;3133.5;3133.25;3133.25;46
20191209 231800;3133.5;3134;3133.5;3133.75;33
20191209 231900;3133.75;3133.75;3133.75;3133.75;29
20191209 232000;3133.5;3133.5;3133.5;3133.5;2
20191209 232100;3133.75;3133.75;3133.5;3133.5;22
20191209 232200;3133.5;3133.75;3133.5;3133.5;26
20191209 232300;3133.75;3134;3133.5;3134;84
20191209 232400;3133.5;3134;3133.5;3134;43
20191209 232500;3133.5;3133.75;3133.5;3133.75;3
20191209 232600;3133.75;3133.75;3133.5;3133.5;12
20191209 232700;3133.75;3134;3133.75;3134;38
20191209 232900;3133.75;3133.75;3133.75;3133.75;12
20191209 233100;3133.75;3134.25;3133.75;3134.25;47
20191209 233200;3134.5;3134.5;3134.25;3134.5;25
20191209 233300;3134.5;3134.5;3134.25;3134.5;35
20191209 233400;3134.75;3134.75;3134.5;3134.5;25
20191209 233500;3134.5;3134.5;3134.5;3134.5;2
20191209 233600;3134.5;3134.5;3134.5;3134.5;30
20191209 233700;3134.5;3134.75;3134.5;3134.5;15
20191209 233800;3134.5;3135;3134.5;3135;47
20191209 233900;3134.75;3134.75;3134;3134;51
20191209 234000;3134.25;3134.5;3134.25;3134.25;40
20191209 234100;3134.5;3134.5;3134.25;3134.5;153
20191209 234200;3134.75;3135;3134.75;3134.75;39
20191209 234300;3135;3135;3135;3135;12
20191209 234400;3135;3136;3134.75;3135.75;133
20191209 234500;3135.75;3135.75;3135.5;3135.5;38
20191209 234600;3135.5;3135.75;3135;3135.5;141
20191209 234700;3135.75;3136;3135.5;3135.5;69
20191209 234800;3135.5;3135.5;3135.25;3135.5;7
20191209 234900;3135.5;3135.5;3135.25;3135.25;42
20191209 235000;3135.5;3135.75;3135.5;3135.75;24
20191209 235100;3135.75;3135.75;3135.5;3135.5;14
20191209 235200;3135.5;3135.75;3135.5;3135.5;22
20191209 235300;3135.5;3135.5;3134.75;3135;85
20191209 235400;3135;3135.5;3135;3135;48
20191209 235500;3135;3135;3134.5;3134.5;101
20191209 235600;3134.5;3134.75;3134.5;3134.75;54
20191209 235700;3134.75;3134.75;3134.25;3134.5;33
20191209 235800;3134.5;3134.75;3134.5;3134.5;8
20191209 235900;3134.25;3134.5;3134.25;3134.5;3
20191210 000000;3134.5;3135;3134.5;3135;29
20191210 000100;3135;3135.75;3134.25;3134.25;177
20191210 000200;3134.5;3135.75;3134.5;3135.75;158
20191210 000300;3135.75;3135.75;3135.25;3135.5;37
20191210 000400;3135.5;3135.75;3135.25;3135.5;70
20191210 000500;3135.5;3135.5;3135.5;3135.5;34
20191210 000600;3135.5;3135.75;3135.5;3135.5;23
20191210 000700;3135.5;3135.75;3135.5;3135.75;32
20191210 000800;3135.75;3136;3135.75;3136;51
20191210 000900;3136.25;3136.25;3135.5;3135.5;66
20191210 001000;3135.75;3136;3135.5;3136;55
20191210 001100;3136;3136.25;3135.75;3136;52
20191210 001200;3136;3136;3135;3135.25;57
20191210 001300;3135.25;3135.5;3135;3135.25;49
20191210 001400;3135.25;3135.5;3135;3135.25;50
20191210 001500;3135.25;3136.25;3135.25;3136;75
20191210 001600;3136;3136.5;3136;3136.25;85
20191210 001700;3136.25;3136.25;3135.75;3136;30
20191210 001800;3136;3136.25;3135.75;3136;41
20191210 001900;3136;3136;3135.75;3135.75;33
20191210 002000;3136;3136;3135.75;3135.75;99
20191210 002100;3135.75;3135.75;3135.5;3135.75;18
20191210 002200;3135.5;3135.75;3135.25;3135.25;47
20191210 002300;3135.5;3135.5;3135.5;3135.5;12
20191210 002400;3135.25;3135.25;3133.75;3133.75;163
20191210 002500;3133.75;3134.5;3133.25;3134.5;258
20191210 002600;3134.25;3134.75;3134;3134.5;57
20191210 002700;3134.25;3134.25;3133.25;3133.5;125
20191210 002800;3133.5;3134;3133.25;3133.75;69
20191210 002900;3133.75;3134;3133.5;3134;37
20191210 003000;3133.75;3134;3133.75;3134;45
20191210 003100;3134;3134.25;3134;3134.25;50
20191210 003200;3134.25;3134.25;3134;3134.25;24
20191210 003300;3134;3135;3134;3134.75;70
20191210 003400;3134.75;3134.75;3134.5;3134.75;30
20191210 003500;3134.75;3134.75;3134.5;3134.5;42
20191210 003600;3134.5;3134.75;3134.5;3134.75;8
20191210 003700;3134.75;3135;3134.75;3134.75;8
20191210 003800;3135;3135.5;3134.75;3134.75;95
20191210 003900;3134.75;3134.75;3134.25;3134.5;34
20191210 004000;3134.5;3134.75;3134.5;3134.75;34
20191210 004100;3134.75;3134.75;3134.5;3134.75;12
20191210 004200;3134.75;3135.25;3134.75;3135.25;18
20191210 004300;3135.25;3135.25;3135;3135;21
20191210 004400;3134.75;3134.75;3134.5;3134.5;15
20191210 004500;3134.5;3134.75;3134.5;3134.75;27
20191210 004600;3134.5;3134.5;3134.5;3134.5;17
20191210 004700;3134.5;3134.75;3134.5;3134.75;12
20191210 004800;3134.75;3134.75;3134.5;3134.5;65
20191210 004900;3134.5;3134.75;3134;3134.75;192
20191210 005000;3134.5;3135;3134.5;3135;10
20191210 005200;3135;3135;3134.5;3134.5;46
20191210 005300;3134.5;3134.5;3134.5;3134.5;25
20191210 005400;3134.75;3135;3134.75;3135;33
20191210 005500;3135.25;3135.5;3135;3135.25;63
20191210 005600;3135.25;3135.25;3134.5;3134.5;98
20191210 005700;3134.5;3134.75;3134.5;3134.5;24
20191210 005800;3134.75;3134.75;3134.5;3134.5;7
20191210 005900;3134.75;3134.75;3134.75;3134.75;26
20191210 010000;3134.75;3134.75;3133.75;3133.75;120
20191210 010100;3134;3134.25;3133.75;3134.25;103
20191210 010200;3134.25;3134.5;3134.25;3134.5;49
20191210 010300;3134.5;3134.75;3134.5;3134.75;72
20191210 010400;3134.5;3134.5;3134;3134.25;74
20191210 010600;3134.25;3134.25;3133.75;3133.75;55
20191210 010700;3133.75;3133.75;3132.5;3133;241
20191210 010800;3133;3133.25;3133;3133.25;82
20191210 010900;3133.25;3133.5;3133.25;3133.5;23
20191210 011000;3133.25;3133.25;3133.25;3133.25;24
20191210 011100;3133.25;3133.25;3133;3133.25;23
20191210 011200;3133.25;3133.5;3133.25;3133.5;12
20191210 011300;3133.5;3134;3133.5;3133.5;33
20191210 011400;3133.25;3133.5;3133.25;3133.25;37
20191210 011500;3133;3133.5;3133;3133.5;18
20191210 011600;3133.5;3133.5;3132.5;3133.25;195
20191210 011700;3133;3133;3132.75;3132.75;53
20191210 011800;3132.75;3133.25;3132.5;3133;80
20191210 011900;3133.25;3133.25;3133;3133;46
20191210 012000;3133.25;3133.25;3133.25;3133.25;37
20191210 012100;3133.25;3133.25;3133;3133.25;31
20191210 012200;3133.25;3133.25;3133;3133;7
20191210 012300;3133;3133;3133;3133;38
20191210 012400;3133;3133;3133;3133;22
20191210 012500;3133;3133.25;3133;3133.25;45
20191210 012600;3133;3133.25;3133;3133;17
20191210 012700;3133.25;3133.25;3133.25;3133.25;12
20191210 012800;3133.25;3133.25;3133.25;3133.25;41
20191210 012900;3133.25;3133.25;3133;3133.25;34
20191210 013000;3133.25;3133.25;3133;3133.25;24
20191210 013100;3133;3133.75;3133;3133.75;40
20191210 013200;3134;3134.5;3133.75;3134.25;181
20191210 013300;3134.25;3135.25;3134.25;3135.25;104
20191210 013400;3135.25;3135.25;3134;3134.25;94
20191210 013500;3134.5;3134.75;3134.25;3134.5;50
20191210 013600;3134.75;3134.75;3134;3134.75;89
20191210 013700;3134.5;3134.75;3134.5;3134.75;52
20191210 013800;3135;3135.5;3135;3135.25;145
20191210 013900;3135.25;3135.75;3135.25;3135.75;98
20191210 014000;3135.5;3135.75;3135.25;3135.25;52
20191210 014100;3135.25;3135.5;3134.75;3134.75;169
20191210 014200;3134.5;3135;3134.5;3135;132
20191210 014300;3135;3135;3134.5;3134.75;69
20191210 014400;3134.75;3134.75;3134.75;3134.75;72
20191210 014500;3134.75;3134.75;3134.25;3134.25;49
20191210 014600;3134.25;3134.5;3134;3134;93
20191210 014700;3134;3134.25;3133.75;3134.25;67
20191210 014800;3134.25;3135.25;3134.25;3134.75;80
20191210 014900;3134.75;3134.75;3134.5;3134.5;52
20191210 015000;3134.5;3134.5;3134;3134;84
20191210 015100;3134;3134.75;3134;3134.75;103
20191210 015200;3134.5;3134.5;3134.5;3134.5;77
20191210 015300;3134.5;3134.75;3134.5;3134.5;24
20191210 015400;3134.5;3134.5;3133.75;3133.75;61
20191210 015500;3133.75;3133.75;3133.5;3133.75;70
20191210 015600;3134;3134;3134;3134;23
20191210 015700;3134.25;3134.75;3134;3134.75;76
20191210 015800;3134.75;3135;3134.5;3134.5;38
20191210 015900;3134.75;3134.75;3134.25;3134.25;62
20191210 020000;3134.25;3134.25;3133.75;3134;23
20191210 020100;3134;3134.5;3134;3134.5;48
20191210 020200;3134.5;3135;3134.5;3135;100
20191210 020300;3135;3135.5;3135;3135;76
20191210 020400;3135;3135;3135;3135;44
20191210 020500;3134.75;3134.75;3134.75;3134.75;9
20191210 020600;3135;3135.25;3135;3135.25;35
20191210 020700;3135.25;3135.5;3135.25;3135.25;36
20191210 020800;3135.25;3135.25;3134.75;3134.75;15
20191210 020900;3134.75;3134.75;3134.75;3134.75;30
20191210 021000;3135;3135;3134.75;3134.75;44
20191210 021100;3135;3135.25;3135;3135;26
20191210 021200;3135;3135.25;3135;3135.25;4
20191210 021300;3135;3135.25;3135;3135;43
20191210 021400;3135;3135.25;3135;3135.25;57
20191210 021500;3135.5;3135.5;3135.25;3135.25;9
20191210 021600;3135.5;3135.5;3135.5;3135.5;66
20191210 021700;3135.25;3135.5;3135.25;3135.5;5
20191210 021800;3135.25;3135.5;3135.25;3135.25;92
20191210 021900;3135.5;3135.75;3135.5;3135.5;65
20191210 022000;3135.5;3136.25;3135.5;3135.75;128
20191210 022100;3135.75;3135.75;3135.5;3135.75;29
20191210 022200;3135.5;3135.75;3135.5;3135.75;38
20191210 022300;3135.75;3137;3135.75;3137;161
20191210 022400;3137;3137;3136.5;3136.75;193
20191210 022500;3136.75;3137;3136.5;3137;41
20191210 022600;3137;3137;3136.75;3136.75;11
20191210 022700;3136.75;3137;3136.75;3137;52
20191210 022800;3136.75;3136.75;3136.75;3136.75;2
20191210 022900;3136.75;3137;3136.75;3137;45
20191210 023000;3137;3137;3136.75;3137;9
20191210 023100;3137;3137;3136.75;3137;39
20191210 023200;3137;3137.25;3137;3137.25;17
20191210 023300;3137.25;3137.5;3137.25;3137.5;44
20191210 023400;3137.5;3137.5;3137;3137;41
20191210 023500;3136.75;3137;3136.75;3137;66
20191210 023600;3137;3137.25;3137;3137;20
20191210 023700;3137;3137;3136.75;3136.75;16
20191210 023800;3137;3137.25;3137;3137;88
20191210 023900;3137.25;3137.25;3137;3137;28
20191210 024000;3137.25;3137.75;3137.25;3137.5;109
20191210 024100;3137.75;3137.75;3137.75;3137.75;89
20191210 024200;3137.75;3138.25;3137.75;3138;132
20191210 024300;3138;3138;3137.75;3138;40
20191210 024400;3137.75;3137.75;3137.5;3137.5;23
20191210 024500;3137.5;3137.5;3137.5;3137.5;48
20191210 024600;3137.5;3137.75;3137.25;3137.25;62
20191210 024700;3137.25;3137.25;3137;3137.25;70
20191210 024800;3137;3137.25;3137;3137.25;29
20191210 024900;3137.25;3137.25;3137.25;3137.25;4
20191210 025000;3137;3137.25;3137;3137.25;13
20191210 025100;3137.25;3137.25;3137;3137.25;40
20191210 025200;3137.25;3137.25;3137.25;3137.25;10
20191210 025300;3137;3137;3137;3137;4
20191210 025500;3137.25;3137.25;3137.25;3137.25;3
20191210 025700;3137.25;3137.25;3137.25;3137.25;1
20191210 025800;3137.25;3137.5;3137.25;3137.25;22
20191210 025900;3137.25;3137.5;3137.25;3137.5;13
20191210 030000;3137.5;3137.75;3137.5;3137.5;50
20191210 030100;3137.5;3137.75;3137.5;3137.75;5
20191210 030200;3137.5;3137.5;3137.25;3137.25;26
20191210 030300;3137.25;3137.5;3137.25;3137.25;37
20191210 030400;3137.25;3137.25;3137.25;3137.25;11
20191210 030500;3137.25;3137.25;3137;3137.25;17
20191210 030600;3137.25;3137.5;3137.25;3137.5;42
20191210 030700;3137.5;3137.75;3137.5;3137.5;11
20191210 030800;3137.5;3138;3137.25;3138;50
20191210 030900;3138;3138;3138;3138;7
20191210 031000;3138;3138.25;3138;3138;58
20191210 031100;3138;3138;3137.75;3137.75;67
20191210 031200;3137.75;3138;3137.5;3138;33
20191210 031300;3138;3138;3137.75;3137.75;16
20191210 031400;3137.5;3137.75;3137.5;3137.75;60
20191210 031500;3137.75;3137.75;3137.75;3137.75;115
20191210 031600;3138;3138;3138;3138;3
20191210 031700;3137.75;3137.75;3137.75;3137.75;65
20191210 031800;3137.75;3137.75;3137.5;3137.5;20
20191210 031900;3137.5;3137.5;3137;3137.25;49
20191210 032000;3137.25;3137.25;3137.25;3137.25;2
20191210 032100;3137;3137;3137;3137;14
20191210 032200;3137;3137;3137;3137;14
20191210 032300;3136.75;3137;3136.75;3137;36
20191210 032400;3136.75;3137;3136.75;3137;16
20191210 032500;3137;3137;3136.75;3136.75;25
20191210 032600;3136.75;3136.75;3136.5;3136.75;23
20191210 032800;3136.75;3137.25;3136.75;3137;38
20191210 032900;3137.25;3137.25;3137.25;3137.25;2
20191210 033000;3137.5;3137.5;3137.5;3137.5;14
20191210 033100;3137.75;3138.25;3137.75;3138;64
20191210 033200;3138.25;3138.5;3138.25;3138.25;60
20191210 033300;3138.5;3138.5;3138;3138;74
20191210 033400;3138;3138;3137.5;3137.5;74
20191210 033500;3137.5;3137.5;3137.25;3137.5;72
20191210 033600;3137.25;3137.5;3137.25;3137.5;21
20191210 033700;3137.5;3137.5;3137.5;3137.5;14
20191210 033800;3137.75;3137.75;3137.5;3137.5;8
20191210 033900;3137.25;3137.5;3137.25;3137.25;15
20191210 034000;3137.25;3137.5;3137.25;3137.5;17
20191210 034100;3137.25;3137.25;3137.25;3137.25;4
20191210 034200;3137.25;3137.25;3137.25;3137.25;13
20191210 034300;3137.5;3137.5;3137.25;3137.5;25
20191210 034400;3137.25;3137.5;3137.25;3137.5;8
20191210 034600;3137.25;3137.75;3137.25;3137.5;34
20191210 034700;3137.5;3137.75;3137.5;3137.75;14
20191210 034800;3137.5;3137.5;3137.5;3137.5;17
20191210 034900;3137.5;3137.5;3137.5;3137.5;19
20191210 035000;3137.5;3137.75;3137.5;3137.5;18
20191210 035100;3137.5;3137.5;3137.5;3137.5;14
20191210 035200;3137.5;3137.5;3137.5;3137.5;13
20191210 035300;3137.5;3137.5;3137.5;3137.5;29
20191210 035400;3137.5;3137.5;3137.5;3137.5;15
20191210 035600;3137.5;3137.5;3137.5;3137.5;18
20191210 035700;3137.25;3137.25;3137.25;3137.25;17
20191210 040000;3137.5;3137.5;3137.25;3137.25;24
20191210 040100;3137.25;3137.25;3137.25;3137.25;7
20191210 040200;3137.25;3137.5;3137.25;3137.5;12
20191210 040500;3137.25;3137.25;3137;3137;19
20191210 040600;3137;3137;3136.75;3137;29
20191210 040700;3136.75;3137;3136.75;3137;6
20191210 040800;3136.75;3137;3136.75;3137;20
20191210 040900;3137;3137;3137;3137;12
20191210 041100;3136.75;3136.75;3136.5;3136.75;36
20191210 041200;3136.75;3136.75;3136.75;3136.75;6
20191210 041300;3136.5;3136.75;3136.5;3136.75;2
20191210 041400;3136.5;3136.75;3136.5;3136.5;9
20191210 041500;3136.75;3136.75;3136.75;3136.75;18
20191210 041600;3136.5;3136.75;3136.5;3136.75;47
20191210 041700;3137;3137;3137;3137;2
20191210 041800;3137;3137;3137;3137;1
20191210 041900;3137;3137;3136.75;3136.75;7
20191210 042000;3136.75;3137;3136.75;3137;5
20191210 042100;3137;3137;3136.75;3136.75;16
20191210 042200;3136.75;3136.75;3136.5;3136.75;45
20191210 042400;3136.5;3136.5;3136.5;3136.5;1
20191210 042500;3136.5;3136.5;3136.5;3136.5;1
20191210 042600;3136.5;3136.5;3136.5;3136.5;27
20191210 042700;3136.75;3136.75;3136.75;3136.75;1
20191210 042800;3136.5;3136.5;3136.25;3136.5;25
20191210 042900;3136.5;3136.5;3136.5;3136.5;9
20191210 043000;3136.25;3136.25;3136;3136;27
20191210 043100;3136.25;3136.25;3136;3136;16
20191210 043200;3136;3136.25;3136;3136.25;35
20191210 043300;3136.25;3136.5;3136.25;3136.5;44
20191210 043400;3136.25;3136.5;3136.25;3136.25;7
20191210 043500;3136.5;3136.5;3136.5;3136.5;34
20191210 043600;3136.5;3136.5;3136.5;3136.5;67
20191210 043700;3136.5;3136.5;3136.5;3136.5;1
20191210 043800;3136.25;3136.25;3136.25;3136.25;22
20191210 043900;3136.5;3136.5;3136.5;3136.5;2
20191210 044000;3136.5;3136.5;3136.5;3136.5;13
20191210 044100;3136.75;3137;3136.75;3137;61
20191210 044300;3137;3137.25;3137;3137;34
20191210 044400;3136.75;3137;3136.75;3136.75;9
20191210 044500;3136.75;3137;3136.75;3137;14
20191210 044600;3137;3137.25;3137;3137.25;19
20191210 044700;3137.25;3137.25;3137.25;3137.25;55
20191210 044800;3137.25;3137.25;3137;3137.25;55
20191210 044900;3137;3137;3137;3137;4
20191210 045000;3136.75;3136.75;3136.25;3136.75;67
20191210 045100;3136.5;3136.5;3136.5;3136.5;36
20191210 045300;3136.5;3136.75;3136.5;3136.5;4
20191210 045400;3136.75;3136.75;3136.75;3136.75;18
20191210 045600;3136.75;3136.75;3136.5;3136.5;21
20191210 045700;3136.5;3136.5;3136.5;3136.5;4
20191210 045800;3136.5;3136.5;3136.5;3136.5;3
20191210 045900;3136.25;3136.25;3136;3136;11
20191210 050000;3136;3136;3136;3136;2
20191210 050100;3136;3136;3136;3136;13
20191210 050200;3136;3136.25;3136;3136.25;30
20191210 050300;3136.5;3136.5;3136.5;3136.5;24
20191210 050400;3136.75;3136.75;3136.75;3136.75;11
20191210 050500;3136.75;3136.75;3136.75;3136.75;44
20191210 050600;3136.5;3136.75;3136.5;3136.75;4
20191210 050700;3136.75;3136.75;3136.75;3136.75;20
20191210 050800;3136.75;3136.75;3136.75;3136.75;10
20191210 050900;3136.75;3137;3136.75;3136.75;5
20191210 051000;3136.75;3136.75;3136.5;3136.5;7
20191210 051100;3136.5;3136.5;3136.25;3136.5;46
20191210 051200;3136.5;3136.75;3136.25;3136.25;5
20191210 051300;3136.5;3136.5;3136.5;3136.5;1
20191210 051600;3136.5;3136.75;3136.5;3136.75;27
20191210 051700;3136.75;3137;3136.75;3137;63
20191210 051800;3137;3137;3137;3137;52
20191210 051900;3137;3137;3136.75;3136.75;18
20191210 052000;3137;3137;3136.75;3136.75;5
20191210 052100;3136.75;3137.25;3136.75;3137.25;14
20191210 052200;3137;3137.25;3137;3137.25;19
20191210 052300;3137.25;3137.25;3137.25;3137.25;18
20191210 052400;3137;3137.25;3137;3137.25;15
20191210 052500;3137;3137;3137;3137;2
20191210 052600;3137;3137;3137;3137;14
20191210 052700;3137;3137;3137;3137;34
20191210 052800;3137;3137;3137;3137;36
20191210 052900;3137.25;3137.25;3137;3137;2
20191210 053000;3137.25;3137.25;3137;3137;2
20191210 053100;3137;3137;3137;3137;49
20191210 053200;3137.25;3137.5;3137.25;3137.25;53
20191210 053300;3137.25;3137.25;3136.5;3136.5;62
20191210 053400;3136.75;3136.75;3136.75;3136.75;2
20191210 053600;3136.5;3136.5;3136.5;3136.5;1
20191210 053700;3136.5;3136.5;3136.5;3136.5;11
20191210 053800;3136.5;3136.5;3136.25;3136.25;3
20191210 053900;3136.25;3136.25;3136.25;3136.25;21
20191210 054000;3136.25;3136.25;3136;3136.25;6
20191210 054100;3136;3136.5;3136;3136.5;24
20191210 054200;3136.5;3136.5;3136.25;3136.25;24
20191210 054300;3136.25;3136.5;3136.25;3136.5;56
20191210 054500;3136.75;3136.75;3136.75;3136.75;25
20191210 054600;3136.75;3136.75;3136.75;3136.75;12
20191210 054700;3137;3137.25;3137;3137;28
20191210 054800;3137;3137;3137;3137;4
20191210 054900;3137;3137;3136.75;3136.75;33
20191210 055000;3136.75;3136.75;3136.75;3136.75;21
20191210 055100;3136.5;3137;3136.5;3136.75;58
20191210 055200;3136.75;3136.75;3136.75;3136.75;15
20191210 055300;3136.75;3136.75;3136.5;3136.5;23
20191210 055400;3136.5;3136.75;3136.5;3136.5;34
20191210 055500;3136.75;3137;3136.75;3137;47
20191210 055600;3137;3137;3137;3137;23
20191210 055700;3137;3137;3136.75;3137;16
20191210 055800;3137;3137;3136.75;3136.75;4
20191210 055900;3137;3137;3137;3137;19
20191210 060000;3136.75;3136.75;3136.75;3136.75;54
20191210 060100;3136.75;3137.25;3136.75;3137;40
20191210 060200;3137;3137.25;3137;3137.25;33
20191210 060300;3137;3137.25;3137;3137.25;14
20191210 060500;3137.25;3138;3137.25;3138;66
20191210 060600;3138;3138.25;3137.75;3138;30
20191210 060700;3138;3138.25;3138;3138.25;8
20191210 060800;3138;3138;3138;3138;6
20191210 060900;3138;3138;3138;3138;3
20191210 061000;3138.25;3138.25;3137.5;3137.5;44
20191210 061100;3137.5;3137.75;3137.5;3137.75;16
20191210 061200;3137.75;3137.75;3137.75;3137.75;16
20191210 061300;3137.75;3138;3137.75;3138;16
20191210 061400;3137.75;3137.75;3137.75;3137.75;6
20191210 061500;3137.75;3137.75;3137.75;3137.75;50
20191210 061600;3137.75;3137.75;3137.5;3137.75;17
20191210 061800;3138;3138.25;3138;3138.25;23
20191210 061900;3138.25;3138.25;3138;3138;20
20191210 062000;3138;3138.25;3138;3138.25;7
20191210 062100;3138.25;3138.75;3138.25;3138.75;68
20191210 062200;3138.75;3138.75;3138.5;3138.5;15
20191210 062300;3138.25;3138.25;3138.25;3138.25;19
20191210 062400;3138.25;3138.5;3138;3138.25;18
20191210 062500;3138.25;3138.25;3137.75;3137.75;79
20191210 062800;3138;3138;3138;3138;10
20191210 062900;3138;3138;3137.5;3137.5;43
20191210 063000;3137.5;3137.75;3137.25;3137.75;46
20191210 063100;3137.5;3137.5;3137.5;3137.5;13
20191210 063200;3137.5;3137.5;3137.5;3137.5;2
20191210 063300;3137.25;3137.25;3137;3137.25;16
20191210 063400;3137.5;3137.5;3137.5;3137.5;12
20191210 063500;3137.5;3137.5;3137.25;3137.25;26
20191210 063600;3137.25;3137.25;3137;3137;11
20191210 063800;3137;3137.25;3137;3137;4
20191210 063900;3137;3137;3137;3137;31
20191210 064000;3137;3137;3137;3137;7
20191210 064100;3137;3137;3137;3137;9
20191210 064200;3136.75;3136.75;3136.5;3136.5;34
20191210 064300;3136.75;3136.75;3136.75;3136.75;1
20191210 064400;3136.5;3136.75;3136.5;3136.75;5
20191210 064500;3136.75;3137;3136.75;3137;24
20191210 064600;3137.25;3137.25;3137.25;3137.25;11
20191210 064700;3137.25;3137.5;3137.25;3137.5;53
20191210 064800;3137.5;3137.5;3137.5;3137.5;15
20191210 064900;3137.5;3137.5;3137;3137.25;51
20191210 065000;3137;3137;3137;3137;2
20191210 065200;3137.25;3137.25;3137.25;3137.25;2
20191210 065300;3137;3137;3137;3137;1
20191210 065400;3137;3137;3137;3137;2
20191210 065500;3137.25;3137.25;3137;3137;9
20191210 065600;3136.75;3136.75;3136.5;3136.75;34
20191210 065700;3137;3137;3137;3137;29
20191210 065800;3137;3137;3137;3137;15
20191210 065900;3137;3137;3137;3137;13
20191210 070000;3137;3137;3137;3137;2
20191210 070100;3136.75;3137.5;3136.75;3137.5;88
20191210 070200;3137.5;3137.5;3136.75;3136.75;78
20191210 070300;3137;3137;3136.75;3137;32
20191210 070400;3136.75;3137;3136.75;3137;30
20191210 070500;3137;3137.25;3137;3137;11
20191210 070600;3136.75;3136.75;3136.75;3136.75;5
20191210 070700;3137.25;3137.25;3137.25;3137.25;28
20191210 070800;3137;3137;3137;3137;18
20191210 070900;3137;3137;3137;3137;13
20191210 071000;3136.75;3136.75;3136.75;3136.75;1
20191210 071100;3136.75;3136.75;3136.5;3136.75;27
20191210 071200;3136.75;3136.75;3136.75;3136.75;8
20191210 071400;3136.75;3136.75;3136.75;3136.75;10
20191210 071500;3136.5;3136.75;3136.5;3136.5;57
20191210 071600;3136.5;3136.5;3136.5;3136.5;39
20191210 071700;3136.75;3136.75;3136.75;3136.75;10
20191210 071800;3136.75;3136.75;3136.75;3136.75;9
20191210 071900;3137;3137;3137;3137;33
20191210 072000;3137;3137;3137;3137;27
20191210 072100;3137;3137;3137;3137;34
20191210 072200;3137.25;3137.25;3137.25;3137.25;4
20191210 072300;3137;3137.25;3137;3137;31
20191210 072400;3137;3137;3137;3137;8
20191210 072500;3137;3137;3137;3137;29
20191210 072600;3137;3137;3136.75;3137;56
20191210 072700;3137;3137;3136.75;3136.75;34
20191210 072800;3136.75;3136.75;3136.5;3136.75;7
20191210 072900;3137;3137.25;3137;3137.25;69
20191210 073000;3137.25;3137.5;3137.25;3137.5;25
20191210 073100;3137.5;3137.5;3137.5;3137.5;62
20191210 073200;3137.5;3137.5;3137.5;3137.5;26
20191210 073300;3137.5;3137.5;3137;3137;16
20191210 073400;3137;3137.5;3137;3137.5;18
20191210 073500;3137.5;3137.75;3137.5;3137.5;45
20191210 073600;3137.5;3138.5;3137.5;3138;109
20191210 073700;3138;3138.25;3138;3138;31
20191210 073800;3138;3138;3138;3138;5
20191210 073900;3138.25;3138.25;3138;3138;9
20191210 074100;3138;3138.25;3138;3138;43
20191210 074200;3138;3138.25;3138;3138.25;8
20191210 074300;3138.25;3138.25;3137.75;3137.75;36
20191210 074400;3137.75;3137.75;3137.75;3137.75;39
20191210 074500;3137.75;3138;3137.75;3138;16
20191210 074600;3138;3138;3138;3138;16
20191210 074700;3138;3138;3138;3138;37
20191210 074800;3138;3138;3138;3138;8
20191210 074900;3138;3138;3138;3138;3
20191210 075100;3137.75;3137.75;3137.5;3137.5;5
20191210 075200;3137.5;3137.5;3137.5;3137.5;3
20191210 075300;3137.25;3137.5;3137.25;3137.5;65
20191210 075400;3137.25;3137.5;3137.25;3137.5;69
20191210 075500;3137.25;3137.5;3137.25;3137.5;5
20191210 075600;3137.5;3137.5;3137.5;3137.5;29
20191210 075700;3137.5;3137.5;3137.5;3137.5;1
20191210 075800;3137.5;3137.5;3137.5;3137.5;63
20191210 075900;3137.5;3137.5;3137.5;3137.5;3
20191210 080000;3137.25;3137.25;3137.25;3137.25;54
20191210 080100;3137.25;3137.5;3136.5;3136.5;243
20191210 080200;3136.75;3136.75;3135.25;3135.5;359
20191210 080300;3135.25;3135.5;3133.75;3134.5;494
20191210 080400;3134.25;3134.75;3133.75;3134.75;213
20191210 080500;3134.75;3135;3134.5;3134.75;227
20191210 080600;3134.5;3134.75;3134.25;3134.5;153
20191210 080700;3134.75;3134.75;3133.75;3134;158
20191210 080800;3134;3134.5;3133.75;3134.25;62
20191210 080900;3134;3134;3133.25;3133.5;136
20191210 081000;3133.5;3133.5;3133.25;3133.5;107
20191210 081100;3133.5;3134.25;3133.5;3134.25;96
20191210 081200;3134.25;3134.5;3134.25;3134.5;60
20191210 081300;3134.5;3135.75;3134.5;3135.5;264
20191210 081400;3135.5;3135.5;3134.5;3134.75;93
20191210 081500;3135;3135;3134;3134.25;126
20191210 081600;3134;3134.75;3134;3134.75;111
20191210 081700;3135;3135.25;3134.75;3135;120
20191210 081800;3135;3135.5;3135;3135.25;44
20191210 081900;3135.25;3135.5;3135;3135.25;36
20191210 082000;3135.25;3135.25;3135.25;3135.25;10
20191210 082100;3135;3135.25;3135;3135.25;74
20191210 082200;3135.25;3135.25;3134.75;3134.75;55
20191210 082300;3134.75;3134.75;3134.5;3134.75;6
20191210 082400;3134.75;3135.5;3134.75;3135.25;54
20191210 082500;3135.25;3135.25;3135.25;3135.25;64
20191210 082600;3135;3135;3134.25;3134.25;59
20191210 082700;3134.25;3134.25;3133.75;3134;86
20191210 082800;3133.75;3134;3133.5;3133.5;69
20191210 082900;3133.5;3133.5;3132;3132.75;385
20191210 083000;3132.75;3133.25;3132.75;3133.25;51
20191210 083100;3133;3133.25;3132.75;3133;78
20191210 083200;3133;3133;3132.75;3132.75;39
20191210 083300;3132.75;3132.75;3132.25;3132.5;54
20191210 083400;3132.5;3132.5;3131.25;3131.5;302
20191210 083500;3131.75;3132.25;3131.5;3132.25;197
20191210 083600;3132.25;3132.25;3131.75;3132;40
20191210 083700;3132;3132.75;3132;3132.75;72
20191210 083800;3132.75;3132.75;3132.5;3132.75;64
20191210 083900;3133;3133;3132.75;3132.75;15
20191210 084000;3133;3133;3132.5;3132.75;136
20191210 084100;3132.5;3132.5;3132.5;3132.5;57
20191210 084200;3132.5;3132.75;3132.5;3132.5;27
20191210 084300;3132.25;3132.25;3132.25;3132.25;10
20191210 084400;3132;3132;3131.25;3131.5;107
20191210 084500;3131.5;3131.5;3129.75;3130.75;883
20191210 084600;3130.75;3130.75;3130;3130.5;111
20191210 084700;3130.75;3131.25;3130.75;3131;49
20191210 084800;3131.25;3131.25;3130.5;3130.5;119
20191210 084900;3130.5;3130.75;3129.25;3129.5;320
20191210 085000;3129.75;3130;3129.25;3129.25;137
20191210 085100;3129.25;3129.25;3127;3127.25;807
20191210 085200;3127.25;3128.25;3127.25;3128;215
20191210 085300;3127.5;3127.5;3124.5;3124.5;960
20191210 085400;3124.25;3125.5;3124;3125.25;517
20191210 085500;3125;3125.75;3124;3124.25;314
20191210 085600;3124.5;3124.5;3122.75;3123.25;378
20191210 085700;3123.25;3123.5;3122.25;3123.5;376
20191210 085800;3123.75;3124;3123;3124;192
20191210 085900;3123.75;3124.25;3123.5;3124.25;112
20191210 090000;3124.25;3125.25;3124.25;3125;275
20191210 090100;3124.75;3124.75;3123;3124.25;481
20191210 090200;3124;3124.25;3123.75;3124.25;82
20191210 090300;3123.75;3123.75;3123.25;3123.75;111
20191210 090400;3123.75;3123.75;3122.5;3122.75;165
20191210 090500;3122.75;3123.5;3122.75;3123;177
20191210 090600;3123.25;3123.25;3122;3122.5;283
20191210 090700;3122.5;3123;3121.75;3123;228
20191210 090800;3123;3123.5;3122.75;3123.5;272
20191210 090900;3123.5;3123.75;3123.25;3123.5;101
20191210 091000;3123.5;3123.75;3122.5;3122.75;103
20191210 091100;3122.75;3124;3122.75;3123.75;192
20191210 091200;3123.75;3124;3123.5;3123.5;89
20191210 091300;3123.75;3123.75;3122.75;3123;81
20191210 091400;3123;3123;3122.25;3122.75;112
20191210 091500;3122.5;3123;3122.5;3122.5;104
20191210 091600;3122.25;3123.25;3122.25;3123;149
20191210 091700;3123;3123.5;3123;3123;68
20191210 091800;3122.75;3123;3122.25;3122.25;90
20191210 091900;3122.25;3122.75;3122.25;3122.75;55
20191210 092000;3122.5;3122.75;3122.5;3122.75;67
20191210 092100;3122.75;3122.75;3122.5;3122.5;43
20191210 092200;3122.5;3123;3122.25;3122.5;68
20191210 092300;3122.25;3122.5;3121.75;3122.5;164
20191210 092400;3122.5;3122.5;3122;3122.5;88
20191210 092500;3122.5;3122.75;3121.75;3122.5;146
20191210 092600;3122.25;3122.75;3122.25;3122.75;86
20191210 092700;3122.75;3122.75;3122.5;3122.75;34
20191210 092800;3122.75;3122.75;3122.5;3122.75;43
20191210 092900;3122.75;3123.25;3122.75;3123.25;65
20191210 093000;3123.25;3123.5;3123;3123.25;55
20191210 093100;3123.25;3123.25;3122.75;3123.25;184
20191210 093200;3123.25;3123.5;3122.75;3123.25;214
20191210 093300;3123.5;3124.25;3123.5;3124;173
20191210 093400;3124.25;3125;3124;3125;176
20191210 093500;3124.75;3125;3123.75;3123.75;117
20191210 093600;3123.75;3124;3123.25;3124;61
20191210 093700;3123.75;3123.75;3123.5;3123.75;47
20191210 093800;3123.75;3124.25;3123.5;3124;57
20191210 093900;3123.75;3123.75;3122.5;3122.75;100
20191210 094000;3122.75;3122.75;3121.25;3122.25;391
20191210 094100;3122.25;3122.75;3121.5;3122.75;214
20191210 094200;3123;3123.25;3122.5;3122.5;110
20191210 094300;3122.5;3122.75;3122.25;3122.5;129
20191210 094400;3122.5;3123;3121.75;3123;179
20191210 094500;3122.75;3122.75;3122.5;3122.5;21
20191210 094600;3122.5;3122.75;3122.25;3122.5;42
20191210 094700;3122.25;3122.25;3121.75;3122;185
20191210 094800;3122.25;3122.25;3122.25;3122.25;28
20191210 094900;3122;3122.5;3122;3122.25;92
20191210 095000;3122.5;3122.75;3122.5;3122.75;51
20191210 095100;3122.75;3123.25;3122.75;3122.75;83
20191210 095200;3122.75;3122.75;3122.5;3122.5;33
20191210 095300;3122.5;3122.5;3121.75;3122.25;109
20191210 095400;3122.25;3122.25;3121.75;3122;25
20191210 095500;3122.5;3123.75;3122.5;3123.25;122
20191210 095600;3123.25;3123.25;3122.25;3122.5;68
20191210 095700;3122.5;3123.5;3122.5;3123.5;105
20191210 095800;3123.5;3124;3123.25;3124;114
20191210 095900;3123.75;3123.75;3123.25;3123.5;167
20191210 100000;3123.5;3123.5;3123.25;3123.5;77
20191210 100100;3123.5;3124.75;3123;3124.5;162
20191210 100200;3124.5;3124.75;3124;3124.5;145
20191210 100300;3124.5;3125;3124.5;3125;232
20191210 100400;3125.25;3126;3125.25;3125.5;280
20191210 100500;3125.5;3126;3125.5;3126;83
20191210 100600;3126;3126.25;3125.75;3126.25;164
20191210 100700;3126.25;3126.25;3125.5;3125.75;129
20191210 100800;3125.75;3126.25;3125.75;3126.25;192
20191210 100900;3126.25;3126.25;3126;3126.25;149
20191210 101000;3126.25;3126.75;3126.25;3126.25;127
20191210 101100;3126.25;3126.5;3126;3126;65
20191210 101200;3126.25;3127.5;3126.25;3127.5;178
20191210 101300;3127.5;3127.5;3127;3127;159
20191210 101400;3127;3127.5;3127;3127;107
20191210 101500;3127;3127.5;3127;3127;128
20191210 101600;3127;3128;3127;3127.25;304
20191210 101700;3127.25;3127.25;3126.5;3126.75;125
20191210 101800;3127;3127;3126.75;3127;104
20191210 101900;3126.75;3127;3126.75;3126.75;288
20191210 102000;3126.75;3127;3126.25;3126.75;251
20191210 102100;3126.75;3127;3126.5;3126.75;99
20191210 102200;3126.75;3127.25;3126.5;3127.25;120
20191210 102300;3127.25;3127.25;3126.25;3126.75;138
20191210 102400;3126.75;3126.75;3126.5;3126.75;124
20191210 102500;3126.5;3126.5;3126;3126;77
20191210 102600;3126;3126.5;3126;3126.5;93
20191210 102700;3126.5;3126.75;3126.25;3126.75;68
20191210 102800;3126.75;3126.75;3126;3126.25;44
20191210 102900;3126.25;3126.5;3126.25;3126.25;50
20191210 103000;3126;3126.25;3126;3126.25;33
20191210 103100;3126.25;3126.5;3125.75;3126;148
20191210 103200;3126;3126;3125.5;3125.5;88
20191210 103300;3125.5;3125.75;3125.25;3125.25;106
20191210 103400;3125.5;3125.75;3125.25;3125.25;63
20191210 103500;3125.25;3125.5;3125;3125.5;221
20191210 103600;3125.5;3125.75;3125.5;3125.5;122
20191210 103700;3125.75;3126.25;3125.75;3126;53
20191210 103800;3126;3126;3125.25;3125.75;76
20191210 103900;3125.75;3126.25;3125.75;3126;69
20191210 104000;3126;3126.75;3126;3126.5;117
20191210 104100;3126.5;3126.5;3125.25;3125.5;123
20191210 104200;3125.5;3125.5;3125;3125.25;112
20191210 104300;3125.25;3125.75;3125.25;3125.5;114
20191210 104400;3125.5;3126;3125.5;3126;56
20191210 104500;3126;3126.25;3126;3126;51
20191210 104600;3126;3126;3125.5;3125.75;87
20191210 104700;3125.75;3125.75;3125.5;3125.75;41
20191210 104800;3125.5;3125.75;3125.5;3125.75;60
20191210 104900;3126;3126.5;3126;3126.5;92
20191210 105000;3126.5;3126.5;3126.25;3126.25;36
20191210 105100;3126.25;3126.5;3126.25;3126.25;41
20191210 105200;3126.25;3126.5;3126.25;3126.25;35
20191210 105300;3126.75;3127.25;3126.5;3126.75;97
20191210 105400;3126.75;3126.75;3126.25;3126.5;37
20191210 105500;3126.25;3126.5;3126.25;3126.25;23
20191210 105600;3126.5;3126.5;3126.25;3126.5;22
20191210 105700;3126.25;3126.5;3126.25;3126.5;30
20191210 105800;3126.25;3126.25;3125.75;3125.75;60
20191210 105900;3125.75;3125.75;3125.5;3125.75;95
20191210 110000;3125.75;3125.75;3125.5;3125.5;21
20191210 110100;3125.5;3125.75;3125.25;3125.5;78
20191210 110200;3125.5;3125.5;3125.5;3125.5;25
20191210 110300;3125.5;3125.5;3125.25;3125.25;119
20191210 110400;3125.25;3125.25;3125.25;3125.25;45
20191210 110500;3125.25;3125.25;3125.25;3125.25;70
20191210 110600;3125.25;3125.5;3125;3125.25;58
20191210 110700;3125;3125;3124.5;3124.75;178
20191210 110800;3124.75;3124.75;3124.25;3124.25;72
20191210 110900;3124.5;3125;3124.5;3125;102
20191210 111000;3124.75;3124.75;3124.5;3124.5;130
20191210 111100;3124.5;3124.75;3124.25;3124.75;143
20191210 111200;3124.5;3124.75;3124.5;3124.75;27
20191210 111300;3124.75;3124.75;3124.5;3124.5;56
20191210 111400;3124.5;3124.5;3124.25;3124.25;37
20191210 111500;3124;3124.25;3124;3124.25;41
20191210 111600;3124;3124.25;3124;3124.25;60
20191210 111700;3124.25;3124.25;3123.75;3124;40
20191210 111800;3124.25;3124.25;3124;3124.25;81
20191210 111900;3124;3124;3123.75;3123.75;53
20191210 112000;3124;3124;3123.5;3123.75;82
20191210 112100;3123.5;3123.75;3123.25;3123.5;106
20191210 112200;3123.5;3123.5;3123;3123.25;49
20191210 112300;3123;3123.75;3123;3123.5;40
20191210 112400;3123.25;3123.25;3122.75;3123;74
20191210 112500;3123;3123.25;3122.75;3122.75;67
20191210 112600;3122.75;3123;3122.75;3122.75;31
20191210 112700;3122.5;3122.75;3122.5;3122.5;46
20191210 112800;3122.5;3122.5;3117.25;3118;1427
20191210 112900;3118;3118;3116.25;3117.25;769
20191210 113000;3117.25;3118.5;3117.25;3118.25;377
20191210 113100;3118.25;3118.5;3118;3118.5;220
20191210 113200;3118.5;3120.25;3118.5;3120.25;387
20191210 113300;3120.25;3121.25;3120;3121.25;211
20191210 113400;3121.5;3121.75;3121.25;3121.5;202
20191210 113500;3121.75;3122.25;3121.5;3121.5;360
20191210 113600;3121.75;3122.75;3121.75;3122.5;175
20191210 113700;3122.5;3122.5;3122;3122.25;55
20191210 113800;3122.5;3123;3122;3122.75;138
20191210 113900;3122.75;3123;3122.5;3123;216
20191210 114000;3123;3123.75;3123;3123.75;89
20191210 114100;3123.5;3123.75;3123.25;3123.5;244
20191210 114200;3123.25;3124;3123.25;3123.5;230
20191210 114300;3123.5;3123.75;3123.25;3123.75;68
20191210 114400;3123.75;3123.75;3123.5;3123.75;27
20191210 114500;3123.5;3123.75;3123.5;3123.75;40
20191210 114600;3123.75;3124;3123.75;3123.75;207
20191210 114700;3123.75;3124;3123.75;3124;90
20191210 114800;3124.25;3124.5;3124.25;3124.5;67
20191210 114900;3124.25;3125;3124.25;3124.5;137
20191210 115000;3124.5;3124.75;3124.5;3124.5;42
20191210 115100;3124.25;3124.75;3124.25;3124.75;35
20191210 115200;3124.5;3125.75;3124.5;3125.25;232
20191210 115300;3125.25;3125.5;3124.5;3124.75;157
20191210 115400;3124.5;3124.5;3124.25;3124.25;44
20191210 115500;3124.25;3124.5;3124;3124.25;60
20191210 115600;3124.25;3124.5;3124.25;3124.25;68
20191210 115700;3124.5;3124.75;3124.5;3124.5;39
20191210 115800;3124.5;3124.5;3124.5;3124.5;19
20191210 115900;3124.5;3124.5;3124.25;3124.5;26
20191210 120000;3124.5;3125.25;3124.5;3125;112
20191210 120100;3125;3125.5;3124.75;3125.25;76
20191210 120200;3125;3125;3123.75;3124;207
20191210 120300;3124.25;3124.5;3124;3124.5;47
20191210 120400;3124.5;3124.5;3123.75;3124.5;226
20191210 120500;3124.75;3124.75;3124.25;3124.25;55
20191210 120600;3124;3124;3123.25;3123.5;184
20191210 120700;3123.5;3124.25;3123.25;3124.25;105
20191210 120800;3124;3124.5;3123.75;3124.25;112
20191210 120900;3124.25;3124.25;3124;3124.25;34
20191210 121000;3124.25;3124.75;3124;3124.5;123
20191210 121100;3124.25;3124.5;3123.75;3124.25;63
20191210 121200;3124.25;3124.5;3123.75;3124.25;45
20191210 121300;3124;3124.5;3124;3124.25;85
20191210 121400;3124;3124.25;3123.75;3124;75
20191210 121500;3124;3124;3123.75;3123.75;15
20191210 121600;3124;3124;3123.25;3123.5;65
20191210 121700;3123.75;3124;3123.5;3123.75;65
20191210 121800;3123.75;3124;3123.5;3123.5;37
20191210 121900;3123.25;3123.5;3123;3123;143
20191210 122000;3123;3123.5;3123;3123.25;55
20191210 122100;3123.25;3123.5;3123;3123.5;158
20191210 122200;3123.75;3125.25;3123.75;3125;158
20191210 122300;3124.75;3125;3124.5;3124.5;65
20191210 122400;3124.75;3125.25;3124.5;3125.25;89
20191210 122500;3125.25;3125.5;3124.75;3125.25;153
20191210 122600;3125.25;3125.5;3125;3125.25;93
20191210 122700;3125.25;3125.5;3125.25;3125.25;45
20191210 122800;3125.25;3125.5;3125;3125.25;38
20191210 122900;3125;3125.5;3125;3125.25;37
20191210 123000;3125.25;3125.25;3125.25;3125.25;4
20191210 123100;3125.25;3125.5;3125;3125;70
20191210 123200;3125.25;3125.25;3125;3125.25;47
20191210 123300;3125.25;3125.5;3125;3125.5;79
20191210 123400;3125.25;3125.75;3125.25;3125.25;65
20191210 123500;3125.25;3125.5;3125.25;3125.25;50
20191210 123600;3125.25;3125.5;3125;3125.25;72
20191210 123700;3125.25;3125.25;3124.75;3124.75;113
20191210 123800;3124.75;3124.75;3124.5;3124.75;113
20191210 123900;3124.75;3125;3124.75;3125;91
20191210 124000;3125;3125.5;3124.75;3125.25;275
20191210 124100;3125;3125;3124.5;3125;155
20191210 124200;3125;3125;3124.75;3124.75;83
20191210 124300;3125;3125;3124.25;3124.5;48
20191210 124400;3124.5;3125.25;3124.5;3124.5;382
20191210 124500;3124.5;3124.75;3124;3124.25;109
20191210 124600;3124;3124.5;3124;3124.5;54
20191210 124700;3124.5;3124.75;3124;3124.25;210
20191210 124800;3124.25;3124.25;3124;3124.25;49
20191210 124900;3124.25;3124.5;3124;3124.25;242
20191210 125000;3124.5;3124.5;3124.25;3124.25;72
20191210 125100;3124.25;3124.25;3123.75;3123.75;45
20191210 125200;3124;3124;3123.25;3123.5;71
20191210 125300;3123.25;3123.5;3122.5;3122.75;142
20191210 125400;3123;3123;3122.5;3123;53
20191210 125500;3123;3123;3122.75;3122.75;50
20191210 125600;3122.75;3123;3122.75;3123;45
20191210 125700;3123;3123.5;3122.75;3123.5;90
20191210 125800;3123.5;3123.5;3122.75;3122.75;82
20191210 125900;3123;3123.5;3122.75;3123.25;105
20191210 130000;3123;3123.25;3123;3123;20
20191210 130100;3123;3123.25;3122.75;3122.75;111
20191210 130200;3122.75;3122.75;3122.5;3122.75;58
20191210 130300;3122.75;3123.25;3122.75;3123.25;71
20191210 130400;3123.5;3123.75;3123.5;3123.75;99
20191210 130500;3123.5;3123.5;3123.25;3123.5;40
20191210 130600;3123.5;3123.75;3123.25;3123.75;55
20191210 130700;3123.5;3124.25;3123.5;3123.75;68
20191210 130800;3123.75;3123.75;3123.75;3123.75;28
20191210 130900;3123.5;3123.5;3123.5;3123.5;67
20191210 131000;3123;3123;3122.5;3123;67
20191210 131100;3122.75;3123.75;3122.75;3123.75;70
20191210 131200;3124;3124.25;3123.75;3124;54
20191210 131300;3124.25;3125.5;3124.25;3125.25;257
20191210 131400;3125.25;3127.25;3125;3126.75;433
20191210 131500;3127;3128.5;3126.5;3128.5;406
20191210 131600;3128.5;3129;3127.25;3127.25;363
20191210 131700;3127.5;3127.5;3126.75;3126.75;221
20191210 131800;3126.75;3127;3126.5;3126.75;105
20191210 131900;3126.75;3126.75;3126.5;3126.5;72
20191210 132000;3126.5;3127;3126.5;3126.75;137
20191210 132100;3126.5;3127.25;3126.5;3127;111
20191210 132200;3127;3127.5;3126.75;3127.25;125
20191210 132300;3127.5;3128.25;3127.25;3127.5;320
20191210 132400;3127.5;3127.75;3127.25;3127.5;50
20191210 132500;3127.5;3127.5;3127.5;3127.5;43
20191210 132600;3127.5;3127.75;3127.5;3127.5;21
20191210 132700;3127.5;3131.5;3127.5;3131.25;685
20191210 132800;3131.25;3132;3129.75;3130.5;612
20191210 132900;3130.75;3131.75;3130.25;3130.25;395
20191210 133000;3130.5;3130.75;3130;3130.75;101
20191210 133100;3130.75;3131;3130;3130;235
20191210 133200;3130.25;3130.25;3129.75;3129.75;131
20191210 133300;3129.75;3139.5;3129.75;3139.25;3057
20191210 133400;3139;3141;3136;3137.25;2235
20191210 133500;3137.25;3137.5;3135.75;3137;868
20191210 133600;3137;3139;3136.5;3138.25;751
20191210 133700;3138;3139.75;3138;3139.5;703
20191210 133800;3139.5;3141.25;3138.5;3139.75;855
20191210 133900;3139.75;3141;3138.75;3140;767
20191210 134000;3140.25;3141.25;3139.75;3140.25;684
20191210 134100;3140.75;3142;3140.5;3141.5;442
20191210 134200;3141.5;3141.5;3139.75;3140;539
20191210 134300;3140;3140.75;3139.75;3140.25;260
20191210 134400;3140.25;3140.5;3139.25;3139.25;349
20191210 134500;3139.25;3139.75;3138;3139.25;885
20191210 134600;3139.25;3140;3139;3140;203
20191210 134700;3140;3140;3138;3138;343
20191210 134800;3138;3138.25;3136.75;3137.75;597
20191210 134900;3137.5;3137.75;3137;3137.75;262
20191210 135000;3137.75;3138;3137.5;3138;200
20191210 135100;3138;3140.25;3137.75;3140;408
20191210 135200;3140;3140.5;3139;3139;300
20191210 135300;3139.25;3139.25;3138.5;3139;194
20191210 135400;3139;3139;3138.5;3138.75;87
20191210 135500;3138.75;3139.5;3138.75;3139.25;182
20191210 135600;3139.25;3139.5;3138.75;3138.75;200
20191210 135700;3139;3139.25;3138.75;3139.25;69
20191210 135800;3139.25;3139.25;3136.75;3137;626
20191210 135900;3137;3137.75;3136.75;3137;346
20191210 140000;3137;3138;3136.75;3137.5;335
20191210 140100;3137.75;3138.5;3137.25;3137.5;305
20191210 140200;3137.5;3138;3137;3137.25;129
20191210 140300;3137.25;3137.75;3136.5;3136.75;213
20191210 140400;3136.5;3137;3136.5;3136.5;243
20191210 140500;3136.5;3137;3136.5;3136.75;149
20191210 140600;3136.75;3137.5;3136.75;3137.5;175
20191210 140700;3137.25;3138.25;3137.25;3137.75;235
20191210 140800;3137.75;3138;3137.25;3137.5;148
20191210 140900;3137.5;3137.75;3136.5;3136.5;366
20191210 141000;3136.5;3137.25;3136.5;3136.75;197
20191210 141100;3136.75;3136.75;3136.5;3136.5;132
20191210 141200;3136.5;3136.5;3136.25;3136.5;99
20191210 141300;3136.5;3137.25;3136.25;3137;96
20191210 141400;3137.25;3137.75;3137;3137.75;130
20191210 141500;3137.75;3138;3137.25;3137.25;90
20191210 141600;3137.5;3137.75;3137;3137;112
20191210 141700;3137.25;3137.25;3136.5;3137;125
20191210 141800;3137;3137;3136.75;3136.75;48
20191210 141900;3136.75;3137;3136.75;3136.75;152
20191210 142000;3137;3137;3136.75;3137;13
20191210 142100;3137;3137;3135.75;3135.75;158
20191210 142200;3136;3136.25;3135.25;3135.75;279
20191210 142300;3135.5;3136;3135.5;3136;208
20191210 142400;3136;3136.25;3135.75;3136;60
20191210 142500;3136;3136.25;3135.75;3136;69
20191210 142600;3136;3136.25;3135.75;3136.25;98
20191210 142700;3136.5;3137;3136.5;3136.75;153
20191210 142800;3136.75;3137;3136.5;3136.75;42
20191210 142900;3136.5;3136.5;3135.5;3135.75;321
20191210 143000;3135.75;3136;3135.5;3135.75;134
20191210 143100;3136;3136.25;3133;3133.25;2792
20191210 143200;3133;3134;3132.25;3133.25;1781
20191210 143300;3133;3133.5;3131.5;3131.75;1641
20191210 143400;3131.75;3133.5;3131.25;3133.25;1432
20191210 143500;3133;3133.5;3132;3133.5;974
20191210 143600;3133.75;3133.75;3131.5;3132;1372
20191210 143700;3132;3133.25;3131.25;3132.25;1274
20191210 143800;3132.25;3132.5;3131.5;3131.75;916
20191210 143900;3131.5;3131.5;3125.5;3127.75;4855
20191210 144000;3127.5;3128.75;3126.75;3128.5;2044
20191210 144100;3128.5;3128.75;3127;3127.25;1444
20191210 144200;3127;3128.75;3126.75;3128.25;1107
20191210 144300;3128;3129.5;3127.75;3129;1309
20191210 144400;3129;3131.25;3128.75;3130.5;1678
20191210 144500;3130.5;3130.75;3129.5;3130.25;1188
20191210 144600;3130.25;3131;3129.5;3131;703
20191210 144700;3131;3132.5;3130.75;3132;1251
20191210 144800;3132;3132.75;3131.25;3131.75;887
20191210 144900;3131.75;3132.25;3130.75;3131.25;1003
20191210 145000;3131.25;3131.75;3130.75;3131;618
20191210 145100;3130.75;3132;3130.75;3132;745
20191210 145200;3132;3132.5;3131.5;3132.5;918
20191210 145300;3132.5;3132.75;3131.5;3131.75;564
20191210 145400;3131.75;3131.75;3130.75;3131.25;934
20191210 145500;3131.25;3133.5;3131;3133.25;1280
20191210 145600;3133.25;3134;3132.25;3133.75;1034
20191210 145700;3133.5;3134.25;3133.25;3133.25;991
20191210 145800;3133.25;3133.5;3131.5;3131.75;1055
20191210 145900;3131.5;3132;3131.25;3131.25;707
20191210 150000;3131.25;3132.75;3131.25;3132.5;709
20191210 150100;3132.75;3133.25;3132.25;3132.5;651
20191210 150200;3132.5;3134;3132.5;3133.75;989
20191210 150300;3133.75;3134.5;3133.25;3133.25;923
20191210 150400;3133.5;3134;3131.75;3132.5;934
20191210 150500;3132.5;3133.5;3132;3133;707
20191210 150600;3133;3134.75;3132.75;3134.25;1002
20191210 150700;3134.25;3135;3133.75;3133.75;802
20191210 150800;3133.75;3134.5;3133;3133.5;698
20191210 150900;3133.5;3135.25;3133.5;3135;694
20191210 151000;3135.25;3135.5;3134.5;3135.25;693
20191210 151100;3135.25;3135.25;3134.25;3134.75;818
20191210 151200;3134.75;3135.25;3134.5;3135;345
20191210 151300;3135;3136.25;3135;3136.25;1096
20191210 151400;3136.25;3137;3135.75;3136.75;885
20191210 151500;3136.75;3137.5;3136.25;3136.75;1101
20191210 151600;3136.75;3137.5;3136.5;3137;686
20191210 151700;3137.25;3137.25;3136.25;3136.25;573
20191210 151800;3136.25;3137;3136.25;3136.75;672
20191210 151900;3136.75;3137;3136.25;3136.75;468
20191210 152000;3136.75;3137.25;3136.5;3137.25;372
20191210 152100;3137;3137.25;3136.25;3136.5;491
20191210 152200;3136.75;3138;3136.75;3137.75;522
20191210 152300;3137.75;3138.5;3137.25;3138;838
20191210 152400;3138;3139.25;3137.25;3138.75;1035
20191210 152500;3139;3140;3138.5;3139.25;1240
20191210 152600;3139.25;3140.5;3139;3140.5;1279
20191210 152700;3140.5;3141;3139.75;3140.5;924
20191210 152800;3141;3141;3139.75;3140;415
20191210 152900;3140;3140.5;3139.75;3140;271
20191210 153000;3140;3142;3140;3141.25;1458
20191210 153100;3141.25;3141.75;3140.25;3140.5;826
20191210 153200;3140.5;3140.75;3140;3140;454
20191210 153300;3140;3140.5;3139.75;3139.75;444
20191210 153400;3140;3140.25;3139.75;3139.75;435
20191210 153500;3139.75;3140.5;3139.25;3139.5;565
20191210 153600;3139.5;3139.75;3139;3139.5;440
20191210 153700;3139.5;3139.75;3139.25;3139.25;158
20191210 153800;3139.25;3139.5;3139.25;3139.5;266
20191210 153900;3139.75;3140.25;3139.5;3139.5;572
20191210 154000;3139.5;3139.75;3139.25;3139.5;257
20191210 154100;3139.75;3140.5;3139.5;3140.25;280
20191210 154200;3140.25;3140.75;3139.5;3139.5;329
20191210 154300;3139.5;3139.75;3139.25;3139.5;291
20191210 154400;3139.5;3139.75;3139.25;3139.25;201
20191210 154500;3139.25;3139.5;3138.75;3139;550
20191210 154600;3139;3139.75;3138.5;3139.5;577
20191210 154700;3139.5;3140;3139;3139;221
20191210 154800;3139;3139.5;3138.75;3139.5;237
20191210 154900;3139.25;3139.5;3138.25;3138.5;459
20191210 155000;3138.5;3138.75;3137.75;3138;708
20191210 155100;3138;3138.25;3137.5;3138;700
20191210 155200;3138.25;3138.25;3137.5;3137.75;435
20191210 155300;3137.75;3138.75;3137.25;3138.5;488
20191210 155400;3138.5;3139;3138.5;3138.75;224
20191210 155500;3138.75;3138.75;3138.25;3138.5;270
20191210 155600;3138.5;3138.75;3138.25;3138.5;237
20191210 155700;3138.5;3139;3138.5;3138.75;264
20191210 155800;3139;3139.25;3138.25;3139;381
20191210 155900;3139.25;3140;3139.25;3140;554
20191210 160000;3139.75;3141.5;3139.75;3140.75;1068
20191210 160100;3140.75;3141.75;3140.5;3141.5;744
20191210 160200;3141.5;3143;3141.25;3142.25;1540
20191210 160300;3142.25;3142.25;3136;3137.5;5249
20191210 160400;3137.25;3137.25;3133.25;3135.25;4175
20191210 160500;3135.25;3136.5;3135;3136.25;1490
20191210 160600;3136.5;3138;3135.75;3137.25;1264
20191210 160700;3137.5;3139;3137.25;3138.5;658
20191210 160800;3138.5;3139.75;3138;3139.5;754
20191210 160900;3139.5;3141;3139.25;3140.75;1153
20191210 161000;3140.5;3140.5;3139.25;3139.5;784
20191210 161100;3139.25;3140.5;3138.75;3139.75;871
20191210 161200;3139.5;3140.25;3139.25;3139.5;257
20191210 161300;3139.25;3139.5;3138.5;3138.75;508
20191210 161400;3138.25;3138.75;3138.25;3138.5;354
20191210 161500;3138.5;3138.5;3136.5;3137.75;1192
20191210 161600;3137.5;3139;3137.5;3137.75;652
20191210 161700;3137.75;3138;3136.75;3137.75;557
20191210 161800;3137.5;3138.5;3137;3137;538
20191210 161900;3137;3137.5;3136.5;3136.75;399
20191210 162000;3136.5;3137.75;3136.25;3137;425
20191210 162100;3137;3137.5;3137;3137.5;283
20191210 162200;3137.5;3138.25;3137.25;3137.75;504
20191210 162300;3138;3138.25;3137;3137.5;258
20191210 162400;3137.5;3137.75;3137;3137;232
20191210 162500;3137.25;3137.5;3136.5;3137.25;418
20191210 162600;3137.5;3138;3136.75;3137.75;293
20191210 162700;3137.75;3138.25;3137.5;3138.25;167
20191210 162800;3138;3139;3137.75;3138.75;313
20191210 162900;3138.75;3139;3138;3138.5;314
20191210 163000;3138.5;3139;3138;3139;237
20191210 163100;3138.75;3139.75;3138.75;3139.75;679
20191210 163200;3139.75;3139.75;3138.75;3139.25;378
20191210 163300;3139.25;3139.25;3138;3138.25;325
20191210 163400;3138.25;3138.75;3137.25;3137.5;505
20191210 163500;3137.5;3138.5;3137;3138;448
20191210 163600;3138;3138.25;3137.25;3137.5;316
20191210 163700;3137.5;3137.75;3137;3137.25;247
20191210 163800;3137.5;3138.5;3137.5;3138.25;183
20191210 163900;3138.5;3138.5;3137.25;3137.5;171
20191210 164000;3137.5;3137.75;3137.25;3137.5;108
20191210 164100;3137.5;3138;3137;3137.25;380
20191210 164200;3137.25;3138.25;3137.25;3138.25;141
20191210 164300;3138;3139;3138;3138.75;393
20191210 164400;3138.75;3139.25;3138.75;3139;302
20191210 164500;3139;3139.25;3138.75;3138.75;321
20191210 164600;3139;3139.25;3138.5;3139.25;268
20191210 164700;3139.25;3139.75;3139.25;3139.25;211
20191210 164800;3139.25;3140.25;3139.25;3139.75;364
20191210 164900;3139.75;3139.75;3138.5;3138.5;341
20191210 165000;3138.5;3138.75;3138.25;3138.5;199
20191210 165100;3138.5;3139.25;3138.5;3138.75;138
20191210 165200;3138.75;3138.75;3138.25;3138.5;194
20191210 165300;3138.5;3138.75;3138.25;3138.25;56
20191210 165400;3138.5;3138.75;3138.25;3138.5;105
20191210 165500;3138.5;3138.75;3138.25;3138.25;154
20191210 165600;3138.25;3138.25;3137.75;3137.75;237
20191210 165700;3137.5;3137.5;3137;3137;231
20191210 165800;3137;3137.25;3136.5;3136.75;589
20191210 165900;3136.75;3137.25;3136.75;3137;242
20191210 170000;3137;3137.5;3137;3137.5;194
20191210 170100;3137.5;3137.5;3136.75;3137.5;247
20191210 170200;3137.5;3137.5;3136.75;3136.75;187
20191210 170300;3136.75;3137;3136.5;3137;241
20191210 170400;3137;3137.75;3137;3137.5;196
20191210 170500;3137.5;3137.5;3137;3137.25;176
20191210 170600;3137.25;3137.75;3137.25;3137.25;183
20191210 170700;3137;3137.25;3136.75;3137.25;84
20191210 170800;3137;3137.25;3136.5;3137;61
20191210 170900;3137;3137;3135.75;3136;564
20191210 171000;3136;3136.75;3135.75;3136.25;222
20191210 171100;3136.25;3136.5;3136;3136.25;184
20191210 171200;3136.5;3137;3136.5;3136.75;156
20191210 171300;3136.75;3136.75;3136.25;3136.75;77
20191210 171400;3136.75;3137;3136.75;3137;89
20191210 171500;3137.25;3137.25;3136.75;3136.75;179
20191210 171600;3136.5;3137;3135.75;3136.75;205
20191210 171700;3137;3137.25;3136.75;3137;140
20191210 171800;3137;3137.25;3137;3137.25;150
20191210 171900;3137.25;3137.25;3136.75;3137.25;84
20191210 172000;3137.5;3137.75;3137;3137.75;173
20191210 172100;3137.75;3137.75;3136.5;3136.75;381
20191210 172200;3136.75;3136.75;3136;3136.75;246
20191210 172300;3136.75;3136.75;3135.5;3135.75;254
20191210 172400;3136;3136;3135.5;3135.5;368
20191210 172500;3135.5;3136;3135;3135.75;586
20191210 172600;3135.5;3136.25;3135;3135.5;917
20191210 172700;3135.5;3135.5;3134;3134;952
20191210 172800;3134;3134.5;3133.75;3134.25;239
20191210 172900;3134.25;3135.25;3134.25;3134.5;500
20191210 173000;3134.5;3134.5;3134.25;3134.25;147
20191210 173100;3134.25;3134.75;3134;3134.5;341
20191210 173200;3134.75;3135;3134.5;3134.75;217
20191210 173300;3134.5;3134.75;3134.5;3134.75;60
20191210 173400;3134.75;3135.5;3134.5;3135.25;329
20191210 173500;3135.25;3135.5;3134.75;3135.5;239
20191210 173600;3135.5;3135.75;3135;3135;169
20191210 173700;3135;3135.5;3134.5;3135.25;256
20191210 173800;3135.25;3135.5;3135;3135.25;195
20191210 173900;3135.25;3135.25;3134.75;3135;266
20191210 174000;3134.75;3135.25;3134.75;3135;143
20191210 174100;3134.75;3134.75;3134.25;3134.5;275
20191210 174200;3134.75;3135;3134.5;3134.5;200
20191210 174300;3134.5;3134.75;3134.5;3134.5;91
20191210 174400;3134.5;3134.75;3134.25;3134.25;183
20191210 174500;3134.25;3134.5;3134.25;3134.25;87
20191210 174600;3134.5;3134.5;3134.25;3134.25;24
20191210 174700;3134.25;3134.75;3134.25;3134.75;161
20191210 174800;3134.5;3134.5;3134;3134;145
20191210 174900;3134;3134.25;3133.75;3134.25;223
20191210 175000;3134.25;3134.25;3133.75;3134;107
20191210 175100;3133.75;3134.25;3133.75;3133.75;277
20191210 175200;3133.75;3134;3133.5;3133.5;216
20191210 175300;3133.25;3134.5;3132.75;3133.75;816
20191210 175400;3133.75;3134.25;3133.5;3134;268
20191210 175500;3134;3134.5;3134;3134.5;119
20191210 175600;3134.5;3134.5;3134;3134.25;166
20191210 175700;3134;3135.5;3134;3135.5;471
20191210 175800;3135.5;3136.5;3135.25;3136.5;635
20191210 175900;3136.25;3138;3136.25;3137.5;998
20191210 180000;3137.75;3137.75;3136.75;3137;310
20191210 180100;3136.75;3138;3136.75;3137.75;198
20191210 180200;3138;3138.25;3137.75;3138.25;189
20191210 180300;3138.25;3138.25;3137.75;3137.75;101
20191210 180400;3138;3138;3137.5;3137.5;109
20191210 180500;3137.5;3137.5;3137;3137;162
20191210 180600;3137;3137.25;3136.75;3137;154
20191210 180700;3137;3137.75;3137;3137;342
20191210 180800;3137;3137.5;3137;3137.25;94
20191210 180900;3137.5;3137.5;3137;3137.25;99
20191210 181000;3137.25;3137.25;3136.75;3137;77
20191210 181100;3137.25;3137.5;3137;3137;163
20191210 181200;3137;3137.25;3136.75;3137.25;94
20191210 181300;3137.5;3138.75;3137.5;3138.5;344
20191210 181400;3138.5;3138.75;3138.25;3138.25;191
20191210 181500;3138.25;3138.25;3137.75;3137.75;142
20191210 181600;3138;3138;3137.5;3137.75;158
20191210 181700;3137.5;3137.5;3137.25;3137.25;164
20191210 181800;3137.25;3137.5;3137;3137.25;143
20191210 181900;3137.5;3137.75;3137.5;3137.5;118
20191210 182000;3137.75;3138;3137.25;3137.75;152
20191210 182100;3137.75;3137.75;3137.5;3137.75;229
20191210 182200;3137.75;3137.75;3137.25;3137.75;240
20191210 182300;3137.5;3137.5;3137.25;3137.5;103
20191210 182400;3137.5;3137.75;3137.5;3137.75;67
20191210 182500;3138;3138.25;3137.75;3138.25;192
20191210 182600;3138.25;3138.25;3137.75;3137.75;180
20191210 182700;3137.5;3137.75;3137.25;3137.25;152
20191210 182800;3137.25;3137.25;3136.75;3137;179
20191210 182900;3137;3137.25;3136.75;3137;231
20191210 183000;3136.75;3137.5;3136.5;3137.5;206
20191210 183100;3137.5;3137.5;3137;3137.25;158
20191210 183200;3137;3137;3136.5;3136.75;134
20191210 183300;3136.75;3136.75;3136.5;3136.75;42
20191210 183400;3136.75;3137.25;3136.75;3136.75;131
20191210 183500;3136.75;3137;3136.5;3136.75;73
20191210 183600;3136.75;3137.5;3136.75;3137.25;150
20191210 183700;3137;3137;3136.75;3136.75;38
20191210 183800;3136.75;3137;3136.75;3137;56
20191210 183900;3136.75;3137.25;3136.75;3137.25;118
20191210 184000;3137;3137.25;3137;3137.25;43
20191210 184100;3137.25;3137.25;3136.75;3136.75;95
20191210 184200;3136.75;3137;3136.75;3136.75;111
20191210 184300;3136.75;3136.75;3136.5;3136.75;59
20191210 184400;3136.75;3137;3136.75;3136.75;81
20191210 184500;3136.75;3136.75;3136.75;3136.75;66
20191210 184600;3137;3137;3136.75;3136.75;70
20191210 184700;3136.75;3136.75;3136.5;3136.5;63
20191210 184800;3136.75;3136.75;3136.5;3136.5;53
20191210 184900;3136.25;3136.75;3136.25;3136.5;185
20191210 185000;3136.5;3136.5;3136.25;3136.25;24
20191210 185100;3136.25;3136.5;3136.25;3136.25;92
20191210 185200;3136.5;3136.5;3136.25;3136.25;91
20191210 185300;3136.5;3136.75;3136.5;3136.5;157
20191210 185400;3136.5;3136.5;3135;3135.5;554
20191210 185500;3135.5;3136;3135.5;3135.75;175
20191210 185600;3135.5;3135.75;3135.25;3135.5;170
20191210 185700;3135.5;3135.75;3135.5;3135.5;17
20191210 185800;3135.5;3135.75;3135.25;3135.75;128
20191210 185900;3135.75;3135.75;3135.5;3135.5;119
20191210 190000;3135.5;3136;3135.5;3135.75;144
20191210 190100;3136;3136.25;3135.25;3135.5;330
20191210 190200;3135.5;3136.25;3135.25;3136.25;227
20191210 190300;3136;3136;3135.75;3136;78
20191210 190400;3136.25;3136.75;3136;3136.5;242
20191210 190500;3136.5;3136.75;3136.25;3136.25;112
20191210 190600;3136.5;3136.5;3136.25;3136.25;5
20191210 190700;3136.5;3137.75;3136.5;3137.5;274
20191210 190800;3137.5;3138.25;3137.5;3138.25;419
20191210 190900;3138;3138;3137.75;3137.75;179
20191210 191000;3137.75;3138;3137.5;3137.5;128
20191210 191100;3137.5;3138.25;3137.5;3138.25;142
20191210 191200;3138;3138.75;3137.75;3138.5;227
20191210 191300;3138.5;3139.25;3138.5;3138.75;388
20191210 191400;3138.75;3138.75;3138.5;3138.75;187
20191210 191500;3138.75;3139;3138.5;3138.75;149
20191210 191600;3138.75;3139;3138;3138;198
20191210 191700;3138;3138.5;3137.75;3138.25;238
20191210 191800;3138.25;3138.75;3138.25;3138.25;132
20191210 191900;3138.25;3138.25;3138.25;3138.25;5
20191210 192000;3138.25;3138.5;3138.25;3138.5;121
20191210 192100;3138.25;3138.75;3137.75;3137.75;153
20191210 192200;3137.75;3137.75;3137.5;3137.5;161
20191210 192300;3137.5;3137.75;3137.5;3137.75;95
20191210 192400;3137.75;3137.75;3137.5;3137.5;44
20191210 192500;3137.5;3137.75;3137.5;3137.75;56
20191210 192600;3137.75;3137.75;3137.5;3137.5;61
20191210 192700;3137.25;3137.5;3137;3137.25;221
20191210 192800;3137.5;3137.5;3136.75;3137;176
20191210 192900;3137;3137.25;3136.75;3137;91
20191210 193000;3136.75;3137;3136.75;3137;51
20191210 193100;3137;3137.75;3137;3137.5;145
20191210 193200;3137.75;3138.25;3137.75;3138;172
20191210 193300;3138;3138;3137.5;3137.5;100
20191210 193400;3137.5;3137.5;3137.25;3137.25;149
20191210 193500;3137.25;3137.25;3137;3137.25;29
20191210 193600;3137;3137;3136.25;3136.25;346
20191210 193700;3136.25;3136.75;3136.25;3136.25;173
20191210 193800;3136.25;3136.5;3136;3136;143
20191210 193900;3136;3136.25;3136;3136.25;15
20191210 194000;3136;3136.5;3136;3136.25;196
20191210 194100;3136;3136.25;3136;3136.25;79
20191210 194200;3136.25;3136.25;3135.75;3136;211
20191210 194300;3135.75;3136;3135.25;3136;324
20191210 194400;3136;3136.25;3135.75;3136;191
20191210 194500;3136.25;3136.5;3136.25;3136.25;151
20191210 194600;3136.25;3136.5;3135.75;3136.25;86
20191210 194700;3136.5;3137;3136.25;3136.25;209
20191210 194800;3136.25;3136.25;3135.5;3136;169
20191210 194900;3136.25;3136.75;3136;3136.25;104
20191210 195000;3136;3136.5;3136;3136.5;102
20191210 195100;3136.75;3137;3136.75;3136.75;61
20191210 195200;3137;3137.75;3137;3137.25;307
20191210 195300;3137.25;3137.5;3137;3137;144
20191210 195400;3137;3137.25;3137;3137;94
20191210 195500;3137;3137;3136.75;3136.75;31
20191210 195600;3136.75;3137;3136.75;3137;85
20191210 195700;3137;3137.5;3136.75;3137;54
20191210 195800;3137;3137;3136.75;3137;44
20191210 195900;3137;3137;3136.5;3136.5;113
20191210 200000;3136.5;3136.75;3136.5;3136.75;64
20191210 200100;3136.5;3137.25;3136.5;3137.25;152
20191210 200200;3137.25;3137.25;3136.75;3137;131
20191210 200300;3136.75;3136.75;3136.5;3136.75;102
20191210 200400;3136.75;3137;3136;3136;155
20191210 200500;3136;3136.25;3135.75;3135.75;180
20191210 200600;3135.75;3136;3135.5;3135.75;269
20191210 200700;3135.75;3136.25;3135.75;3135.75;181
20191210 200800;3135.75;3136;3135.75;3136;198
20191210 200900;3135.75;3136.25;3135.75;3136.25;37
20191210 201000;3136;3136.25;3135.25;3135.5;257
20191210 201100;3135.5;3136;3135.25;3136;205
20191210 201200;3135.75;3136.75;3135.5;3136.75;227
20191210 201300;3136.75;3137;3136;3137;307
20191210 201400;3137;3138.25;3136.5;3137.5;745
20191210 201500;3137.5;3137.5;3137;3137.25;283
20191210 201600;3137.25;3137.25;3136.5;3136.5;187
20191210 201700;3136.75;3136.75;3136.5;3136.5;87
20191210 201800;3136.5;3136.5;3135.5;3135.75;245
20191210 201900;3135.5;3135.5;3134.25;3135;815
20191210 202000;3134.75;3136;3134.75;3135.25;531
20191210 202100;3135.25;3135.5;3135.25;3135.25;139
20191210 202200;3135.5;3135.5;3135;3135;173
20191210 202300;3135;3135.25;3133.75;3134;676
20191210 202400;3134.25;3134.5;3133.75;3134;370
20191210 202500;3134;3135;3134;3134.25;397
20191210 202600;3134.25;3134.5;3134;3134.5;164
20191210 202700;3134.5;3134.75;3134.25;3134.5;153
20191210 202800;3134.5;3134.75;3134.5;3134.5;79
20191210 202900;3134.5;3134.5;3134;3134;251
20191210 203000;3134;3134.5;3134;3134;268
20191210 203100;3134.25;3134.25;3132.75;3132.75;645
20191210 203200;3132.75;3133;3131.5;3131.75;943
20191210 203300;3132;3132.75;3131.75;3132.25;674
20191210 203400;3132.25;3132.25;3130;3130.25;1399
20191210 203500;3130;3130.5;3128;3128.5;1460
20191210 203600;3128.25;3129.25;3127.75;3129.25;1054
20191210 203700;3129.25;3130.25;3128.25;3130.25;854
20191210 203800;3130.25;3130.75;3129.5;3130.75;786
20191210 203900;3130.75;3131.25;3130.5;3130.75;540
20191210 204000;3130.75;3131;3130;3130.25;255
20191210 204100;3130.25;3131.5;3130;3131.25;321
20191210 204200;3131.5;3131.5;3130.75;3131;219
20191210 204300;3131;3131.5;3130.75;3131.5;362
20191210 204400;3131.5;3132;3131.25;3131.75;475
20191210 204500;3131.75;3132.25;3131.75;3132;228
20191210 204600;3131.75;3132.25;3131.25;3131.5;358
20191210 204700;3131.75;3132.25;3131.25;3131.75;207
20191210 204800;3131.5;3132;3131.25;3131.75;291
20191210 204900;3131.5;3132;3130.75;3132;485
20191210 205000;3132;3133;3131.75;3133;639
20191210 205100;3133;3133;3131.5;3131.75;1119
20191210 205200;3131.5;3131.75;3131;3131.5;340
20191210 205300;3131.5;3131.75;3130.25;3131;744
20191210 205400;3131;3131;3130;3130.25;378
20191210 205500;3130.5;3131.5;3130.25;3130.75;1653
20191210 205600;3130.5;3131.75;3130.25;3131.75;501
20191210 205700;3131.75;3132.5;3131.5;3131.75;367
20191210 205800;3131.5;3131.75;3131;3131.5;247
20191210 205900;3131.75;3132.25;3131.5;3132.25;204
20191210 210000;3132.25;3133.5;3132.25;3133;1254
20191210 210100;3133;3134.25;3133;3133.75;451
20191210 210200;3133.75;3134;3133.75;3134;206
20191210 210300;3134;3134;3133.5;3133.75;179
20191210 210400;3133.5;3134;3133.5;3133.75;37
20191210 210500;3133.75;3134.5;3133.75;3134.5;185
20191210 210600;3134.5;3135.25;3134.5;3135;381
20191210 210700;3135.25;3135.25;3134.75;3134.75;38
20191210 210800;3134.75;3135.25;3134.75;3135.25;93
20191210 210900;3135.5;3135.75;3134.5;3134.5;249
20191210 211000;3134.5;3135;3134.5;3134.5;231
20191210 211100;3134.5;3134.5;3134.25;3134.5;60
20191210 211200;3134.5;3135.25;3134.5;3135;47
20191210 211300;3135;3135.25;3135;3135.25;36
20191210 211400;3135.25;3135.5;3135;3135.25;83
20191210 211500;3135.5;3136.5;3135.25;3136;307
20191210 213100;3136;3136.25;3135.75;3135.75;93
20191210 213200;3135.75;3136.25;3135.75;3136.25;81
20191210 213300;3136;3136.25;3136;3136.25;31
20191210 213400;3136;3136.5;3136;3136.25;63
20191210 213500;3136.25;3136.5;3136.25;3136.25;21
20191210 213600;3136.25;3136.75;3136.25;3136.75;42
20191210 213700;3136.75;3136.75;3136.25;3136.5;55
20191210 213800;3136.25;3136.5;3136.25;3136.25;43
20191210 213900;3136.5;3136.5;3136.25;3136.25;11
20191210 214000;3136.5;3136.75;3136.25;3136.5;45
20191210 214100;3136.5;3136.5;3136.25;3136.25;16
20191210 214200;3136.5;3136.5;3136.25;3136.25;9
20191210 214300;3136.25;3136.5;3136.25;3136.5;5
20191210 214400;3136.25;3136.25;3136.25;3136.25;2
20191210 214500;3136.5;3136.5;3136.25;3136.25;24
20191210 214600;3136.5;3136.5;3136.25;3136.5;27
20191210 214700;3136.25;3136.5;3136.25;3136.5;34
20191210 214800;3136.5;3136.75;3136.5;3136.75;19
20191210 214900;3136.5;3136.75;3136.5;3136.75;11
20191210 215000;3136.75;3136.75;3136.5;3136.75;156
20191210 215100;3136.75;3136.75;3136.5;3136.75;25
20191210 215200;3136.75;3136.75;3136.75;3136.75;48
20191210 215300;3136.75;3137;3136.75;3137;22
20191210 215400;3137;3137;3136.75;3136.75;11
20191210 215500;3137;3137;3136.75;3137;39
20191210 215600;3137;3137;3136.75;3137;45
20191210 215700;3136.75;3137;3136.75;3137;29
20191210 215800;3137;3137;3136.75;3137;16
20191210 215900;3136.75;3137;3136.75;3137;27
20191210 220000;3137.25;3137.25;3137;3137;52
20191210 230100;3136;3136.75;3135;3135.75;311
20191210 230200;3135.75;3135.75;3135;3135.25;88
20191210 230300;3135.5;3135.75;3135.25;3135.25;69
20191210 230400;3135.25;3135.5;3135.25;3135.25;40
20191210 230500;3135.25;3135.5;3135;3135;30
20191210 230600;3135;3135.5;3135;3135.5;48
20191210 230700;3135.5;3135.5;3134.75;3135;36
20191210 230800;3135;3135;3134.5;3134.75;25
20191210 230900;3134.75;3134.75;3134.5;3134.5;70
20191210 231000;3134.5;3134.5;3134.25;3134.5;31
20191210 231100;3134.75;3135;3134.5;3134.75;42
20191210 231200;3134.75;3135;3134.5;3134.75;34
20191210 231300;3134.75;3135.25;3134.75;3134.75;85
20191210 231400;3135;3135;3134.5;3134.5;29
20191210 231500;3134.5;3135;3134.5;3134.75;5
20191210 231600;3135;3135;3134.75;3135;34
20191210 231700;3135.25;3135.25;3135;3135;13
20191210 231800;3135;3135;3135;3135;4
20191210 231900;3135;3135.5;3135;3135.5;15
20191210 232000;3135.5;3135.5;3135.25;3135.5;52
20191210 232100;3135.75;3135.75;3135.5;3135.5;25
20191210 232200;3135.75;3136;3135.75;3135.75;52
20191210 232300;3136;3138.25;3136;3137.5;213
20191210 232400;3137.25;3137.25;3136.5;3136.5;66
20191210 232500;3136.75;3136.75;3136.25;3136.25;62
20191210 232600;3136.5;3136.5;3136.25;3136.5;54
20191210 232700;3136.25;3136.5;3136;3136.25;46
20191210 232800;3136.25;3136.25;3136.25;3136.25;80
20191210 232900;3136.25;3136.25;3136.25;3136.25;14
20191210 233000;3136;3136.25;3136;3136.25;19
20191210 233100;3136;3136;3135;3135;138
20191210 233200;3135;3135.25;3134.75;3135;43
20191210 233300;3135.25;3135.25;3135;3135.25;30
20191210 233400;3135.25;3135.25;3135;3135;17
20191210 233500;3135;3135.25;3134.75;3134.75;32
20191210 233600;3134.75;3135;3134.75;3135;20
20191210 233700;3135;3135.25;3135;3135.25;7
20191210 233800;3135;3135;3133.5;3134;253
20191210 233900;3134;3134.5;3134;3134.25;38
20191210 234000;3134.25;3134.5;3134.25;3134.5;19
20191210 234100;3134.5;3135;3134.5;3134.75;71
20191210 234200;3134.75;3135;3134.5;3134.75;25
20191210 234300;3134.75;3135;3134.75;3135;11
20191210 234400;3134.75;3134.75;3134.5;3134.5;46
20191210 234500;3134.5;3134.5;3134.25;3134.5;34
20191210 234600;3134.5;3134.75;3134.5;3134.75;30
20191210 234700;3134.5;3134.75;3134.5;3134.75;39
20191210 234800;3134.5;3134.5;3134.5;3134.5;8
20191210 234900;3134.25;3134.75;3134.25;3134.75;19
20191210 235000;3134.75;3134.75;3134.25;3134.25;8
20191210 235100;3134.5;3134.75;3134.5;3134.5;35
20191210 235200;3134.25;3134.25;3134;3134.25;55
20191210 235300;3134.25;3134.5;3134;3134;74
20191210 235400;3134.25;3134.25;3134;3134;61
20191210 235500;3134.25;3134.25;3133.5;3133.5;24
20191210 235600;3133.5;3134.25;3133.5;3134.25;39
20191210 235700;3134;3134;3133.75;3133.75;33
20191210 235800;3133.75;3133.75;3133.5;3133.5;38
20191210 235900;3133.5;3133.75;3133.5;3133.5;24
20191211 000000;3133.75;3134.25;3133.5;3134.25;69
20191211 000100;3134;3134.25;3134;3134.25;43
20191211 000200;3134.25;3134.25;3133.5;3134;75
20191211 000300;3134;3134;3133.75;3133.75;28
20191211 000400;3133.75;3134;3133.75;3134;47
20191211 000500;3133.75;3134.5;3133.75;3134.5;43
20191211 000600;3134.5;3134.5;3134.25;3134.5;38
20191211 000700;3134.75;3135;3134.5;3134.75;83
20191211 000800;3135;3135.5;3135;3135.25;56
20191211 000900;3135.25;3135.25;3134.5;3134.5;79
20191211 001000;3134.75;3134.75;3134.75;3134.75;29
20191211 001100;3134.75;3135.25;3134.5;3135.25;66
20191211 001200;3135;3135;3135;3135;29
20191211 001300;3134.75;3134.75;3134.25;3134.5;39
20191211 001400;3134.5;3134.5;3134.5;3134.5;43
20191211 001500;3134.5;3134.75;3134.5;3134.5;32
20191211 001600;3134.75;3135.25;3134;3134;102
20191211 001700;3134.25;3134.5;3134;3134.25;35
20191211 001800;3134.5;3135.25;3134.5;3135.25;50
20191211 001900;3135.25;3135.25;3135;3135;36
20191211 002000;3135;3135.25;3135;3135.25;26
20191211 002100;3135.25;3135.25;3135;3135;31
20191211 002200;3135.25;3135.25;3135.25;3135.25;39
20191211 002300;3135.25;3135.25;3135;3135;14
20191211 002400;3135;3135;3135;3135;21
20191211 002500;3135;3135.25;3135;3135;17
20191211 002600;3135;3135;3134.75;3134.75;5
20191211 002700;3134.75;3134.75;3134.75;3134.75;1
20191211 002800;3134.75;3135;3134.75;3135;54
20191211 002900;3135;3135;3134.75;3134.75;53
20191211 003000;3134.5;3134.5;3134;3134.25;39
20191211 003100;3134.25;3134.5;3134.25;3134.5;41
20191211 003200;3134.5;3134.5;3134.5;3134.5;22
20191211 003300;3134.5;3135;3134.5;3134.75;33
20191211 003400;3135;3135;3134.5;3134.5;40
20191211 003500;3134.25;3134.25;3133.25;3133.5;97
20191211 003600;3133.5;3133.75;3133.25;3133.75;129
20191211 003700;3133.75;3133.75;3133.5;3133.75;32
20191211 003800;3133.5;3133.5;3133.5;3133.5;27
20191211 003900;3133.75;3133.75;3133.25;3133.25;98
20191211 004000;3133;3133;3131;3132;620
20191211 004100;3132;3132.25;3130.5;3131.25;346
20191211 004200;3131.5;3131.5;3130.75;3131;149
20191211 004300;3131;3131;3130.25;3130.75;133
20191211 004400;3130.75;3131;3130.5;3130.75;61
20191211 004500;3130.75;3131;3130.5;3130.75;43
20191211 004600;3130.75;3131;3130.5;3130.75;65
20191211 004700;3131;3131.5;3130.75;3131.25;59
20191211 004800;3131.5;3131.5;3131.25;3131.25;47
20191211 004900;3131.25;3131.5;3131;3131.5;33
20191211 005000;3131.5;3132;3131.5;3131.75;99
20191211 005100;3132;3132;3131.75;3131.75;7
20191211 005200;3132;3132;3131.5;3131.5;32
20191211 005300;3131.25;3131.5;3131.25;3131.5;6
20191211 005400;3131.5;3131.75;3131.5;3131.5;36
20191211 005500;3131.5;3131.75;3131.5;3131.75;3
20191211 005700;3131.75;3131.75;3131.5;3131.5;4
20191211 005800;3131.5;3131.5;3131.25;3131.25;19
20191211 005900;3131.5;3131.5;3131.5;3131.5;12
20191211 010000;3131.5;3132.25;3131.5;3132.25;22
20191211 010100;3132;3132.25;3132;3132.25;106
20191211 010200;3132.25;3132.25;3132;3132;23
20191211 010300;3131.75;3131.75;3131.25;3131.5;49
20191211 010400;3131.75;3131.75;3131.5;3131.75;38
20191211 010500;3131.75;3131.75;3131.75;3131.75;2
20191211 010600;3131.75;3132;3131.5;3131.75;52
20191211 010700;3131.75;3131.75;3131.5;3131.5;10
20191211 010800;3131.75;3132;3131.75;3132;8
20191211 010900;3131.75;3131.75;3131.75;3131.75;10
20191211 011000;3131.75;3131.75;3131.75;3131.75;47
20191211 011100;3131.75;3131.75;3131.75;3131.75;24
20191211 011200;3132;3132;3131.75;3131.75;54
20191211 011300;3132;3132;3131.25;3131.25;9
20191211 011400;3131.25;3131.25;3131.25;3131.25;36
20191211 011500;3131;3131.25;3130.75;3131;84
20191211 011600;3130.75;3131.25;3130.5;3131.25;145
20191211 011700;3131.25;3131.25;3130.75;3131;73
20191211 011800;3131.25;3131.75;3131.25;3131.75;44
20191211 011900;3131.5;3131.75;3131.5;3131.5;58
20191211 012000;3131.25;3131.25;3131;3131;27
20191211 012100;3131.25;3131.25;3131;3131;29
20191211 012200;3131;3131;3130.75;3131;44
20191211 012300;3131;3131;3130.75;3131;28
20191211 012400;3131;3131;3131;3131;44
20191211 012500;3131;3131;3131;3131;11
20191211 012600;3131.25;3131.25;3131;3131.25;41
20191211 012700;3131;3131.25;3131;3131.25;3
20191211 012900;3131;3131;3131;3131;3
20191211 013000;3131;3131;3130.25;3130.5;133
20191211 013100;3130.5;3130.75;3130;3130;128
20191211 013200;3130;3130.25;3129.75;3130;264
20191211 013300;3129.75;3130.5;3129.75;3130.5;68
20191211 013400;3130.5;3130.75;3130.5;3130.75;60
20191211 013500;3130.5;3131.75;3130.5;3131.5;136
20191211 013600;3131.5;3131.75;3131.25;3131.25;75
20191211 013700;3131;3131.25;3131;3131.25;58
20191211 013800;3131.25;3131.5;3131.25;3131.25;74
20191211 013900;3131;3131.5;3131;3131.25;39
20191211 014000;3131.25;3131.25;3131;3131.25;42
20191211 014100;3131.25;3131.75;3131.25;3131.25;67
20191211 014200;3131.25;3131.5;3131.25;3131.5;20
20191211 014300;3131.5;3132;3131.5;3131.5;85
20191211 014400;3131.5;3131.5;3131.25;3131.5;39
20191211 014500;3131.5;3131.5;3131.5;3131.5;39
20191211 014600;3131.75;3131.75;3131.5;3131.75;42
20191211 014700;3131.75;3131.75;3131.5;3131.5;52
20191211 014800;3131.75;3131.75;3131.5;3131.5;54
20191211 014900;3131.75;3131.75;3131.75;3131.75;26
20191211 015000;3131.75;3132;3131.75;3131.75;31
20191211 015100;3131.75;3131.75;3131.75;3131.75;23
20191211 015200;3131.5;3131.75;3131.5;3131.75;51
20191211 015300;3131.75;3132.25;3131.75;3132.25;73
20191211 015400;3132.5;3132.75;3132.5;3132.5;128
20191211 015500;3132.75;3132.75;3132.5;3132.5;79
20191211 015600;3132.5;3132.75;3132.25;3132.5;27
20191211 015700;3132.5;3132.5;3131.5;3131.75;72
20191211 015800;3131.75;3131.75;3131.25;3131.5;35
20191211 015900;3131.5;3131.75;3131.25;3131.25;17
20191211 020000;3131.25;3131.5;3131.25;3131.5;6
20191211 020100;3131.25;3131.25;3131;3131.25;74
20191211 020200;3131.25;3131.5;3131.25;3131.5;35
20191211 020300;3131.5;3132;3131.5;3132;42
20191211 020400;3132.25;3132.25;3132;3132.25;30
20191211 020500;3132.25;3132.25;3132.25;3132.25;25
20191211 020600;3132.25;3132.25;3132;3132.25;29
20191211 020700;3132.25;3132.25;3132.25;3132.25;19
20191211 020900;3132.25;3132.25;3132.25;3132.25;7
20191211 021000;3132.5;3132.5;3132.5;3132.5;8
20191211 021100;3132.5;3132.5;3132.5;3132.5;12
20191211 021200;3132.25;3132.25;3132;3132;38
20191211 021300;3132;3132;3132;3132;10
20191211 021400;3132;3132;3131.75;3131.75;12
20191211 021500;3131.75;3131.75;3131.75;3131.75;11
20191211 021600;3131.75;3132;3131.75;3132;11
20191211 021700;3132;3132;3132;3132;1
20191211 021900;3132;3132.25;3132;3132.25;16
20191211 022000;3132.25;3132.25;3132;3132;4
20191211 022100;3131.75;3132.25;3131.75;3132.25;26
20191211 022200;3132.5;3132.75;3132.5;3132.75;42
20191211 022300;3132.5;3132.5;3132.25;3132.25;23
20191211 022400;3132;3132.25;3132;3132.25;20
20191211 022500;3132.25;3132.25;3132.25;3132.25;38
20191211 022600;3132.25;3132.25;3132.25;3132.25;9
20191211 022700;3132.25;3132.25;3132.25;3132.25;12
20191211 022800;3132.5;3132.5;3132.5;3132.5;3
20191211 022900;3132.5;3132.75;3132.5;3132.5;27
20191211 023000;3132.75;3132.75;3132.75;3132.75;8
20191211 023100;3132.75;3133;3132.75;3132.75;61
20191211 023200;3132.75;3132.75;3132.5;3132.5;15
20191211 023300;3132.5;3132.5;3132.5;3132.5;14
20191211 023400;3132.5;3132.5;3132.5;3132.5;31
20191211 023500;3132.75;3132.75;3132.5;3132.5;8
20191211 023600;3132.75;3133.25;3132.75;3133;52
20191211 023700;3133;3133;3132.5;3133;44
20191211 023900;3132.75;3133;3132.75;3132.75;24
20191211 024000;3132.5;3132.75;3132.5;3132.75;37
20191211 024100;3132.75;3133;3132.75;3133;36
20191211 024200;3133;3133;3133;3133;10
20191211 024300;3132.75;3132.75;3132.5;3132.75;20
20191211 024400;3132.5;3132.5;3132.25;3132.5;34
20191211 024500;3132.75;3132.75;3131.75;3132;132
20191211 024600;3131.75;3132.25;3131.75;3132.25;13
20191211 024800;3132;3132.5;3132;3132.25;55
20191211 024900;3132.5;3132.5;3132.5;3132.5;15
20191211 025000;3132.75;3132.75;3132.5;3132.5;33
20191211 025100;3132.5;3132.75;3132.5;3132.75;3
20191211 025200;3132.5;3132.5;3132.5;3132.5;18
20191211 025300;3132.5;3132.75;3132.5;3132.5;13
20191211 025500;3132.75;3132.75;3132.5;3132.5;5
20191211 025600;3132.5;3132.75;3132.5;3132.75;15
20191211 025700;3133;3133.25;3133;3133;76
20191211 025800;3133;3133;3133;3133;21
20191211 025900;3133;3133;3133;3133;27
20191211 030000;3133;3133.5;3133;3133.25;79
20191211 030100;3133.5;3133.5;3133.25;3133.25;22
20191211 030200;3133;3133;3132.75;3133;57
20191211 030300;3132.75;3132.75;3132.75;3132.75;44
20191211 030400;3133;3133;3133;3133;3
20191211 030500;3133;3133;3133;3133;15
20191211 030600;3132.75;3132.75;3132.75;3132.75;1
20191211 030700;3132.75;3132.75;3132.75;3132.75;9
20191211 030800;3132.75;3133;3132.75;3133;13
20191211 030900;3132.75;3132.75;3132.5;3132.75;26
20191211 031000;3132.75;3132.75;3132.75;3132.75;31
20191211 031100;3132.75;3132.75;3132.5;3132.75;17
20191211 031200;3132.75;3132.75;3132.75;3132.75;2
20191211 031300;3132.75;3132.75;3132.75;3132.75;11
20191211 031400;3133;3133;3133;3133;6
20191211 031500;3133.25;3133.25;3133.25;3133.25;33
20191211 031600;3133;3133;3133;3133;34
20191211 031700;3133;3133;3133;3133;11
20191211 031800;3133;3133;3133;3133;1
20191211 031900;3133;3133;3132.5;3132.5;33
20191211 032000;3132.75;3132.75;3132.75;3132.75;36
20191211 032100;3133;3133.25;3133;3133.25;30
20191211 032200;3133;3133.25;3133;3133.25;24
20191211 032300;3133;3133;3133;3133;6
20191211 032400;3133;3133;3133;3133;17
20191211 032500;3133;3133;3133;3133;1
20191211 032600;3133.25;3133.75;3133.25;3133.5;101
20191211 032700;3133.75;3134.5;3133.75;3134.5;195
20191211 032800;3134.5;3134.5;3134;3134.25;82
20191211 032900;3134;3134.25;3134;3134.25;26
20191211 033000;3134;3134.25;3134;3134.25;11
20191211 033100;3134.25;3134.25;3134;3134;18
20191211 033300;3133.75;3133.75;3133.75;3133.75;17
20191211 033400;3133.75;3134;3133.75;3134;27
20191211 033500;3134;3134;3134;3134;26
20191211 033600;3133.75;3133.75;3133.5;3133.75;36
20191211 033700;3133.75;3133.75;3133.75;3133.75;7
20191211 033800;3134;3134;3134;3134;52
20191211 033900;3134;3134;3134;3134;30
20191211 034000;3134;3134.25;3134;3134.25;7
20191211 034100;3134.25;3134.25;3134;3134.25;31
20191211 034200;3134.25;3134.25;3134;3134;22
20191211 034300;3134.25;3134.25;3134.25;3134.25;16
20191211 034400;3134;3134;3134;3134;3
20191211 034500;3134.25;3134.25;3134.25;3134.25;10
20191211 034600;3134.25;3134.25;3134.25;3134.25;2
20191211 034700;3134.25;3134.25;3134;3134.25;23
20191211 034800;3134.5;3134.5;3134.5;3134.5;14
20191211 035000;3134.25;3134.25;3134.25;3134.25;8
20191211 035100;3134.5;3134.5;3134.25;3134.5;11
20191211 035200;3134.25;3134.25;3134.25;3134.25;13
20191211 035300;3134.25;3134.25;3134.25;3134.25;7
20191211 035400;3134.5;3134.75;3134.5;3134.75;56
20191211 035500;3134.75;3134.75;3134.5;3134.5;26
20191211 035700;3134.5;3134.5;3134.5;3134.5;3
20191211 035800;3134.5;3134.5;3134.5;3134.5;8
20191211 035900;3134.75;3134.75;3134.5;3134.5;12
20191211 040000;3134.5;3134.5;3134.5;3134.5;11
20191211 040100;3134.25;3134.25;3134;3134;24
20191211 040200;3134;3134;3133.75;3134;24
20191211 040300;3134;3134;3134;3134;9
20191211 040400;3134;3134.25;3134;3134.25;41
20191211 040500;3134.25;3134.25;3134.25;3134.25;30
20191211 040800;3134;3134;3134;3134;1
20191211 040900;3134.25;3134.5;3134.25;3134.25;21
20191211 041000;3134.25;3134.25;3134.25;3134.25;5
20191211 041100;3134.25;3134.25;3134.25;3134.25;8
20191211 041200;3134.25;3134.25;3134.25;3134.25;7
20191211 041300;3134.25;3134.25;3134.25;3134.25;31
20191211 041400;3134.25;3134.5;3134.25;3134.25;17
20191211 041600;3134.25;3134.5;3134.25;3134.25;11
20191211 041700;3134;3134.25;3134;3134.25;20
20191211 041800;3134.25;3134.25;3134;3134.25;10
20191211 041900;3134.25;3134.25;3134.25;3134.25;15
20191211 042000;3134.25;3134.25;3134.25;3134.25;12
20191211 042100;3134.25;3134.25;3134.25;3134.25;4
20191211 042300;3134.5;3134.5;3134.5;3134.5;2
20191211 042400;3134.5;3134.5;3134.5;3134.5;11
20191211 042500;3134.75;3135.5;3134.75;3135.25;193
20191211 042600;3135.25;3135.25;3134.75;3134.75;50
20191211 042700;3135;3135;3135;3135;15
20191211 042800;3135.25;3135.25;3135.25;3135.25;7
20191211 042900;3135;3135;3135;3135;30
20191211 043000;3134.75;3135.25;3134.75;3135.25;26
20191211 043100;3135.25;3135.25;3135;3135;13
20191211 043300;3135;3135;3135;3135;2
20191211 043400;3135;3135;3135;3135;32
20191211 043500;3135;3135.25;3135;3135.25;17
20191211 043600;3135.25;3135.25;3135.25;3135.25;11
20191211 043700;3135;3135;3135;3135;23
20191211 043800;3135;3135;3135;3135;31
20191211 043900;3134.75;3134.75;3134.75;3134.75;2
20191211 044000;3134.75;3134.75;3134.75;3134.75;7
20191211 044100;3134.75;3134.75;3134.75;3134.75;1
20191211 044400;3134.5;3134.5;3134.25;3134.25;19
20191211 044500;3134.25;3134.25;3134.25;3134.25;1
20191211 044600;3134.25;3134.25;3134;3134.25;73
20191211 044700;3134.25;3134.25;3134.25;3134.25;9
20191211 044800;3134;3134;3134;3134;21
20191211 044900;3134;3134.25;3134;3134;13
20191211 045000;3134;3134;3134;3134;3
20191211 045200;3134.25;3134.25;3134;3134;9
20191211 045300;3134;3134;3134;3134;4
20191211 045400;3134;3134;3133.75;3133.75;18
20191211 045500;3134;3134;3133.75;3133.75;28
20191211 045600;3133.5;3133.75;3133.25;3133.75;48
20191211 045700;3133.75;3133.75;3133.75;3133.75;2
20191211 045800;3133.75;3133.75;3133.5;3133.75;5
20191211 045900;3133.75;3133.75;3133.5;3133.75;19
20191211 050000;3133.5;3134;3133.5;3133.75;36
20191211 050100;3133.5;3133.75;3133.5;3133.75;17
20191211 050200;3133.75;3133.75;3133.75;3133.75;16
20191211 050400;3134;3134.25;3134;3134.25;61
20191211 050500;3134.25;3134.25;3134.25;3134.25;53
20191211 050600;3134;3134.25;3134;3134;31
20191211 050700;3134;3134;3133.75;3133.75;19
20191211 050800;3134;3134.25;3134;3134.25;47
20191211 050900;3134;3134;3134;3134;14
20191211 051000;3134.25;3134.25;3134;3134;37
20191211 051100;3134.25;3134.5;3134.25;3134.5;24
20191211 051200;3134.5;3134.75;3134.5;3134.5;26
20191211 051300;3134.75;3135;3134.75;3135;46
20191211 051400;3134.75;3134.75;3134.5;3134.5;26
20191211 051500;3134.5;3134.5;3134.5;3134.5;5
20191211 051600;3134.5;3134.5;3134.5;3134.5;6
20191211 051700;3134.25;3134.25;3134;3134.25;33
20191211 051900;3134;3134;3134;3134;3
20191211 052000;3134;3134;3134;3134;34
20191211 052100;3134;3134;3133.5;3133.5;53
20191211 052200;3133.75;3133.75;3133.5;3133.5;23
20191211 052300;3133.5;3133.5;3133.5;3133.5;13
20191211 052400;3133.5;3133.5;3133.5;3133.5;12
20191211 052500;3133.75;3133.75;3133.75;3133.75;1
20191211 052600;3133.5;3133.5;3133.5;3133.5;1
20191211 052700;3133.5;3133.5;3133.5;3133.5;1
20191211 052800;3133.5;3133.5;3133.25;3133.5;69
20191211 052900;3133.25;3133.5;3133.25;3133.5;27
20191211 053100;3133.5;3133.75;3133.5;3133.75;25
20191211 053200;3133.5;3134;3133.5;3133.75;31
20191211 053300;3133.75;3134;3133.75;3134;4
20191211 053400;3134;3134.25;3134;3134.25;38
20191211 053500;3134.25;3134.25;3134.25;3134.25;8
20191211 053600;3134.5;3134.5;3134.25;3134.25;23
20191211 053800;3134.25;3134.25;3134.25;3134.25;3
20191211 053900;3134.25;3134.25;3134.25;3134.25;9
20191211 054000;3134.25;3134.25;3134.25;3134.25;1
20191211 054100;3134.25;3135;3134.25;3134.75;95
20191211 054200;3134.75;3134.75;3134.5;3134.75;6
20191211 054300;3134.75;3135;3134.75;3135;16
20191211 054400;3135;3135;3134.75;3134.75;5
20191211 054500;3135;3135;3135;3135;13
20191211 054600;3135.25;3135.25;3135;3135.25;32
20191211 054700;3135.25;3135.75;3135;3135.25;85
20191211 054800;3135;3135.25;3135;3135.25;2
20191211 054900;3135.25;3135.25;3135.25;3135.25;10
20191211 055000;3135;3135.25;3135;3135;13
20191211 055100;3135.25;3135.25;3135;3135;26
20191211 055200;3135.25;3135.25;3135;3135;21
20191211 055300;3135.25;3135.25;3135.25;3135.25;3
20191211 055400;3135.5;3135.75;3135.5;3135.75;37
20191211 055500;3135.75;3136;3135.5;3135.75;53
20191211 055600;3135.75;3136;3135.75;3135.75;27
20191211 055700;3135.75;3135.75;3135.25;3135.5;36
20191211 055800;3135.5;3135.5;3135.5;3135.5;24
20191211 060000;3135.75;3136;3135.75;3135.75;67
20191211 060100;3135.75;3136.5;3135.75;3136.25;124
20191211 060200;3136;3136.25;3136;3136.25;15
20191211 060300;3136.25;3136.25;3136;3136;12
20191211 060400;3136.25;3136.5;3136.25;3136.25;30
20191211 060500;3136.25;3136.25;3136.25;3136.25;5
20191211 060600;3136;3136;3135.5;3135.5;56
20191211 060700;3135.5;3135.5;3135.5;3135.5;3
20191211 060800;3135.25;3135.25;3134.75;3135;66
20191211 060900;3134.75;3134.75;3134.5;3134.5;38
20191211 061000;3134.5;3134.75;3134.25;3134.75;18
20191211 061100;3134.75;3134.75;3134.75;3134.75;13
20191211 061300;3134.75;3134.75;3134.75;3134.75;13
20191211 061400;3135;3135;3135;3135;7
20191211 061500;3135;3135;3135;3135;10
20191211 061600;3134.75;3135.25;3134.75;3135;26
20191211 061700;3135;3135.5;3135;3135.5;6
20191211 061800;3135.5;3135.5;3135.25;3135.25;11
20191211 061900;3135.25;3135.25;3135.25;3135.25;6
20191211 062000;3135.25;3135.25;3135;3135;24
20191211 062100;3135;3135;3135;3135;50
20191211 062200;3134.75;3134.75;3134.75;3134.75;1
20191211 062300;3135;3135;3135;3135;4
20191211 062400;3135;3135;3135;3135;2
20191211 062500;3135.25;3135.25;3135;3135;18
20191211 062600;3135;3135;3135;3135;8
20191211 062700;3135;3135;3135;3135;1
20191211 063000;3135.25;3135.25;3135.25;3135.25;13
20191211 063200;3135;3135;3135;3135;1
20191211 063300;3135;3135;3135;3135;34
20191211 063400;3135.25;3135.25;3135.25;3135.25;14
20191211 063500;3135.5;3135.5;3135.5;3135.5;4
20191211 063600;3135.5;3136;3135.5;3136;26
20191211 063700;3136;3136;3136;3136;1
20191211 063800;3136;3136.25;3136;3136.25;45
20191211 063900;3136.25;3136.25;3136;3136;22
20191211 064000;3136;3136;3135.75;3135.75;10
20191211 064100;3135.75;3135.75;3135.75;3135.75;13
20191211 064200;3135.5;3135.75;3135.5;3135.75;6
20191211 064300;3135.75;3135.75;3135.75;3135.75;19
20191211 064400;3135.75;3135.75;3135.75;3135.75;5
20191211 064500;3135.75;3135.75;3135.75;3135.75;7
20191211 064600;3135.75;3135.75;3135.75;3135.75;17
20191211 064700;3135.75;3135.75;3135.75;3135.75;3
20191211 064800;3135.75;3135.75;3135.75;3135.75;13
20191211 064900;3135.75;3135.75;3135.75;3135.75;2
20191211 065000;3135.75;3136;3135.75;3136;17
20191211 065100;3136.25;3136.25;3136.25;3136.25;2
20191211 065200;3136.25;3136.25;3136;3136;58
20191211 065300;3136.25;3136.5;3136.25;3136.25;27
20191211 065400;3136.25;3136.25;3136.25;3136.25;1
20191211 065500;3136;3136;3136;3136;13
20191211 065600;3136;3136;3136;3136;40
20191211 065900;3135.75;3135.75;3135.75;3135.75;19
20191211 070000;3136;3136;3136;3136;28
20191211 070200;3135.75;3136;3135.25;3135.75;79
20191211 070300;3135.5;3136;3135.5;3136;36
20191211 070400;3136;3136.25;3136;3136;49
20191211 070500;3136.25;3136.25;3135.75;3135.75;6
20191211 070600;3136;3136;3136;3136;20
20191211 070700;3136.25;3136.25;3136.25;3136.25;11
20191211 070800;3136.5;3136.5;3136.5;3136.5;25
20191211 070900;3136.5;3136.5;3136.25;3136.25;13
20191211 071000;3136.25;3136.25;3136;3136;19
20191211 071100;3136;3136;3136;3136;1
20191211 071200;3136.25;3136.25;3135.25;3135.5;58
20191211 071300;3135.5;3135.5;3135.25;3135.5;31
20191211 071400;3135.5;3135.5;3135.25;3135.25;35
20191211 071500;3135.5;3135.5;3135.25;3135.25;24
20191211 071600;3135.5;3135.5;3135.25;3135.25;29
20191211 071700;3135.25;3135.25;3135.25;3135.25;1
20191211 071800;3135.25;3135.25;3135.25;3135.25;11
20191211 071900;3135;3135.25;3135;3135.25;36
20191211 072000;3135.25;3135.25;3135.25;3135.25;19
20191211 072100;3135.25;3135.25;3135.25;3135.25;6
20191211 072200;3135.25;3135.25;3135.25;3135.25;51
20191211 072300;3135.25;3135.25;3135;3135;13
20191211 072400;3135;3135.25;3135;3135;45
20191211 072500;3135.25;3135.25;3135.25;3135.25;20
20191211 072600;3135.25;3135.25;3135.25;3135.25;23
20191211 072800;3135;3135.25;3135;3135.25;105
20191211 072900;3135.25;3135.25;3135.25;3135.25;10
20191211 073000;3135.25;3135.25;3135.25;3135.25;14
20191211 073100;3135.25;3135.25;3134.25;3134.5;292
20191211 073200;3134.25;3134.25;3133.5;3134;157
20191211 073300;3133.75;3133.75;3133;3133.5;136
20191211 073400;3133.5;3134;3133.5;3133.5;68
20191211 073500;3133.75;3133.75;3133.25;3133.25;82
20191211 073600;3133.25;3134;3133.25;3134;115
20191211 073700;3133.75;3134;3133.75;3133.75;112
20191211 073800;3134;3134;3134;3134;13
20191211 073900;3134;3134;3133.75;3134;59
20191211 074000;3134;3134;3133.75;3133.75;45
20191211 074100;3133.75;3133.75;3133.75;3133.75;45
20191211 074200;3133.5;3133.75;3133.25;3133.75;53
20191211 074300;3134;3134;3133.75;3133.75;35
20191211 074400;3134;3134;3133.75;3133.75;12
20191211 074500;3133.75;3134;3133.75;3134;19
20191211 074600;3134;3134.25;3134;3134;39
20191211 074700;3134;3134;3133.75;3133.75;30
20191211 074800;3133.75;3134;3133.75;3134;58
20191211 074900;3134;3134;3134;3134;9
20191211 075000;3134.25;3134.5;3134.25;3134.25;82
20191211 075100;3134.5;3134.75;3134.5;3134.5;44
20191211 075200;3134.5;3134.5;3134.25;3134.25;10
20191211 075300;3134.25;3134.5;3134.25;3134.5;22
20191211 075400;3134.5;3134.75;3134.5;3134.75;12
20191211 075500;3134.5;3134.5;3134.5;3134.5;33
20191211 075600;3134.25;3134.25;3134;3134;31
20191211 075700;3134;3134;3133.75;3134;73
20191211 075800;3134;3134.25;3134;3134.25;55
20191211 075900;3134.25;3134.5;3134;3134;20
20191211 080000;3134.25;3134.25;3134;3134;9
20191211 080100;3134;3135.75;3133.25;3135;549
20191211 080200;3135;3135.5;3134.5;3135.25;217
20191211 080300;3135;3135.5;3135;3135.5;58
20191211 080400;3135.5;3137.5;3135.5;3137.25;391
20191211 080500;3137.25;3139.25;3137.25;3138.25;416
20191211 080600;3138.5;3139.25;3138;3138.75;408
20191211 080700;3138.75;3139;3138.25;3138.5;155
20191211 080800;3138.5;3138.5;3138.25;3138.25;72
20191211 080900;3138.25;3138.75;3138.25;3138.5;114
20191211 081000;3138.25;3139;3138.25;3138.5;103
20191211 081100;3138.75;3139;3138.25;3138.5;122
20191211 081200;3138.25;3138.5;3138;3138;100
20191211 081300;3137.75;3138;3137.5;3137.75;136
20191211 081400;3137.75;3138;3137.75;3138;23
20191211 081500;3138;3138.5;3138;3138.5;83
20191211 081600;3138.5;3139;3138.5;3138.75;77
20191211 081700;3138.75;3138.75;3138.5;3138.75;78
20191211 081800;3138.75;3138.75;3137.5;3138;345
20191211 081900;3137.75;3138;3137.5;3138;87
20191211 082000;3138;3143.25;3138;3143;1141
20191211 082100;3142.75;3142.75;3140.5;3140.5;358
20191211 082200;3140.25;3140.25;3139.75;3139.75;160
20191211 082300;3140;3140.75;3140;3140.75;158
20191211 082400;3140.5;3140.5;3140;3140;139
20191211 082500;3140;3140.25;3139.75;3139.75;99
20191211 082600;3139.75;3140.75;3139.75;3140;156
20191211 082700;3140;3140;3139.5;3139.75;76
20191211 082800;3139.75;3140;3139.5;3139.75;83
20191211 082900;3139.5;3139.75;3139.5;3139.5;69
20191211 083000;3139.5;3139.75;3139.5;3139.5;63
20191211 083100;3139.5;3140.25;3139.5;3140;86
20191211 083200;3140;3140;3139;3139.75;127
20191211 083300;3140;3140.5;3139.5;3140;96
20191211 083400;3140.25;3140.5;3139.75;3139.75;95
20191211 083500;3139.5;3139.5;3139.5;3139.5;34
20191211 083600;3139.5;3140.25;3139.5;3140.25;64
20191211 083700;3140.25;3140.25;3140;3140;41
20191211 083800;3140;3140.5;3140;3140.5;62
20191211 083900;3140.5;3140.5;3140.25;3140.25;63
20191211 084000;3140;3140;3139.25;3139.25;65
20191211 084100;3139.5;3139.75;3138.5;3138.75;177
20191211 084200;3138.75;3139.5;3138.75;3139.5;92
20191211 084300;3139.25;3139.25;3138.75;3138.75;93
20191211 084400;3139;3139;3138.75;3138.75;43
20191211 084500;3138.75;3139;3138.75;3138.75;72
20191211 084600;3138.75;3139;3138.5;3138.5;108
20191211 084700;3138.75;3138.75;3137.5;3137.75;184
20191211 084800;3137.75;3137.75;3137.5;3137.5;99
20191211 084900;3137.25;3137.5;3137.25;3137.25;65
20191211 085000;3137.25;3137.5;3136.75;3137;83
20191211 085100;3137.25;3137.5;3136.75;3137.5;109
20191211 085200;3137.5;3137.75;3137.25;3137.75;14
20191211 085300;3137.75;3137.75;3136.75;3136.75;81
20191211 085400;3136.75;3137;3136.75;3136.75;69
20191211 085500;3136.5;3136.5;3132.5;3134.25;883
20191211 085600;3134.25;3135;3132.25;3134.5;410
20191211 085700;3134.25;3134.25;3133.25;3133.75;188
20191211 085800;3133.75;3134;3132.75;3133.5;179
20191211 085900;3133.5;3134.25;3133.25;3133.75;195
20191211 090000;3133.5;3133.5;3132;3132.25;209
20191211 090100;3132;3132.75;3131.25;3132.75;391
20191211 090200;3132.75;3133;3132.5;3133;123
20191211 090300;3133;3133.5;3132.75;3133.25;118
20191211 090400;3133;3134;3133;3133.75;133
20191211 090500;3133.75;3134;3133.5;3134;107
20191211 090600;3133.75;3135;3133.75;3134.5;174
20191211 090700;3134.5;3134.75;3134.5;3134.5;101
20191211 090800;3134.5;3134.75;3134.5;3134.75;87
20191211 090900;3134.75;3135.25;3134.75;3135;77
20191211 091000;3135;3135.25;3134.75;3135;33
20191211 091100;3134.75;3134.75;3134.25;3134.5;82
20191211 091200;3134.5;3135;3134.5;3135;59
20191211 091300;3135;3135;3134.25;3134.75;29
20191211 091400;3134.25;3134.5;3134.25;3134.5;26
20191211 091500;3134.5;3134.5;3134;3134.25;37
20191211 091600;3134;3134.25;3133.5;3134.25;77
20191211 091700;3134.25;3134.75;3134.25;3134.75;67
20191211 091800;3134.75;3135;3134.25;3135;37
20191211 091900;3135;3135.25;3134.5;3134.75;74
20191211 092000;3134.75;3135;3134.25;3134.5;51
20191211 092100;3134.5;3134.5;3134.25;3134.5;56
20191211 092200;3134.75;3134.75;3134.25;3134.25;55
20191211 092300;3134.25;3134.25;3134.25;3134.25;28
20191211 092400;3134.25;3134.25;3134;3134.25;35
20191211 092500;3133.75;3133.75;3133.75;3133.75;30
20191211 092600;3133.75;3134.25;3133.5;3134;144
20191211 092700;3134;3134.25;3133.75;3133.75;43
20191211 092800;3134;3134.5;3134;3134.25;47
20191211 092900;3134.75;3134.75;3134.5;3134.5;53
20191211 093000;3134.5;3134.5;3133.75;3134;71
20191211 093100;3134;3134.75;3134;3134.25;77
20191211 093200;3134.25;3134.25;3133;3133.25;148
20191211 093300;3133.25;3133.25;3132.25;3132.5;149
20191211 093400;3132.5;3133.25;3132.5;3133.25;51
20191211 093500;3133.25;3133.5;3133;3133;86
20191211 093600;3133;3133.25;3133;3133.25;53
20191211 093700;3133.25;3133.5;3133.25;3133.25;29
20191211 093800;3133;3133.25;3133;3133.25;58
20191211 093900;3133.25;3133.5;3133.25;3133.25;38
20191211 094000;3133.5;3134.25;3133.5;3134;108
20191211 094100;3134;3134.75;3134;3134.75;69
20191211 094200;3134.5;3135.25;3134.25;3134.25;135
20191211 094300;3134.25;3134.25;3133.25;3133.75;134
20191211 094400;3133.75;3134.5;3133.75;3134;99
20191211 094500;3134;3134;3133.5;3133.5;48
20191211 094600;3133.5;3134;3133.25;3134;55
20191211 094700;3134;3134;3134;3134;9
20191211 094800;3134;3134.5;3134;3134.5;56
20191211 094900;3134.5;3134.75;3134.25;3134.25;70
20191211 095000;3134.25;3134.25;3134;3134;50
20191211 095100;3134;3135;3134;3134.25;76
20191211 095200;3134.25;3134.75;3134.25;3134.5;45
20191211 095300;3134.5;3135;3134;3134.75;66
20191211 095400;3134.5;3134.5;3134.5;3134.5;16
20191211 095500;3134.75;3134.75;3134.25;3134.5;92
20191211 095600;3134.5;3134.75;3134.25;3134.75;32
20191211 095700;3134.75;3134.75;3134.75;3134.75;30
20191211 095800;3134.75;3134.75;3134.25;3134.25;63
20191211 095900;3134.25;3134.25;3134.25;3134.25;45
20191211 100000;3134.25;3134.25;3134;3134.25;86
20191211 100100;3134.5;3135.75;3134.5;3134.75;292
20191211 100200;3135;3135;3134.25;3134.25;113
20191211 100300;3134.25;3135;3134.25;3135;97
20191211 100400;3135.25;3135.75;3135.25;3135.5;200
20191211 100500;3135.5;3135.75;3135.5;3135.75;64
20191211 100600;3136;3136.25;3135.25;3135.75;139
20191211 100700;3135.5;3136;3135.5;3136;86
20191211 100800;3135.5;3135.5;3135.25;3135.5;34
20191211 100900;3135.5;3135.5;3135.5;3135.5;24
20191211 101000;3135.75;3135.75;3135.5;3135.5;48
20191211 101100;3135.75;3135.75;3135.5;3135.5;39
20191211 101200;3135.75;3136;3135.5;3135.75;102
20191211 101300;3135.75;3135.75;3135;3135.25;77
20191211 101400;3135.25;3135.5;3135;3135.25;60
20191211 101500;3135.25;3135.5;3135.25;3135.5;38
20191211 101600;3135.5;3135.75;3135.5;3135.5;39
20191211 101700;3135.5;3135.5;3135.25;3135.25;14
20191211 101800;3135.25;3135.5;3135.25;3135.5;25
20191211 101900;3135.75;3136;3135.25;3135.25;68
20191211 102000;3135.25;3135.75;3135.25;3135.75;46
20191211 102100;3135.75;3135.75;3135.75;3135.75;9
20191211 102200;3136;3136.25;3135.5;3135.5;138
20191211 102300;3135.25;3135.75;3135.25;3135.5;54
20191211 102400;3135.5;3135.75;3135.5;3135.5;15
20191211 102500;3135.5;3135.5;3134.5;3135;92
20191211 102600;3135;3135.5;3134.75;3135.25;192
20191211 102700;3135.25;3135.5;3135.25;3135.25;54
20191211 102800;3135.25;3135.25;3135;3135.25;14
20191211 102900;3135;3135;3135;3135;20
20191211 103000;3135.25;3135.25;3135;3135;3
20191211 103100;3134.75;3134.75;3134.5;3134.75;28
20191211 103200;3134.75;3134.75;3134.5;3134.75;47
20191211 103300;3134.5;3134.5;3134;3134.5;39
20191211 103400;3134.5;3134.5;3134.5;3134.5;57
20191211 103500;3134.75;3134.75;3134.5;3134.5;31
20191211 103600;3134.5;3134.5;3134.25;3134.25;14
20191211 103700;3134.25;3134.25;3134.25;3134.25;2
20191211 103800;3134.25;3134.25;3133.25;3133.25;138
20191211 103900;3133.25;3133.5;3132.5;3132.5;180
20191211 104000;3132.5;3133;3132.5;3132.75;72
20191211 104100;3132.75;3133;3132.75;3133;34
20191211 104200;3133.25;3133.5;3133.25;3133.5;91
20191211 104300;3133.75;3133.75;3133.5;3133.5;34
20191211 104400;3133.5;3133.5;3132.5;3133.25;299
20191211 104500;3133;3133.25;3133;3133;40
20191211 104600;3133;3133;3133;3133;30
20191211 104700;3133;3133;3132.75;3133;80
20191211 104800;3133;3133.25;3133;3133.25;25
20191211 104900;3133;3133;3133;3133;1
20191211 105000;3133.25;3133.5;3133.25;3133.5;79
20191211 105100;3133.25;3133.25;3133.25;3133.25;13
20191211 105200;3133.5;3133.5;3133.5;3133.5;1
20191211 105300;3133.5;3134;3133.5;3133.75;77
20191211 105400;3134;3134;3133.75;3133.75;32
20191211 105500;3133.75;3134.25;3133.75;3134.25;76
20191211 105600;3134.25;3134.25;3133.75;3134;60
20191211 105700;3134.25;3134.25;3134;3134;14
20191211 105800;3134;3134;3134;3134;28
20191211 105900;3134;3134.5;3134;3134.5;90
20191211 110000;3134.75;3134.75;3134.75;3134.75;1
20191211 110100;3134.75;3134.75;3134.5;3134.5;86
20191211 110200;3134.75;3135.25;3134.5;3135;95
20191211 110300;3135;3135.5;3135;3135;71
20191211 110400;3135.25;3135.25;3135;3135.25;37
20191211 110500;3135.25;3136;3135.25;3135.75;129
20191211 110600;3135.5;3135.75;3135.5;3135.5;35
20191211 110700;3135.5;3135.5;3135.5;3135.5;32
20191211 110800;3135.5;3135.5;3134.75;3134.75;42
20191211 110900;3135;3135.25;3135;3135.25;55
20191211 111000;3135.25;3135.25;3135.25;3135.25;40
20191211 111100;3135;3135;3135;3135;3
20191211 111200;3135;3135;3134.75;3134.75;47
20191211 111300;3134.5;3134.75;3134.25;3134.75;77
20191211 111400;3134.5;3134.5;3134.5;3134.5;54
20191211 111500;3134.5;3134.5;3134.5;3134.5;14
20191211 111600;3134.5;3134.75;3134.5;3134.5;83
20191211 111700;3134.5;3134.5;3134.25;3134.5;24
20191211 111800;3134.5;3134.5;3134;3134;29
20191211 111900;3134;3134;3133.75;3133.75;22
20191211 112000;3133.75;3133.75;3133;3133;60
20191211 112100;3133;3133.75;3133;3133.75;51
20191211 112300;3133.75;3133.75;3133.75;3133.75;36
20191211 112400;3133.75;3133.75;3133.75;3133.75;17
20191211 112500;3133.75;3133.75;3133.25;3133.5;32
20191211 112600;3133.5;3133.5;3133.5;3133.5;76
20191211 112700;3133.75;3133.75;3133.5;3133.5;22
20191211 112800;3133.75;3133.75;3133.25;3133.25;16
20191211 112900;3133.25;3133.75;3133.25;3133.5;65
20191211 113000;3133.75;3134;3133.75;3134;43
20191211 113100;3134;3134.75;3134;3134.5;57
20191211 113200;3134.5;3134.5;3134.25;3134.25;17
20191211 113300;3134.5;3134.75;3134.5;3134.5;47
20191211 113400;3134.5;3134.75;3134.5;3134.75;74
20191211 113500;3135;3135;3134.75;3134.75;63
20191211 113600;3134.75;3135;3134.75;3135;3
20191211 113700;3135;3135.75;3135;3135.75;77
20191211 113800;3135.75;3136.75;3135.75;3136.5;288
20191211 113900;3136.75;3136.75;3135.75;3135.75;103
20191211 114000;3135.75;3135.75;3135.5;3135.5;14
20191211 114100;3135.5;3135.75;3135.5;3135.75;8
20191211 114200;3135.75;3136;3135.75;3135.75;81
20191211 114300;3135.5;3135.75;3135.25;3135.75;31
20191211 114400;3135.5;3135.5;3135.5;3135.5;4
20191211 114500;3135.5;3136;3135.5;3136;150
20191211 114600;3136.25;3136.25;3135.75;3136.25;58
20191211 114800;3136.25;3136.25;3136;3136;9
20191211 114900;3136.25;3136.5;3136;3136;98
20191211 115000;3136.25;3136.25;3136.25;3136.25;45
20191211 115100;3136.25;3136.25;3136;3136;10
20191211 115200;3136.25;3136.5;3136.25;3136.5;31
20191211 115300;3136.5;3136.5;3136.5;3136.5;6
20191211 115400;3136.25;3136.5;3136.25;3136.5;66
20191211 115500;3136.5;3136.5;3136.25;3136.5;44
20191211 115600;3136.5;3136.5;3136.5;3136.5;6
20191211 115700;3136.75;3136.75;3136;3136;121
20191211 115800;3136;3136.75;3136;3136.75;128
20191211 115900;3136.75;3137.25;3136.75;3137.25;49
20191211 120000;3137.25;3137.5;3137.25;3137.25;95
20191211 120100;3137.25;3137.5;3137.25;3137.25;54
20191211 120200;3137.25;3138.25;3137.25;3138;132
20191211 120300;3138;3138;3137.5;3137.75;107
20191211 120400;3137.75;3138;3137.5;3137.75;33
20191211 120500;3137.5;3137.5;3137.25;3137.25;31
20191211 120600;3137;3137.25;3137;3137.25;35
20191211 120700;3137;3137.5;3137;3137.25;30
20191211 120800;3137.25;3137.5;3137;3137.5;28
20191211 120900;3137.25;3137.25;3137;3137;11
20191211 121000;3137;3137;3137;3137;1
20191211 121100;3137.25;3137.25;3137.25;3137.25;18
20191211 121200;3137.25;3137.25;3137.25;3137.25;6
20191211 121300;3137.25;3137.75;3137.25;3137.75;30
20191211 121400;3137.75;3138;3137.5;3137.5;82
20191211 121500;3137.5;3137.5;3137.5;3137.5;27
20191211 121600;3137.5;3137.5;3137.25;3137.5;60
20191211 121700;3137.5;3137.5;3137.25;3137.25;28
20191211 121800;3137.25;3137.75;3137.25;3137.25;132
20191211 121900;3137.25;3137.25;3137.25;3137.25;38
20191211 122000;3137.25;3137.5;3137.25;3137.5;34
20191211 122100;3137.25;3137.25;3137.25;3137.25;12
20191211 122200;3137.25;3137.25;3137;3137;25
20191211 122300;3137;3137;3137;3137;1
20191211 122400;3137;3137;3137;3137;2
20191211 122500;3137.25;3137.25;3136.5;3136.75;228
20191211 122600;3136.75;3136.75;3135.75;3136.5;331
20191211 122700;3136.75;3136.75;3136;3136;73
20191211 122800;3136;3136.25;3136;3136.25;36
20191211 122900;3136.25;3136.25;3136;3136.25;31
20191211 123000;3136.25;3136.25;3136;3136;115
20191211 123100;3136.25;3136.25;3136;3136;22
20191211 123200;3136.25;3136.25;3136.25;3136.25;25
20191211 123300;3136.25;3136.25;3136.25;3136.25;1
20191211 123400;3136.25;3137;3136;3137;58
20191211 123500;3137;3137;3136.75;3136.75;14
20191211 123600;3137;3138;3137;3137.5;180
20191211 123700;3137.25;3137.25;3137;3137;68
20191211 123800;3137;3137;3136.75;3136.75;36
20191211 123900;3137;3137;3136.5;3137;35
20191211 124000;3137;3137;3136.75;3137;46
20191211 124100;3137;3137;3137;3137;18
20191211 124200;3137;3137;3137;3137;1
20191211 124300;3137;3137.25;3136.75;3137.25;55
20191211 124400;3137.25;3137.25;3137;3137.25;25
20191211 124500;3137;3137.5;3137;3137.5;92
20191211 124600;3137.75;3138.5;3137.75;3138.5;200
20191211 124700;3138.5;3138.5;3138;3138;75
20191211 124800;3138;3138.25;3137.75;3137.75;15
20191211 124900;3138;3139.5;3138;3139.25;222
20191211 125000;3139;3139;3138.5;3138.75;94
20191211 125100;3139;3139;3138.5;3138.75;102
20191211 125200;3138.75;3139;3138.75;3138.75;23
20191211 125300;3138.75;3138.75;3138.5;3138.75;104
20191211 125400;3138.75;3138.75;3138.5;3138.5;26
20191211 125500;3138.75;3138.75;3138.5;3138.5;57
20191211 125600;3138.25;3138.5;3138.25;3138.5;24
20191211 125700;3138.5;3138.5;3138.5;3138.5;15
20191211 125800;3138.5;3138.75;3138.5;3138.75;43
20191211 125900;3138.5;3138.75;3138.5;3138.75;53
20191211 130000;3139;3139;3138.5;3138.5;51
20191211 130100;3138.25;3138.5;3138.25;3138.25;114
20191211 130200;3138.5;3138.5;3138.25;3138.5;98
20191211 130300;3138.25;3138.5;3138;3138.25;77
20191211 130400;3138.25;3138.5;3138;3138;16
20191211 130500;3138;3138.25;3138;3138.25;47
20191211 130600;3138.25;3139;3138.25;3138.75;118
20191211 130700;3138.75;3138.75;3138.75;3138.75;56
20191211 130800;3138.5;3138.5;3138.25;3138.25;25
20191211 130900;3138.25;3138.5;3138.25;3138.5;22
20191211 131000;3138.75;3139.25;3138.25;3138.5;229
20191211 131100;3138.5;3139;3138.25;3138.75;37
20191211 131200;3138.75;3139;3138.75;3139;45
20191211 131300;3139.25;3139.75;3139;3139.25;200
20191211 131400;3139;3139.5;3139;3139.25;80
20191211 131500;3139.25;3139.5;3139;3139.25;32
20191211 131600;3139.25;3139.5;3139;3139;42
20191211 131700;3139.25;3139.25;3138.75;3138.75;97
20191211 131800;3138.75;3139.25;3138.75;3139.25;68
20191211 131900;3139.25;3139.25;3139.25;3139.25;50
20191211 132000;3139;3139;3139;3139;27
20191211 132100;3139;3139;3138.75;3138.75;6
20191211 132200;3138.75;3139;3138.75;3138.75;37
20191211 132300;3138.75;3139.25;3138.5;3139.25;72
20191211 132400;3139.25;3139.5;3138.75;3138.75;210
20191211 132500;3138.5;3139.25;3138.25;3139;155
20191211 132600;3139.25;3139.25;3138.5;3139;111
20191211 132700;3138.75;3139.25;3138.75;3139;201
20191211 132800;3139;3139;3138.75;3138.75;30
20191211 132900;3138.75;3139;3138.75;3139;14
20191211 133000;3138.75;3139.5;3138.5;3139.25;99
20191211 133100;3139;3139.25;3138.75;3138.75;96
20191211 133200;3138.75;3139.5;3138.5;3139.5;175
20191211 133300;3139.25;3139.5;3139;3139;74
20191211 133400;3139;3139;3138.75;3138.75;34
20191211 133500;3138.75;3138.75;3138.25;3138.25;96
20191211 133600;3138.25;3138.5;3137.5;3137.75;121
20191211 133700;3137.75;3138.25;3137.5;3137.75;108
20191211 133800;3138;3138.75;3138;3138.75;92
20191211 133900;3138.5;3138.75;3138.5;3138.75;6
20191211 134000;3139;3139.25;3139;3139;51
20191211 134100;3139;3139.75;3139;3139.5;95
20191211 134200;3139.5;3140;3139.25;3139.25;147
20191211 134300;3139.25;3139.75;3139.25;3139.75;37
20191211 134400;3139.75;3140.25;3139.75;3140;119
20191211 134500;3140;3140.5;3140;3140.25;150
20191211 134600;3140.25;3140.25;3140;3140.25;75
20191211 134700;3140.25;3141;3140.25;3141;127
20191211 134800;3140.75;3141.25;3140.75;3141;121
20191211 134900;3141;3141.25;3140.75;3141;162
20191211 135000;3141;3141.25;3141;3141;25
20191211 135100;3141;3141;3140.75;3141;68
20191211 135200;3141;3141;3140.25;3140.25;172
20191211 135300;3140.5;3140.5;3140;3140.25;77
20191211 135400;3140.5;3140.5;3140.25;3140.5;133
20191211 135500;3140.5;3140.5;3140.25;3140.25;105
20191211 135600;3140.25;3140.25;3140;3140.25;42
20191211 135700;3140;3140.25;3139.75;3139.75;84
20191211 135800;3139.75;3140;3139.5;3139.75;125
20191211 135900;3139.75;3140;3139.75;3139.75;34
20191211 140000;3140;3140.5;3140;3140;76
20191211 140100;3140;3140;3139.75;3139.75;12
20191211 140200;3140;3140.75;3139.75;3140.25;217
20191211 140300;3140.25;3140.25;3140;3140;72
20191211 140400;3140;3140.5;3140;3140.5;34
20191211 140500;3140.25;3140.75;3140;3140.75;112
20191211 140600;3140.5;3140.5;3140.5;3140.5;50
20191211 140700;3140.5;3140.5;3140.25;3140.25;65
20191211 140800;3140;3140.25;3139.25;3139.75;273
20191211 140900;3139.5;3140.25;3139.5;3140.25;214
20191211 141000;3140.25;3140.5;3140.25;3140.25;62
20191211 141100;3140.25;3140.25;3139.75;3139.75;99
20191211 141200;3139.75;3140;3139.75;3139.75;28
20191211 141300;3139.75;3139.75;3139.5;3139.5;127
20191211 141400;3139.5;3139.75;3139.5;3139.5;104
20191211 141500;3139.5;3139.5;3139.25;3139.5;33
20191211 141600;3139.25;3139.5;3139.25;3139.5;58
20191211 141700;3139.25;3139.5;3138.75;3138.75;64
20191211 141800;3138.75;3139;3138.5;3139;200
20191211 141900;3139;3139;3138.75;3138.75;16
20191211 142000;3139;3140;3139;3139.5;410
20191211 142100;3139.5;3139.75;3139.5;3139.75;93
20191211 142200;3139.75;3140;3139.5;3139.5;98
20191211 142300;3139.25;3139.5;3139;3139;133
20191211 142400;3139;3139;3138.5;3138.5;205
20191211 142500;3138.5;3138.5;3138;3138.5;130
20191211 142600;3138.5;3138.75;3138.25;3138.75;81
20191211 142700;3138.5;3138.75;3138.5;3138.75;93
20191211 142800;3138.5;3138.75;3138.5;3138.5;53
20191211 142900;3138.5;3138.5;3137.5;3138.25;396
20191211 143000;3138.25;3138.25;3138;3138;301
20191211 143100;3138;3138;3136.5;3137.25;2527
20191211 143200;3137;3137;3135;3136;1689
20191211 143300;3136;3136.5;3135;3135.75;1115
20191211 143400;3135.75;3136.25;3134.5;3136;1494
20191211 143500;3136;3138.5;3135.75;3138;1887
20191211 143600;3138;3139;3137.5;3137.75;1270
20191211 143700;3138;3138.25;3137.5;3137.75;620
20191211 143800;3137.75;3137.75;3136.75;3137.75;431
20191211 143900;3137.75;3138;3136.75;3137;431
20191211 144000;3136.75;3138.25;3136.5;3138;771
20191211 144100;3138;3138;3136.25;3136.75;1013
20191211 144200;3136.75;3138.25;3136.75;3137.75;764
20191211 144300;3137.75;3138.5;3137.25;3138.5;824
20191211 144400;3138.5;3138.75;3137.75;3138.25;560
20191211 144500;3138.25;3139;3138.25;3138.75;424
20191211 144600;3139;3139.5;3138.5;3138.5;784
20191211 144700;3138.5;3138.75;3138;3138.25;507
20191211 144800;3138.25;3138.5;3138;3138.25;205
20191211 144900;3138.5;3139.75;3138.5;3139.5;714
20191211 145000;3139.5;3140;3139.25;3140;555
20191211 145100;3140;3140.25;3139.25;3140.25;331
20191211 145200;3140.25;3140.25;3139.75;3139.75;315
20191211 145300;3139.75;3140;3139.5;3139.75;150
20191211 145400;3139.5;3140.25;3139.5;3139.75;335
20191211 145500;3139.75;3139.75;3139.5;3139.75;270
20191211 145600;3139.75;3140.25;3139.5;3140.25;208
20191211 145700;3140;3140.5;3139.5;3139.75;484
20191211 145800;3139.75;3140.5;3139.75;3140.5;299
20191211 145900;3140.5;3141.25;3140.25;3141;1047
20191211 150000;3141.25;3142.25;3141;3142;1050
20191211 150100;3142;3142.25;3141.5;3141.5;647
20191211 150200;3141.75;3142.75;3141.75;3142.5;666
20191211 150300;3142.5;3143;3142.25;3142.75;652
20191211 150400;3143;3143;3142;3142;484
20191211 150500;3142.25;3142.5;3141.75;3142;606
20191211 150600;3142.25;3142.5;3142;3142;385
20191211 150700;3142;3142;3141.25;3141.5;953
20191211 150800;3141.5;3141.5;3140.75;3141.25;456
20191211 150900;3141;3141.5;3141;3141.25;473
20191211 151000;3141.25;3141.75;3141.25;3141.25;171
20191211 151100;3141.5;3141.75;3141.25;3141.75;317
20191211 151200;3141.5;3142.5;3141.5;3141.75;573
20191211 151300;3141.75;3142;3141.5;3141.5;502
20191211 151400;3141.5;3141.75;3141;3141.5;224
20191211 151500;3141.25;3141.5;3140.75;3140.75;521
20191211 151600;3140.75;3141.5;3140.75;3141.25;244
20191211 151700;3141;3141.25;3140.75;3140.75;415
20191211 151800;3140.75;3141.5;3140.75;3141;324
20191211 151900;3141;3141;3140.5;3140.75;398
20191211 152000;3140.75;3141.25;3140.5;3141;318
20191211 152100;3140.75;3141.25;3140.5;3141;264
20191211 152200;3140.75;3140.75;3140.5;3140.75;71
20191211 152300;3140.75;3140.75;3139.75;3140;796
20191211 152400;3139.75;3140.25;3139.5;3139.75;363
20191211 152500;3139.75;3140.25;3139.75;3140.25;127
20191211 152600;3140;3140;3139.5;3139.5;318
20191211 152700;3139.5;3140;3139.25;3139.75;324
20191211 152800;3140;3140.5;3140;3140.25;460
20191211 152900;3140;3140.25;3140;3140;166
20191211 153000;3140;3140.25;3139.75;3140;230
20191211 153100;3139.75;3140;3139;3139.75;516
20191211 153200;3139.75;3139.75;3138.5;3139;489
20191211 153300;3138.75;3139.5;3138.5;3139.25;423
20191211 153400;3139.5;3139.5;3138.75;3139.25;272
20191211 153500;3139.25;3139.25;3138.75;3138.75;151
20191211 153600;3138.75;3139;3138;3138.75;843
20191211 153700;3138.75;3138.75;3137.75;3138.25;338
20191211 153800;3138.25;3138.5;3138;3138.25;223
20191211 153900;3138.25;3138.25;3138;3138.25;203
20191211 154000;3138.25;3138.25;3137.75;3138;291
20191211 154100;3137.75;3138.75;3137.75;3138.75;298
20191211 154200;3138.75;3139.5;3138.75;3139.25;349
20191211 154300;3139.5;3140;3139.25;3139.75;435
20191211 154400;3139.5;3139.75;3139.25;3139.5;367
20191211 154500;3139.25;3139.5;3138.25;3138.5;566
20191211 154600;3138.75;3138.75;3138;3138.25;452
20191211 154700;3138.25;3138.75;3138.25;3138.75;166
20191211 154800;3138.75;3139.25;3138;3138;301
20191211 154900;3138;3138;3137.25;3137.5;455
20191211 155000;3137.5;3138.25;3137.5;3137.5;334
20191211 155100;3137.5;3138.25;3137.25;3138;344
20191211 155200;3137.75;3138;3137.25;3137.5;184
20191211 155300;3137.5;3137.5;3136.75;3136.75;340
20191211 155400;3137;3137;3135.75;3136.5;896
20191211 155500;3136.5;3136.75;3136.25;3136.5;502
20191211 155600;3136.75;3136.75;3136.25;3136.5;161
20191211 155700;3136.5;3137;3136.25;3137;291
20191211 155800;3137;3137.25;3136.25;3136.75;315
20191211 155900;3136.75;3137;3136.5;3136.5;259
20191211 160000;3136.5;3136.5;3136;3136.25;531
20191211 160100;3136;3136.5;3135.5;3135.5;352
20191211 160200;3135.5;3136;3134;3134.75;1486
20191211 160300;3134.75;3134.75;3133.75;3134;930
20191211 160400;3134.25;3135;3133.75;3134.75;599
20191211 160500;3134.75;3135.75;3134.75;3135.5;750
20191211 160600;3135.5;3137;3135;3136.75;651
20191211 160700;3137;3137;3135.75;3135.75;361
20191211 160800;3135.75;3136.25;3135.75;3136;414
20191211 160900;3136.25;3136.5;3136;3136.5;225
20191211 161000;3136.5;3136.5;3136.25;3136.5;136
20191211 161100;3136.5;3136.75;3136.25;3136.5;170
20191211 161200;3136.25;3136.5;3135.75;3136.25;257
20191211 161300;3136.25;3136.75;3136;3136.75;206
20191211 161400;3136.5;3136.75;3136.5;3136.5;190
20191211 161500;3136.5;3137.25;3136.25;3136.25;325
20191211 161600;3136.25;3137;3136.25;3136.75;262
20191211 161700;3136.75;3137;3136.5;3137;134
20191211 161800;3137.25;3137.5;3136.75;3136.75;350
20191211 161900;3136.75;3137;3136.5;3136.75;181
20191211 162000;3136.75;3137;3136.5;3136.75;269
20191211 162100;3136.75;3137.25;3136.75;3137;125
20191211 162200;3137;3137;3136;3136.25;375
20191211 162300;3136.25;3136.5;3136;3136.5;173
20191211 162400;3136.5;3137.25;3136.5;3137.25;305
20191211 162500;3137.25;3137.25;3137;3137;250
20191211 162600;3137.25;3137.5;3137;3137.25;312
20191211 162700;3137.25;3137.75;3137.25;3137.5;212
20191211 162800;3137.5;3137.75;3137;3137;207
20191211 162900;3137;3137.25;3137;3137;93
20191211 163000;3137.25;3137.5;3136.75;3137;301
20191211 163100;3137;3137.5;3137;3137.5;345
20191211 163200;3137.5;3137.75;3136.75;3137.5;321
20191211 163300;3137.75;3137.75;3136.75;3137;190
20191211 163400;3137;3137.25;3136.75;3137;257
20191211 163500;3137;3137.5;3136.5;3136.75;404
20191211 163600;3136.75;3137;3136.25;3137;475
20191211 163700;3137;3137.25;3136.5;3136.75;173
20191211 163800;3136.75;3137.75;3136.75;3137.75;334
20191211 163900;3137.75;3137.75;3137.5;3137.75;92
20191211 164000;3137.5;3138;3137.5;3137.75;289
20191211 164100;3137.75;3138.25;3137.75;3138;229
20191211 164200;3138;3138.25;3138;3138;145
20191211 164300;3137.75;3138;3137.75;3138;113
20191211 164400;3137.75;3138;3137.75;3138;230
20191211 164500;3138;3138.5;3138;3138.25;213
20191211 164600;3138.25;3138.25;3137.75;3138.25;254
20191211 164700;3138.25;3138.5;3137.75;3137.75;131
20191211 164800;3138;3138.25;3138;3138;171
20191211 164900;3137.75;3138;3137.5;3137.5;114
20191211 165000;3137.5;3137.75;3137.5;3137.75;149
20191211 165100;3138;3138;3137.25;3137.5;217
20191211 165200;3137.25;3137.5;3137;3137;148
20191211 165300;3137;3137.25;3137;3137;134
20191211 165400;3137;3137.25;3137;3137.25;25
20191211 165500;3137;3137.25;3137;3137.25;84
20191211 165600;3137.25;3137.75;3137;3137.5;163
20191211 165700;3137.25;3137.25;3136.5;3136.5;474
20191211 165800;3136.5;3136.75;3136;3136.5;565
20191211 165900;3136.5;3136.75;3135;3135;561
20191211 170000;3135.25;3135.25;3134;3135;612
20191211 170100;3135;3135.5;3134.5;3135.5;422
20191211 170200;3135.75;3136;3135.25;3135.25;469
20191211 170300;3135.25;3135.75;3135.25;3135.75;155
20191211 170400;3135.5;3136.25;3135.5;3136.25;240
20191211 170500;3136;3136.25;3136;3136;239
20191211 170600;3136;3136;3135.5;3135.75;189
20191211 170700;3135.75;3136;3135.75;3135.75;52
20191211 170800;3135.75;3135.75;3135.25;3135.5;147
20191211 170900;3135.5;3135.5;3135.25;3135.5;101
20191211 171000;3135.5;3135.75;3135.25;3135.75;245
20191211 171100;3135.75;3135.75;3135.25;3135.25;220
20191211 171200;3135;3135.25;3135;3135;318
20191211 171300;3135;3135.5;3134.75;3134.75;219
20191211 171400;3134.75;3135;3134.25;3134.75;351
20191211 171500;3134.5;3134.75;3134;3134.25;460
20191211 171600;3134;3135;3134;3135;264
20191211 171700;3135;3135;3134.5;3135;124
20191211 171800;3135;3135.5;3135;3135.5;357
20191211 171900;3135.5;3135.75;3135.25;3135.75;230
20191211 172000;3135.75;3136;3135.75;3135.75;149
20191211 172100;3135.5;3135.5;3134.75;3135;265
20191211 172200;3135.25;3135.25;3135;3135;113
20191211 172300;3135;3135;3134.75;3134.75;50
20191211 172400;3134.75;3135;3134.75;3135;31
20191211 172500;3135;3135;3134.5;3134.75;123
20191211 172600;3134.75;3134.75;3134.5;3134.75;132
20191211 172700;3134.75;3135;3134.5;3135;77
20191211 172800;3135;3135.25;3134.75;3134.75;113
20191211 172900;3135;3135.25;3134.75;3135.25;48
20191211 173000;3135.25;3135.25;3134.75;3134.75;64
20191211 173100;3134.75;3134.75;3134.5;3134.75;114
20191211 173200;3134.75;3134.75;3134.25;3134.5;174
20191211 173300;3134.25;3135.25;3134.25;3135.25;199
20191211 173400;3135.25;3135.5;3135;3135;110
20191211 173500;3135;3135.5;3135;3135.25;107
20191211 173600;3135;3135.25;3135;3135.25;51
20191211 173700;3135;3135;3134;3134;309
20191211 173800;3134.25;3134.75;3134;3134.25;176
20191211 173900;3134.25;3134.5;3134;3134.5;61
20191211 174000;3134.75;3134.75;3134.25;3134.25;78
20191211 174100;3134.25;3134.5;3134.25;3134.5;125
20191211 174200;3134.25;3134.5;3134.25;3134.5;41
20191211 174300;3134.25;3134.25;3134.25;3134.25;117
20191211 174400;3134.5;3134.5;3134.25;3134.25;204
20191211 174500;3134.25;3134.25;3133.75;3134.25;255
20191211 174600;3134;3135;3134;3134.25;266
20191211 174700;3134.5;3134.5;3134.5;3134.5;33
20191211 174800;3134.5;3135;3134.5;3135;73
20191211 174900;3135;3135.5;3135;3135.5;173
20191211 175000;3135.5;3135.75;3135.25;3135.25;220
20191211 175100;3135.25;3135.5;3135;3135.25;125
20191211 175200;3135;3135.25;3135;3135.25;41
20191211 175300;3135.25;3135.25;3134.5;3135;93
20191211 175400;3135;3135.25;3134.75;3135.25;33
20191211 175500;3135.25;3135.25;3134.5;3134.5;118
20191211 175600;3134.75;3134.75;3134.5;3134.5;78
20191211 175700;3134.75;3135;3134.75;3135;18
20191211 175800;3135;3135.25;3135;3135.25;93
20191211 175900;3135.25;3135.75;3135.25;3135.5;145
20191211 180000;3135.5;3136;3135.5;3135.5;252
20191211 180100;3135.5;3135.5;3134.5;3135;266
20191211 180200;3135;3135.5;3135;3135;133
20191211 180300;3135;3135.5;3135;3135.5;185
20191211 180400;3135.5;3135.75;3135.5;3135.5;86
20191211 180500;3135.5;3135.5;3134.5;3135;169
20191211 180600;3134.75;3135;3134.5;3134.75;85
20191211 180700;3135;3135;3134.75;3134.75;49
20191211 180800;3135;3135.25;3134.75;3134.75;164
20191211 180900;3134.75;3134.75;3134.5;3134.5;32
20191211 181000;3134.5;3134.75;3134.5;3134.5;114
20191211 181100;3134.5;3134.5;3134.5;3134.5;62
20191211 181200;3134.5;3134.75;3134.5;3134.75;33
20191211 181300;3134.75;3135;3134.75;3134.75;67
20191211 181400;3135;3135;3134.75;3134.75;30
20191211 181500;3135;3135;3135;3135;63
20191211 181600;3135.25;3135.5;3135.25;3135.5;46
20191211 181700;3135.5;3135.75;3135.5;3135.5;95
20191211 181800;3135.75;3135.75;3135.5;3135.5;142
20191211 181900;3135.25;3135.5;3135.25;3135.5;38
20191211 182000;3135.5;3135.75;3135.5;3135.75;64
20191211 182100;3135.75;3135.75;3135.25;3135.75;131
20191211 182200;3136;3136;3135.5;3135.5;29
20191211 182300;3135.5;3135.5;3135.25;3135.5;99
20191211 182400;3135.5;3135.5;3135;3135;151
20191211 182500;3135;3135.25;3135;3135;46
20191211 182600;3135.25;3135.75;3135.25;3135.75;129
20191211 182700;3135.5;3136.25;3135.5;3136;340
20191211 182800;3136.25;3136.25;3136;3136;26
20191211 182900;3136;3136;3135.5;3135.5;139
20191211 183000;3135.5;3135.75;3135.5;3135.75;127
20191211 183100;3135.75;3136;3135.5;3136;250
20191211 183200;3136;3136;3135.5;3135.75;73
20191211 183300;3135.75;3135.75;3135.5;3135.5;86
20191211 183400;3135.5;3135.5;3135;3135.25;90
20191211 183500;3135.25;3135.5;3135;3135.5;70
20191211 183600;3135.25;3135.5;3135.25;3135.5;42
20191211 183700;3135.5;3135.5;3135.25;3135.25;36
20191211 183800;3135.25;3135.25;3134.75;3134.75;148
20191211 183900;3134.75;3135;3134.25;3134.25;228
20191211 184000;3134.25;3134.75;3133.5;3133.5;390
20191211 184100;3133.5;3134;3133.5;3133.5;253
20191211 184200;3133.75;3134;3133.5;3133.75;298
20191211 184300;3133.75;3134;3133.5;3133.75;27
20191211 184400;3134;3134.5;3134;3134.25;171
20191211 184500;3134.25;3134.25;3134;3134.25;57
20191211 184600;3134;3134.25;3133.75;3134;114
20191211 184700;3134;3134.25;3134;3134.25;128
20191211 184800;3134.25;3134.5;3134.25;3134.5;84
20191211 184900;3134.5;3135;3134.5;3134.75;74
20191211 185000;3134.5;3135;3134.5;3135;180
20191211 185100;3135.25;3135.5;3135;3135.25;146
20191211 185200;3135.25;3135.5;3135;3135.5;110
20191211 185300;3135.25;3135.5;3135.25;3135.5;32
20191211 185400;3135.25;3135.75;3135.25;3135.75;125
20191211 185500;3135.75;3135.75;3135.25;3135.5;62
20191211 185600;3135.5;3135.5;3135.25;3135.25;84
20191211 185700;3135;3135.25;3135;3135.25;48
20191211 185800;3135.25;3136;3135.25;3135.75;100
20191211 185900;3136;3136;3135.5;3135.5;52
20191211 190000;3135.25;3137.75;3135.25;3136.25;344
20191211 190100;3136.25;3137.25;3134.5;3136;446
20191211 190200;3136;3137.5;3135.5;3137.25;448
20191211 190300;3137.25;3137.25;3136.5;3137.25;246
20191211 190400;3137;3138;3137;3138;430
20191211 190500;3138;3138.5;3137.75;3138;359
20191211 190600;3138.25;3139;3138;3139;407
20191211 190700;3138.75;3139.5;3138.75;3139;605
20191211 190800;3139;3139.25;3138.25;3138.75;453
20191211 190900;3138.5;3139;3138.25;3138.75;219
20191211 191000;3138.75;3139;3138.5;3138.75;79
20191211 191100;3139;3139;3137.75;3138.25;469
20191211 191200;3138.25;3138.75;3138.25;3138.25;144
20191211 191300;3138.25;3139;3138.25;3139;234
20191211 191400;3138.75;3139;3138.5;3138.75;231
20191211 191500;3138.75;3139;3138.25;3138.5;316
20191211 191600;3138.5;3139;3138.25;3139;309
20191211 191700;3139;3140;3138.75;3139.25;605
20191211 191800;3139.25;3140.25;3139.25;3140.25;500
20191211 191900;3140;3141;3140;3140.25;759
20191211 192000;3140.25;3140.5;3140;3140.5;213
20191211 192100;3140.5;3140.75;3140.25;3140.25;204
20191211 192200;3140.25;3140.5;3139.5;3140.5;559
20191211 192300;3140.5;3140.5;3139.75;3140.25;189
20191211 192400;3140.25;3141.75;3140.25;3141.5;513
20191211 192500;3141.75;3141.75;3140.75;3140.75;555
20191211 192600;3141;3141.25;3140.25;3140.5;275
20191211 192700;3140.5;3140.75;3140;3140;253
20191211 192800;3140.25;3140.25;3139.75;3140;83
20191211 192900;3139.75;3140.25;3139.75;3139.75;161
20191211 193000;3139.75;3140.25;3139.75;3140;180
20191211 193100;3140;3140.25;3139.75;3140;114
20191211 193200;3140;3140.25;3139.75;3139.75;135
20191211 193300;3140.25;3140.25;3139.5;3139.5;83
20191211 193400;3139.5;3139.75;3136.5;3138.5;936
20191211 193500;3138.5;3139.25;3138.5;3139;243
20191211 193600;3139.25;3139.5;3138.75;3139;152
20191211 193700;3139;3139;3138.75;3139;79
20191211 193800;3139;3140.25;3139;3140.25;236
20191211 193900;3140.25;3141.75;3140.25;3141.5;810
20191211 194000;3141.25;3141.5;3140.25;3140.5;430
20191211 194100;3140.5;3140.75;3138.75;3140.5;753
20191211 194200;3140.25;3142.75;3140.25;3142.5;1232
20191211 194300;3142.25;3142.5;3141.25;3142.25;439
20191211 194400;3142.5;3143;3141.25;3141.75;887
20191211 194500;3141.75;3142;3141.5;3141.75;378
20191211 194600;3141.75;3142;3140.25;3140.75;618
20191211 194700;3141;3141.75;3140.25;3141.75;415
20191211 194800;3141.75;3142.25;3141;3142;438
20191211 194900;3142;3142.25;3141.25;3141.75;393
20191211 195000;3141.5;3142;3141;3141.75;243
20191211 195100;3141.75;3142;3141.25;3141.25;166
20191211 195200;3141.25;3141.25;3140.5;3140.75;203
20191211 195300;3140.75;3141.5;3140.75;3141.5;230
20191211 195400;3141.75;3144.5;3141.75;3142.75;1463
20191211 195500;3142.75;3143.25;3142.25;3142.75;493
20191211 195600;3143;3143.75;3143;3143.25;549
20191211 195700;3143.25;3143.75;3143;3143.5;383
20191211 195800;3143.75;3144.25;3143.25;3143.5;461
20191211 195900;3143.5;3144;3143.25;3143.5;284
20191211 200000;3143.25;3144;3143.25;3144;207
20191211 200100;3144;3144.5;3143.25;3143.5;699
20191211 200200;3143.5;3144;3143;3143;272
20191211 200300;3142.75;3143.25;3142.25;3142.75;701
20191211 200400;3142.75;3143.5;3142.25;3142.25;289
20191211 200500;3142.5;3142.5;3141.75;3142;410
20191211 200600;3142.25;3142.75;3142;3142.25;270
20191211 200700;3142.25;3143.25;3142.25;3143;522
20191211 200800;3143;3143.5;3142.5;3142.5;213
20191211 200900;3142.5;3142.5;3142;3142;258
20191211 201000;3142.25;3143;3142;3143;298
20191211 201100;3143;3143.25;3142.25;3142.25;246
20191211 201200;3142.25;3142.25;3141.75;3142;223
20191211 201300;3142;3142.25;3141.25;3141.5;190
20191211 201400;3141.5;3142;3139.75;3140.25;1208
20191211 201500;3140.25;3141;3140.25;3140.5;373
20191211 201600;3140.75;3141;3139.5;3140;462
20191211 201700;3140;3140.75;3139.75;3139.75;210
20191211 201800;3139.75;3140;3139.5;3139.75;247
20191211 201900;3139.75;3140;3139.25;3139.25;425
20191211 202000;3139.5;3140.5;3139.5;3140;197
20191211 202100;3140;3140.25;3139.5;3140;159
20191211 202200;3140.25;3140.75;3140.25;3140.25;409
20191211 202300;3140.25;3140.75;3139.5;3140.75;318
20191211 202400;3140.5;3140.75;3140.25;3140.75;376
20191211 202500;3140.75;3141.25;3140.5;3141;523
20191211 202600;3141;3141.75;3140.75;3141.75;382
20191211 202700;3141.75;3142;3141.25;3141.25;309
20191211 202800;3141.5;3142.25;3141.25;3142.25;322
20191211 202900;3142.25;3142.5;3141.75;3141.75;369
20191211 203000;3142;3142;3141.25;3141.75;267
20191211 203100;3141.75;3141.75;3140.5;3141.75;824
20191211 203200;3141.5;3143;3141.5;3142.75;727
20191211 203300;3142.75;3143.25;3142.5;3143;350
20191211 203400;3142.75;3143;3142.5;3142.5;338
20191211 203500;3142.25;3142.5;3142;3142.25;313
20191211 203600;3142.25;3142.5;3142;3142.5;125
20191211 203700;3142.25;3142.25;3141.75;3142;203
20191211 203800;3142;3142;3140.5;3140.5;684
20191211 203900;3140.75;3141.25;3140.75;3141;332
20191211 204000;3141;3141;3140.25;3140.5;322
20191211 204100;3140.5;3140.75;3140;3140.25;261
20191211 204200;3140.25;3141;3140.25;3141;214
20191211 204300;3141;3141.25;3140.75;3140.75;95
20191211 204400;3140.75;3140.75;3140.5;3140.5;185
20191211 204500;3140.25;3140.5;3140;3140.5;194
20191211 204600;3140.5;3140.5;3139.75;3139.75;427
20191211 204700;3140;3140.5;3139.75;3140.25;218
20191211 204800;3140.5;3140.75;3139.5;3139.5;479
20191211 204900;3139.5;3139.75;3138.75;3139;641
20191211 205000;3139;3139.5;3138.25;3138.75;714
20191211 205100;3138.75;3141.5;3138.75;3141.5;1705
20191211 205200;3141.5;3142;3141;3141.5;337
20191211 205300;3141.5;3141.75;3141;3141.25;339
20191211 205400;3141;3141.25;3140.75;3141.25;244
20191211 205500;3141.25;3143.5;3141.25;3143;1487
20191211 205600;3143.25;3143.25;3140.75;3141;750
20191211 205700;3141;3142;3141;3141.5;536
20191211 205800;3141.75;3142.25;3141.5;3141.75;499
20191211 205900;3142;3142.75;3142;3142.25;316
20191211 210000;3142;3144;3141;3141.75;2252
20191211 210100;3142;3142;3140.75;3141.75;610
20191211 210200;3141.75;3143;3141.5;3142.5;267
20191211 210300;3142.75;3142.75;3142.5;3142.75;110
20191211 210400;3142.75;3143;3142.5;3143;60
20191211 210500;3143;3143.25;3143;3143.25;113
20191211 210600;3143.25;3143.25;3143;3143.25;117
20191211 210700;3143.25;3143.5;3143;3143;130
20191211 210800;3143;3143.25;3143;3143.25;33
20191211 210900;3143;3143.25;3143;3143;73
20191211 211000;3143.25;3143.25;3143;3143;70
20191211 211100;3143;3143;3142.75;3143;106
20191211 211200;3143;3143;3142.75;3142.75;28
20191211 211300;3143;3143.25;3143;3143;52
20191211 211400;3143;3143.5;3143;3143.25;27
20191211 211500;3143.25;3143.5;3142.75;3143;267
20191211 213100;3143.25;3143.25;3142.5;3142.75;156
20191211 213200;3143;3143.25;3143;3143;29
20191211 213300;3143.25;3143.25;3143;3143;18
20191211 213400;3143;3143.25;3143;3143;33
20191211 213500;3143;3143.25;3143;3143.25;14
20191211 213600;3143.25;3143.25;3142.75;3143;46
20191211 213700;3143;3143.25;3142.75;3143;32
20191211 213800;3143;3143.25;3143;3143.25;51
20191211 213900;3143.25;3143.5;3143.25;3143.25;15
20191211 214000;3143.25;3143.5;3143.25;3143.5;30
20191211 214100;3143.25;3143.75;3143.25;3143.75;58
20191211 214200;3143.5;3143.5;3143.5;3143.5;1
20191211 214300;3143.75;3143.75;3143.5;3143.5;17
20191211 214400;3143.5;3143.5;3143.5;3143.5;2
20191211 214500;3143.5;3143.75;3143.5;3143.75;36
20191211 214600;3143.75;3143.75;3143.5;3143.75;104
20191211 214700;3143.75;3144;3143.75;3144;39
20191211 214800;3144;3144;3143.75;3144;11
20191211 214900;3143.75;3144;3143.75;3144;6
20191211 215000;3144;3144;3143.75;3144;54
20191211 215100;3143.75;3143.75;3143.5;3143.75;30
20191211 215200;3143.5;3143.75;3143.5;3143.75;4
20191211 215300;3143.5;3143.75;3143.5;3143.75;18
20191211 215400;3143.75;3144;3143.5;3144;53
20191211 215500;3144;3144.25;3144;3144.25;32
20191211 215600;3144.25;3144.25;3144;3144.25;88
20191211 215700;3144;3144.25;3143.75;3144;59
20191211 215800;3144;3144.25;3144;3144.25;40
20191211 215900;3144.25;3144.25;3144;3144.25;16
20191211 220000;3144.25;3144.25;3144;3144.25;33
20191211 230100;3143.75;3144.5;3143.5;3144.25;282
20191211 230200;3144.25;3144.25;3143.75;3143.75;64
20191211 230300;3143.75;3144;3143.5;3144;65
20191211 230400;3144.25;3144.25;3144;3144;42
20191211 230500;3144;3144.25;3144;3144.25;28
20191211 230600;3144.25;3144.25;3144;3144;17
20191211 230700;3144;3144.5;3144;3144.5;23
20191211 230800;3144.5;3144.5;3144.25;3144.25;12
20191211 230900;3144.5;3144.5;3144.25;3144.25;23
20191211 231000;3144.5;3144.75;3144.5;3144.75;27
20191211 231100;3144.75;3144.75;3144.25;3144.5;67
20191211 231200;3144.5;3144.5;3144;3144;62
20191211 231300;3144.25;3144.25;3144.25;3144.25;30
20191211 231400;3144.25;3144.25;3144;3144;10
20191211 231500;3144.25;3144.25;3144;3144;23
20191211 231600;3144;3144.25;3143.75;3144;70
20191211 231700;3144;3144.25;3144;3144;11
20191211 231800;3144;3144;3144;3144;18
20191211 231900;3144.25;3144.25;3144;3144;2
20191211 232000;3144;3144;3144;3144;2
20191211 232100;3144;3144.25;3144;3144.25;7
20191211 232200;3144.25;3144.25;3144.25;3144.25;2
20191211 232300;3144.5;3144.5;3144.25;3144.5;6
20191211 232400;3144.5;3144.5;3144.5;3144.5;2
20191211 232500;3144.5;3144.5;3144.5;3144.5;9
20191211 232600;3144.75;3144.75;3144.75;3144.75;2
20191211 232700;3144.75;3145;3144.5;3145;44
20191211 232800;3145;3145;3145;3145;16
20191211 232900;3145;3145;3144.75;3144.75;6
20191211 233000;3145;3145;3144.75;3144.75;27
20191211 233100;3145;3145.25;3145;3145;61
20191211 233200;3145;3145;3145;3145;2
20191211 233400;3145.25;3145.25;3145;3145;14
20191211 233500;3145.25;3145.25;3145.25;3145.25;11
20191211 233600;3145.25;3145.25;3145;3145;11
20191211 233700;3145;3145.25;3145;3145;7
20191211 233800;3145;3145.25;3145;3145.25;11
20191211 233900;3145;3145;3145;3145;6
20191211 234000;3145;3145;3145;3145;49
20191211 234100;3145;3145.25;3145;3145.25;33
20191211 234200;3145;3145.25;3145;3145;4
20191211 234300;3145;3145;3145;3145;1
20191211 234400;3145.25;3145.25;3145;3145;30
20191211 234500;3145;3145;3144.75;3145;66
20191211 234600;3145;3145;3145;3145;15
20191211 234700;3145;3145.25;3145;3145.25;44
20191211 234800;3145.5;3146;3145.5;3146;124
20191211 234900;3146;3146.25;3145.75;3145.75;52
20191211 235000;3145.75;3146;3145.75;3146;13
20191211 235100;3146;3146.25;3145.75;3145.75;34
20191211 235200;3146;3146;3145.75;3145.75;27
20191211 235300;3146;3146.25;3146;3146.25;25
20191211 235400;3146.25;3146.25;3146;3146;52
20191211 235500;3145.75;3146;3145.5;3145.5;57
20191211 235600;3145.5;3146.25;3145.5;3146;128
20191211 235700;3146;3146.5;3146;3146.25;62
20191211 235800;3146;3146;3146;3146;41
20191211 235900;3146.25;3146.25;3146;3146.25;11
20191212 000000;3146.25;3146.25;3146;3146;4
20191212 000100;3146.25;3146.25;3146;3146;46
20191212 000200;3145.75;3146;3145.75;3145.75;31
20191212 000300;3145.5;3145.5;3144.25;3145;233
20191212 000400;3145.25;3145.25;3144.75;3144.75;33
20191212 000500;3145;3145.5;3144.75;3145.25;158
20191212 000600;3145.5;3146.25;3145.5;3145.75;82
20191212 000700;3145.75;3145.75;3145.25;3145.25;131
20191212 000800;3145.25;3145.25;3145;3145;159
20191212 000900;3145;3145;3144.75;3145;27
20191212 001000;3145;3145;3144.75;3144.75;33
20191212 001100;3144.75;3144.75;3144.5;3144.75;80
20191212 001200;3144.75;3144.75;3144.5;3144.5;4
20191212 001300;3144.75;3144.75;3144.25;3144.5;57
20191212 001400;3144.5;3145;3144.5;3145;11
20191212 001500;3145.25;3145.75;3145.25;3145.25;84
20191212 001600;3145.5;3145.5;3144.75;3144.75;185
20191212 001700;3144.75;3145.5;3144.5;3145.25;275
20191212 001800;3145.25;3145.25;3144.75;3145;56
20191212 001900;3145.25;3145.25;3145;3145;31
20191212 002000;3145.25;3145.25;3144.75;3145;70
20191212 002100;3145.25;3145.25;3145;3145;144
20191212 002200;3144.75;3145;3144.75;3145;16
20191212 002300;3144.75;3145.25;3144.75;3145.25;33
20191212 002400;3145;3145.25;3145;3145.25;23
20191212 002500;3145.25;3145.25;3144.75;3144.75;33
20191212 002600;3144.75;3144.75;3144.75;3144.75;9
20191212 002700;3144.75;3144.75;3144.75;3144.75;2
20191212 002800;3144.75;3144.75;3144.5;3144.5;32
20191212 002900;3144.75;3144.75;3143.75;3143.75;126
20191212 003000;3143.75;3144;3143.5;3143.75;86
20191212 003100;3143.75;3144;3143.25;3144;131
20191212 003200;3143.75;3144;3143.5;3144;83
20191212 003300;3144;3144;3143.75;3143.75;22
20191212 003400;3143.5;3143.5;3143.25;3143.5;30
20191212 003500;3143.5;3143.5;3143.25;3143.5;43
20191212 003600;3143.5;3143.5;3143;3143;131
20191212 003700;3143;3143.5;3143;3143.5;48
20191212 003800;3143.5;3143.5;3143.25;3143.5;32
20191212 003900;3143.5;3143.75;3143.5;3143.75;28
20191212 004000;3143.75;3144.25;3143.5;3143.75;98
20191212 004100;3143.75;3143.75;3143.25;3143.5;16
20191212 004200;3143.5;3144;3143.5;3144;36
20191212 004300;3144;3144;3143.75;3143.75;26
20191212 004400;3143.75;3144;3143.75;3143.75;27
20191212 004500;3143.5;3143.5;3143.5;3143.5;4
20191212 004600;3143.5;3143.5;3143;3143.25;40
20191212 004700;3143.25;3143.5;3143.25;3143.25;16
20191212 004800;3143.25;3144;3143.25;3144;56
20191212 004900;3144;3144;3143.75;3143.75;12
20191212 005000;3143.75;3143.75;3143.75;3143.75;27
20191212 005100;3143.5;3143.5;3143.25;3143.25;52
20191212 005200;3143.25;3143.5;3143.25;3143.5;8
20191212 005300;3143.25;3143.25;3143.25;3143.25;18
20191212 005400;3143.25;3143.25;3143.25;3143.25;3
20191212 005500;3143.25;3143.25;3143;3143.25;24
20191212 005600;3143.25;3143.5;3143.25;3143.5;17
20191212 005700;3143.5;3143.75;3143.5;3143.75;59
20191212 005800;3143.75;3143.75;3143.75;3143.75;14
20191212 005900;3144;3144;3143.75;3143.75;31
20191212 010000;3144.25;3144.25;3143.75;3144;66
20191212 010100;3144;3144.5;3144;3144.25;52
20191212 010200;3144;3144;3143.75;3144;36
20191212 010300;3144.25;3144.25;3144;3144.25;72
20191212 010400;3144.25;3144.25;3144;3144;33
20191212 010500;3143.75;3144;3143.75;3144;5
20191212 010600;3143.75;3143.75;3143.75;3143.75;5
20191212 010700;3143.75;3143.75;3143.75;3143.75;7
20191212 010800;3143.75;3144;3143.75;3144;27
20191212 011000;3143.75;3143.75;3143.75;3143.75;23
20191212 011100;3143.75;3143.75;3143.75;3143.75;35
20191212 011200;3143.75;3143.75;3143.75;3143.75;8
20191212 011500;3144;3144.5;3144;3144.5;59
20191212 011600;3144.5;3145.25;3144.5;3145.25;190
20191212 011700;3145.25;3145.5;3145;3145.5;111
20191212 011800;3145.25;3145.5;3145.25;3145.25;131
20191212 011900;3145.5;3145.5;3145.25;3145.5;90
20191212 012000;3145.5;3145.75;3145.5;3145.5;32
20191212 012100;3145.5;3145.75;3145.25;3145.5;48
20191212 012200;3145.5;3145.75;3145.5;3145.75;11
20191212 012300;3145.75;3145.75;3145.5;3145.5;54
20191212 012400;3145.75;3147.25;3145.75;3146.75;568
20191212 012500;3146.75;3147;3146.25;3146.5;110
20191212 012600;3146.5;3146.75;3146.25;3146.5;186
20191212 012700;3146.5;3146.5;3146.25;3146.25;59
20191212 012800;3146.25;3146.5;3146.25;3146.5;112
20191212 012900;3146.5;3146.5;3146.25;3146.25;17
20191212 013000;3146.25;3147;3146.25;3147;93
20191212 013100;3147;3147;3146.75;3146.75;115
20191212 013200;3146.75;3146.75;3146.25;3146.5;79
20191212 013300;3146.5;3146.5;3146.5;3146.5;16
20191212 013400;3146.5;3146.5;3146.25;3146.25;39
20191212 013500;3146.5;3146.5;3146.5;3146.5;8
20191212 013600;3146.5;3146.5;3146.25;3146.25;70
20191212 013700;3146;3146.5;3146;3146.5;23
20191212 013800;3146.5;3146.5;3146.25;3146.25;39
20191212 014000;3146.25;3146.25;3146;3146.25;69
20191212 014200;3146.5;3147;3146.5;3147;144
20191212 014300;3147;3147.25;3146.75;3147;118
20191212 014400;3147;3147;3146.75;3146.75;53
20191212 014500;3146.75;3146.75;3146.5;3146.75;18
20191212 014600;3146.75;3147;3146.75;3146.75;62
20191212 014700;3146.5;3146.5;3146.5;3146.5;21
20191212 014800;3146.5;3146.75;3146.25;3146.5;65
20191212 014900;3146.25;3146.25;3146.25;3146.25;31
20191212 015000;3146.5;3146.5;3146.25;3146.25;55
20191212 015100;3146;3146.5;3146;3146.25;84
20191212 015200;3146.5;3146.5;3146.25;3146.25;38
20191212 015300;3146.25;3146.5;3146.25;3146.5;18
20191212 015400;3146.5;3146.5;3146.25;3146.25;8
20191212 015500;3146.5;3146.5;3146.25;3146.5;20
20191212 015600;3146.5;3146.75;3146.5;3146.75;25
20191212 015700;3146.5;3146.5;3146.5;3146.5;15
20191212 015800;3146.25;3146.5;3146.25;3146.5;18
20191212 015900;3146.5;3146.5;3146.25;3146.5;18
20191212 020000;3146.5;3146.75;3146.5;3146.75;157
20191212 020100;3146.75;3146.75;3146.5;3146.75;33
20191212 020200;3146.75;3146.75;3146.5;3146.75;6
20191212 020300;3146.5;3146.5;3146.5;3146.5;13
20191212 020400;3146.25;3146.25;3146;3146.25;75
20191212 020500;3146.25;3146.25;3146.25;3146.25;25
20191212 020800;3146;3146.5;3146;3146.25;43
20191212 020900;3146.25;3146.25;3146;3146.25;24
20191212 021000;3146.25;3146.25;3146.25;3146.25;5
20191212 021100;3146.5;3146.5;3146.25;3146.5;87
20191212 021200;3146.5;3146.5;3146.5;3146.5;32
20191212 021300;3146.5;3146.5;3146.5;3146.5;35
20191212 021400;3146.5;3146.5;3146.5;3146.5;18
20191212 021500;3146.75;3146.75;3146.75;3146.75;29
20191212 021600;3146.5;3146.5;3146.5;3146.5;46
20191212 021700;3146.5;3146.5;3146.25;3146.25;15
20191212 021800;3146.25;3146.25;3146;3146.25;40
20191212 021900;3146;3146.25;3146;3146;58
20191212 022000;3146.25;3146.25;3145.75;3145.75;52
20191212 022100;3146;3146.25;3146;3146.25;52
20191212 022200;3146.25;3146.25;3146.25;3146.25;5
20191212 022300;3146.25;3146.25;3146.25;3146.25;7
20191212 022400;3146.25;3146.25;3146;3146;61
20191212 022500;3146;3146;3146;3146;4
20191212 022700;3146.25;3146.25;3146.25;3146.25;1
20191212 022800;3146;3146;3146;3146;2
20191212 022900;3146.25;3146.25;3146.25;3146.25;18
20191212 023000;3146.5;3146.75;3146.5;3146.5;81
20191212 023100;3146.5;3146.5;3146.5;3146.5;1
20191212 023200;3146.5;3146.5;3146.5;3146.5;9
20191212 023300;3146.75;3146.75;3146.5;3146.5;9
20191212 023400;3146.5;3146.75;3146.25;3146.75;43
20191212 023500;3146.75;3146.75;3146.5;3146.5;6
20191212 023700;3146.75;3147;3146.75;3146.75;78
20191212 023800;3147;3147.5;3147;3147.5;115
20191212 023900;3147.25;3147.5;3147.25;3147.5;64
20191212 024000;3147.5;3147.5;3147.25;3147.25;24
20191212 024100;3147.25;3147.25;3147;3147;63
20191212 024200;3147;3147;3147;3147;27
20191212 024300;3147;3147;3147;3147;42
20191212 024400;3147.25;3147.25;3147.25;3147.25;30
20191212 024500;3147.25;3147.25;3147.25;3147.25;14
20191212 024600;3147.25;3147.25;3147;3147.25;55
20191212 024700;3147.25;3147.25;3147;3147;13
20191212 024800;3147;3147;3146.5;3146.5;97
20191212 024900;3146.5;3146.75;3146.5;3146.5;14
20191212 025000;3146.5;3146.75;3146.5;3146.5;31
20191212 025100;3146.5;3146.75;3146.5;3146.75;2
20191212 025200;3146.5;3146.5;3146.5;3146.5;51
20191212 025400;3146.5;3146.5;3146.5;3146.5;8
20191212 025500;3146.5;3146.5;3146.25;3146.25;7
20191212 025600;3146.25;3146.25;3146;3146;21
20191212 025700;3146.25;3146.25;3146.25;3146.25;4
20191212 025800;3146.25;3146.25;3146;3146;37
20191212 025900;3146;3146.25;3146;3146.25;30
20191212 030000;3146.25;3146.5;3146.25;3146.5;3
20191212 030200;3146.25;3146.25;3146;3146;33
20191212 030300;3146;3146;3145.75;3145.75;24
20191212 030400;3146;3146;3145.75;3146;52
20191212 030500;3146;3146;3146;3146;1
20191212 030600;3145.75;3145.75;3145.75;3145.75;3
20191212 030700;3146;3146;3145.75;3145.75;4
20191212 030800;3145.75;3145.75;3145.75;3145.75;14
20191212 030900;3145.75;3145.75;3145.75;3145.75;32
20191212 031000;3145.5;3145.75;3145.5;3145.75;17
20191212 031100;3145.75;3146;3145.5;3146;18
20191212 031200;3146;3146;3145.75;3145.75;24
20191212 031300;3146;3146;3146;3146;2
20191212 031400;3146;3146;3146;3146;31
20191212 031500;3145.75;3145.75;3145.75;3145.75;1
20191212 031600;3146;3146;3146;3146;7
20191212 032000;3146.25;3146.5;3146.25;3146.25;8
20191212 032100;3146.5;3146.5;3146.5;3146.5;62
20191212 032200;3146.5;3146.5;3146.5;3146.5;2
20191212 032300;3146.5;3146.5;3146.25;3146.5;10
20191212 032500;3146.25;3146.5;3146.25;3146.25;62
20191212 032600;3146.25;3146.25;3146.25;3146.25;33
20191212 032700;3146.25;3146.25;3146.25;3146.25;5
20191212 032800;3146.25;3146.25;3146.25;3146.25;6
20191212 032900;3146.25;3146.5;3146.25;3146.5;8
20191212 033000;3146.25;3146.5;3146.25;3146.5;30
20191212 033100;3146.5;3146.5;3146.25;3146.25;14
20191212 033200;3146.25;3146.25;3146.25;3146.25;24
20191212 033300;3146;3146.25;3146;3146.25;5
20191212 033500;3146.25;3146.25;3146;3146;44
20191212 033600;3146;3146;3145.75;3146;13
20191212 033700;3146;3146.25;3146;3146.25;30
20191212 033800;3146;3146;3146;3146;3
20191212 033900;3146;3146;3146;3146;7
20191212 034000;3146;3146;3145.75;3145.75;22
20191212 034200;3146;3146;3146;3146;1
20191212 034300;3146;3146;3146;3146;10
20191212 034400;3145.75;3145.75;3145.75;3145.75;6
20191212 034500;3145.75;3145.75;3145.75;3145.75;9
20191212 034600;3145.75;3145.75;3145.75;3145.75;9
20191212 034800;3146;3146;3145.5;3145.5;130
20191212 034900;3146;3146;3146;3146;16
20191212 035000;3146;3146.25;3146;3146.25;56
20191212 035200;3146.25;3146.25;3146.25;3146.25;7
20191212 035300;3146.25;3146.25;3146;3146;12
20191212 035400;3146;3146.25;3146;3146.25;6
20191212 035600;3146.5;3146.5;3146.5;3146.5;5
20191212 035700;3146.5;3146.5;3146.5;3146.5;2
20191212 035800;3146.5;3146.75;3146.5;3146.75;28
20191212 035900;3146.5;3146.5;3146.5;3146.5;26
20191212 040000;3146.5;3146.5;3146.5;3146.5;22
20191212 040100;3146.5;3146.5;3146.5;3146.5;5
20191212 040300;3146.25;3146.25;3146.25;3146.25;22
20191212 040400;3146.5;3146.5;3146.25;3146.25;2
20191212 040500;3146.25;3146.25;3146.25;3146.25;27
20191212 040900;3146.25;3146.25;3146.25;3146.25;40
20191212 041000;3146.25;3146.5;3146.25;3146.5;73
20191212 041200;3146.5;3146.5;3146.5;3146.5;4
20191212 041300;3146.5;3146.5;3146.5;3146.5;2
20191212 041400;3146.5;3146.5;3146.5;3146.5;5
20191212 041500;3146.5;3146.5;3146.5;3146.5;6
20191212 042000;3146.5;3146.5;3146.5;3146.5;7
20191212 042100;3146.25;3146.25;3146.25;3146.25;4
20191212 042200;3146.5;3146.5;3146.5;3146.5;9
20191212 042300;3146.5;3146.5;3146.25;3146.25;2
20191212 042400;3146.5;3146.5;3146.25;3146.25;34
20191212 042600;3146.25;3146.25;3146.25;3146.25;2
20191212 042700;3146.25;3146.25;3146.25;3146.25;3
20191212 042800;3146.25;3146.25;3146.25;3146.25;1
20191212 043000;3146.5;3146.75;3146.5;3146.75;6
20191212 043200;3146.5;3146.5;3146.5;3146.5;15
20191212 043700;3146.25;3146.5;3146.25;3146.5;46
20191212 044000;3146.5;3146.5;3146.5;3146.5;2
20191212 044100;3146.5;3146.5;3146.5;3146.5;21
20191212 044300;3146.5;3146.5;3146.5;3146.5;1
20191212 044400;3146.75;3146.75;3146.75;3146.75;1
20191212 044500;3146.5;3146.5;3146.5;3146.5;2
20191212 044600;3146.5;3146.5;3146.5;3146.5;1
20191212 044700;3146.75;3146.75;3146.75;3146.75;3
20191212 045000;3146.5;3146.5;3146.5;3146.5;52
20191212 045200;3146.75;3146.75;3146.5;3146.5;4
20191212 045800;3146.75;3146.75;3146.5;3146.5;6
20191212 045900;3146.5;3146.5;3146.5;3146.5;4
20191212 050000;3146.5;3146.5;3146.5;3146.5;3
20191212 050100;3146.25;3146.25;3146.25;3146.25;10
20191212 050200;3146;3146;3146;3146;1
20191212 050300;3146;3146;3146;3146;4
20191212 050500;3146;3146;3146;3146;26
20191212 050600;3145.75;3145.75;3145.5;3145.75;50
20191212 050700;3145.75;3145.75;3145.75;3145.75;34
20191212 050800;3145.75;3145.75;3145.75;3145.75;18
20191212 050900;3146;3146;3145.75;3145.75;12
20191212 051000;3145.75;3145.75;3145.75;3145.75;26
20191212 051100;3145.5;3146;3145.5;3146;9
20191212 051200;3145.75;3146;3145.75;3146;2
20191212 051300;3146;3146;3146;3146;26
20191212 051400;3146;3146;3146;3146;34
20191212 051500;3146;3146;3146;3146;18
20191212 051600;3146;3146.25;3146;3146.25;27
20191212 051700;3146.25;3146.25;3146.25;3146.25;37
20191212 051800;3146;3146;3145.75;3146;39
20191212 052100;3146.25;3146.25;3146;3146.25;14
20191212 052200;3146;3146;3146;3146;15
20191212 052400;3146;3146;3146;3146;3
20191212 052500;3146;3146;3146;3146;1
20191212 052600;3146;3146;3145.5;3145.75;27
20191212 052700;3145.5;3145.75;3145.5;3145.75;24
20191212 052800;3145.75;3145.75;3145.5;3145.75;20
20191212 052900;3145.75;3145.75;3145.75;3145.75;22
20191212 053000;3145.5;3145.5;3145.5;3145.5;2
20191212 053100;3145.5;3146;3145.5;3146;59
20191212 053200;3145.75;3145.75;3145.75;3145.75;42
20191212 053300;3145.75;3146;3145.75;3146;82
20191212 053400;3146.25;3146.25;3146.25;3146.25;1
20191212 053500;3146;3146;3146;3146;63
20191212 053600;3146.25;3146.25;3146.25;3146.25;2
20191212 053700;3146.25;3146.5;3146.25;3146.25;36
20191212 053800;3146.25;3146.25;3145.75;3145.75;18
20191212 053900;3145.75;3145.75;3145.75;3145.75;1
20191212 054000;3145.75;3145.75;3145.75;3145.75;13
20191212 054100;3145.5;3145.5;3145.5;3145.5;2
20191212 054200;3145.5;3145.5;3145.5;3145.5;48
20191212 054300;3145.5;3145.5;3145.5;3145.5;1
20191212 054400;3145.5;3145.5;3145.5;3145.5;2
20191212 054500;3145.5;3145.5;3145.5;3145.5;5
20191212 054600;3145.5;3145.5;3145.25;3145.5;54
20191212 054700;3145.5;3145.5;3145.5;3145.5;16
20191212 054800;3145.5;3145.5;3145.5;3145.5;31
20191212 054900;3145.5;3145.5;3145.5;3145.5;27
20191212 055100;3145.5;3145.5;3145.5;3145.5;30
20191212 055200;3145.75;3145.75;3145.75;3145.75;40
20191212 055300;3145.75;3145.75;3145.75;3145.75;1
20191212 055400;3145.75;3145.75;3145.75;3145.75;10
20191212 055500;3145.5;3145.5;3145.25;3145.5;28
20191212 055600;3145.5;3145.5;3145.5;3145.5;54
20191212 055700;3145.5;3145.5;3145.5;3145.5;72
20191212 055800;3145.25;3145.5;3145.25;3145.5;12
20191212 055900;3145.25;3145.5;3145.25;3145.25;54
20191212 060000;3145.25;3145.25;3145;3145;40
20191212 060100;3145.25;3145.5;3145.25;3145.25;56
20191212 060200;3145.5;3145.5;3145.5;3145.5;6
20191212 060300;3145.5;3145.5;3145.5;3145.5;40
20191212 060400;3145.75;3145.75;3145.25;3145.25;31
20191212 060500;3145.25;3145.5;3145.25;3145.25;63
20191212 060700;3145;3145;3144.75;3145;96
20191212 060800;3145;3145;3145;3145;36
20191212 060900;3145;3145;3145;3145;64
20191212 061000;3145;3145;3145;3145;10
20191212 061100;3145.25;3145.5;3145.25;3145.5;136
20191212 061200;3145.75;3146.25;3145.75;3146;34
20191212 061300;3146;3146;3146;3146;9
20191212 061400;3146;3146;3146;3146;32
20191212 061500;3146.25;3146.75;3146.25;3146.75;166
20191212 061600;3146.75;3147;3146.5;3146.5;81
20191212 061700;3146.5;3146.5;3146.5;3146.5;4
20191212 061800;3146.5;3146.5;3146.5;3146.5;2
20191212 061900;3146.75;3146.75;3146.75;3146.75;7
20191212 062000;3146.75;3146.75;3146.75;3146.75;1
20191212 062100;3146.5;3146.75;3146.5;3146.75;29
20191212 062200;3146.75;3147;3146.5;3146.75;87
20191212 062300;3146.5;3146.75;3146.5;3146.75;15
20191212 062400;3146.75;3147;3146.75;3146.75;47
20191212 062500;3146.75;3146.75;3146.75;3146.75;1
20191212 062600;3146.75;3147;3146.75;3147;29
20191212 062700;3147;3147;3146.5;3146.5;12
20191212 062800;3146.5;3146.5;3146.5;3146.5;11
20191212 062900;3146.5;3146.5;3146.5;3146.5;10
20191212 063000;3146.5;3146.5;3146.5;3146.5;1
20191212 063100;3146.5;3146.5;3146.5;3146.5;33
20191212 063300;3146.5;3146.5;3146.25;3146.25;2
20191212 063400;3146.25;3146.25;3146.25;3146.25;1
20191212 063600;3146.25;3146.25;3146.25;3146.25;16
20191212 063700;3146.25;3146.25;3146.25;3146.25;24
20191212 063800;3146.5;3146.5;3146.5;3146.5;3
20191212 063900;3146.25;3146.25;3146.25;3146.25;1
20191212 064000;3146.5;3146.5;3146.5;3146.5;21
20191212 064100;3146.5;3146.75;3146.25;3146.75;35
20191212 064200;3146.75;3146.75;3146.75;3146.75;2
20191212 064300;3146.75;3146.75;3146.75;3146.75;1
20191212 064600;3146.75;3146.75;3146.75;3146.75;13
20191212 064700;3146.75;3146.75;3146.75;3146.75;9
20191212 064800;3147;3147;3147;3147;5
20191212 064900;3147;3147;3147;3147;1
20191212 065000;3147;3147.25;3147;3147.25;93
20191212 065100;3147.25;3147.25;3147.25;3147.25;73
20191212 065200;3147.25;3147.25;3147.25;3147.25;2
20191212 065300;3147.25;3147.25;3147.25;3147.25;47
20191212 065400;3147.25;3147.5;3147.25;3147.25;60
20191212 065500;3147.5;3147.5;3147.5;3147.5;2
20191212 065600;3147.25;3147.25;3147.25;3147.25;4
20191212 065700;3147;3147;3147;3147;1
20191212 065800;3147.25;3147.25;3147;3147;30
20191212 065900;3147;3147.25;3147;3147.25;8
20191212 070000;3147.25;3147.25;3147;3147;15
20191212 070100;3146.75;3146.75;3146.5;3146.5;29
20191212 070200;3146.5;3146.75;3146.5;3146.75;114
20191212 070300;3146.75;3146.75;3146.75;3146.75;4
20191212 070400;3146.75;3146.75;3146.75;3146.75;12
20191212 070500;3146.75;3146.75;3146.5;3146.5;27
20191212 070600;3146.75;3146.75;3146.5;3146.5;31
20191212 070700;3146.25;3146.25;3146.25;3146.25;26
20191212 070800;3146.25;3146.75;3146.25;3146.75;38
20191212 070900;3146.5;3146.75;3146.5;3146.75;16
20191212 071000;3147;3147;3146.75;3146.75;28
20191212 071100;3146.75;3146.75;3146.75;3146.75;44
20191212 071200;3146.75;3147.25;3146.75;3147;24
20191212 071300;3147;3147;3147;3147;25
20191212 071400;3147;3147;3147;3147;45
20191212 071500;3147;3147;3147;3147;15
20191212 071600;3147.25;3147.5;3147.25;3147.25;24
20191212 071800;3147;3147.25;3147;3147;36
20191212 071900;3146.75;3146.75;3146;3146.25;104
20191212 072000;3146;3146.25;3146;3146.25;37
20191212 072100;3146;3146;3146;3146;2
20191212 072200;3146.25;3146.5;3146.25;3146.25;13
20191212 072400;3146.25;3146.25;3146.25;3146.25;11
20191212 072500;3146.25;3146.25;3146.25;3146.25;75
20191212 072600;3146.25;3146.5;3146.25;3146.5;40
20191212 072700;3146.5;3146.5;3146.5;3146.5;7
20191212 072800;3146.5;3146.75;3146.5;3146.5;20
20191212 072900;3146.5;3146.5;3146.5;3146.5;28
20191212 073000;3146.5;3146.5;3146;3146;46
20191212 073100;3146.25;3146.25;3145.75;3146;124
20191212 073200;3145.75;3146;3145.75;3146;32
20191212 073300;3146.25;3146.25;3146;3146;33
20191212 073400;3146;3146;3145.75;3145.75;60
20191212 073500;3146;3146;3146;3146;45
20191212 073600;3146.25;3146.25;3146;3146;18
20191212 073700;3146;3146;3145.75;3146;56
20191212 073800;3146;3146.5;3146;3146.25;136
20191212 073900;3146;3146.25;3146;3146.25;22
20191212 074000;3146.25;3146.5;3146.25;3146.5;79
20191212 074100;3146.75;3147;3146.75;3146.75;58
20191212 074200;3147;3147;3146.75;3146.75;29
20191212 074300;3146.75;3146.75;3146.75;3146.75;14
20191212 074400;3146.75;3146.75;3146.25;3146.5;88
20191212 074500;3146.5;3146.5;3146.5;3146.5;2
20191212 074600;3146.25;3146.25;3145.75;3146;39
20191212 074700;3146;3146.25;3146;3146.25;22
20191212 074800;3146;3146;3146;3146;2
20191212 074900;3146;3146.25;3146;3146;66
20191212 075000;3146;3146.25;3146;3146;34
20191212 075100;3146;3146;3145.75;3146;53
20191212 075300;3146;3146.25;3146;3146.25;56
20191212 075400;3146.5;3146.5;3146;3146.5;41
20191212 075500;3146.25;3146.5;3146.25;3146.25;43
20191212 075600;3146.25;3146.5;3146.25;3146.25;27
20191212 075700;3146.25;3146.25;3146;3146;9
20191212 075800;3146;3146.25;3145.5;3145.5;75
20191212 075900;3145.25;3145.75;3145;3145.5;116
20191212 080000;3145.75;3146.25;3145.75;3146;45
